#2026 09 16 09:53:30.229#Z#DEBUG#52171575-b1b4-11f1-bf33-eeee0a8e3dbc.incident-management-db-deployer#flowable-async-job-executor-thread-12417#
[PollStageAppStatusExecution] 027cc582-38ad-4b77-9ea4-3df5d0ff7569 [2026-09-16T09:52:45.080141] Added process: "web" (STDOUT, API)#
#2026 09 16 09:53:30.229#Z#DEBUG#52171575-b1b4-11f1-bf33-eeee0a8e3dbc.incident-management-db-deployer#flowable-async-job-executor-thread-12417#
[PollStageAppStatusExecution] 027cc582-38ad-4b77-9ea4-3df5d0ff7569 [2026-09-16T09:52:45.088913] Created app with guid 027cc582-38ad-4b77-9ea4-3df5d0ff7569 (STDOUT, API)#
#2026 09 16 09:53:30.229#Z#DEBUG#52171575-b1b4-11f1-bf33-eeee0a8e3dbc.incident-management-db-deployer#flowable-async-job-executor-thread-12417#
[PollStageAppStatusExecution] 027cc582-38ad-4b77-9ea4-3df5d0ff7569 [2026-09-16T09:52:45.158838] Updating process: "web" (STDOUT, API)#
#2026 09 16 09:53:30.229#Z#DEBUG#52171575-b1b4-11f1-bf33-eeee0a8e3dbc.incident-management-db-deployer#flowable-async-job-executor-thread-12417#
[PollStageAppStatusExecution] 027cc582-38ad-4b77-9ea4-3df5d0ff7569 [2026-09-16T09:52:45.228210] Scaling process: "web" (STDOUT, API)#
#2026 09 16 09:53:30.229#Z#DEBUG#52171575-b1b4-11f1-bf33-eeee0a8e3dbc.incident-management-db-deployer#flowable-async-job-executor-thread-12417#
[PollStageAppStatusExecution] 027cc582-38ad-4b77-9ea4-3df5d0ff7569 [2026-09-16T09:53:10.268751] Uploading app package for app with guid 027cc582-38ad-4b77-9ea4-3df5d0ff7569 (STDOUT, API)#
#2026 09 16 09:53:30.229#Z#DEBUG#52171575-b1b4-11f1-bf33-eeee0a8e3dbc.incident-management-db-deployer#flowable-async-job-executor-thread-12417#
[PollStageAppStatusExecution] 027cc582-38ad-4b77-9ea4-3df5d0ff7569 [2026-09-16T09:53:10.467123] Updated app with guid 027cc582-38ad-4b77-9ea4-3df5d0ff7569 ({"environment_variables"=>"[PRIVATE DATA HIDDEN]"}) (STDOUT, API)#
#2026 09 16 09:53:30.229#Z#DEBUG#52171575-b1b4-11f1-bf33-eeee0a8e3dbc.incident-management-db-deployer#flowable-async-job-executor-thread-12417#
[PollStageAppStatusExecution] 027cc582-38ad-4b77-9ea4-3df5d0ff7569 [2026-09-16T09:53:20.377940] Creating build for app with guid 027cc582-38ad-4b77-9ea4-3df5d0ff7569 (STDOUT, API)#
#2026 09 16 09:53:30.229#Z#DEBUG#52171575-b1b4-11f1-bf33-eeee0a8e3dbc.incident-management-db-deployer#flowable-async-job-executor-thread-12417#
[PollStageAppStatusExecution] 027cc582-38ad-4b77-9ea4-3df5d0ff7569 [2026-09-16T09:53:20.773030] Downloading nodejs_buildpack... (STDOUT, STG)#
#2026 09 16 09:53:30.229#Z#DEBUG#52171575-b1b4-11f1-bf33-eeee0a8e3dbc.incident-management-db-deployer#flowable-async-job-executor-thread-12417#
[PollStageAppStatusExecution] 027cc582-38ad-4b77-9ea4-3df5d0ff7569 [2026-09-16T09:53:20.810979] Downloaded nodejs_buildpack (STDOUT, STG)#
#2026 09 16 09:53:30.229#Z#DEBUG#52171575-b1b4-11f1-bf33-eeee0a8e3dbc.incident-management-db-deployer#flowable-async-job-executor-thread-12417#
[PollStageAppStatusExecution] 027cc582-38ad-4b77-9ea4-3df5d0ff7569 [2026-09-16T09:53:20.811076] Cell 77283d80-dfa7-40ba-ba4e-265aef112085 creating container for instance a7a5c3d4-d673-4e4a-a0aa-dd368c9babd2 (STDOUT, STG)#
#2026 09 16 09:53:30.229#Z#DEBUG#52171575-b1b4-11f1-bf33-eeee0a8e3dbc.incident-management-db-deployer#flowable-async-job-executor-thread-12417#
[PollStageAppStatusExecution] 027cc582-38ad-4b77-9ea4-3df5d0ff7569 [2026-09-16T09:53:21.680946] Security group rules were updated (STDOUT, STG)#
#2026 09 16 09:53:30.229#Z#DEBUG#52171575-b1b4-11f1-bf33-eeee0a8e3dbc.incident-management-db-deployer#flowable-async-job-executor-thread-12417#
[PollStageAppStatusExecution] 027cc582-38ad-4b77-9ea4-3df5d0ff7569 [2026-09-16T09:53:21.785731] Cell 77283d80-dfa7-40ba-ba4e-265aef112085 successfully created container for instance a7a5c3d4-d673-4e4a-a0aa-dd368c9babd2 (STDOUT, STG)#
#2026 09 16 09:53:30.229#Z#DEBUG#52171575-b1b4-11f1-bf33-eeee0a8e3dbc.incident-management-db-deployer#flowable-async-job-executor-thread-12417#
[PollStageAppStatusExecution] 027cc582-38ad-4b77-9ea4-3df5d0ff7569 [2026-09-16T09:53:22.444076] Downloading app package... (STDOUT, STG)#
#2026 09 16 09:53:30.229#Z#DEBUG#52171575-b1b4-11f1-bf33-eeee0a8e3dbc.incident-management-db-deployer#flowable-async-job-executor-thread-12417#
[PollStageAppStatusExecution] 027cc582-38ad-4b77-9ea4-3df5d0ff7569 [2026-09-16T09:53:22.762420] Downloaded app package (2.3M) (STDOUT, STG)#
#2026 09 16 09:53:30.229#Z#DEBUG#52171575-b1b4-11f1-bf33-eeee0a8e3dbc.incident-management-db-deployer#flowable-async-job-executor-thread-12417#
[PollStageAppStatusExecution] 027cc582-38ad-4b77-9ea4-3df5d0ff7569 [2026-09-16T09:53:22.894092] -----> Nodejs Buildpack version 1.9.3 (STDOUT, STG)#
#2026 09 16 09:53:30.229#Z#DEBUG#52171575-b1b4-11f1-bf33-eeee0a8e3dbc.incident-management-db-deployer#flowable-async-job-executor-thread-12417#
[PollStageAppStatusExecution] 027cc582-38ad-4b77-9ea4-3df5d0ff7569 [2026-09-16T09:53:23.070005] -----> Bootstrapping python (STDOUT, STG)#
#2026 09 16 09:53:30.229#Z#DEBUG#52171575-b1b4-11f1-bf33-eeee0a8e3dbc.incident-management-db-deployer#flowable-async-job-executor-thread-12417#
[PollStageAppStatusExecution] 027cc582-38ad-4b77-9ea4-3df5d0ff7569 [2026-09-16T09:53:23.070311] -----> Installing python 3.13.14 (STDOUT, STG)#
#2026 09 16 09:53:30.229#Z#DEBUG#52171575-b1b4-11f1-bf33-eeee0a8e3dbc.incident-management-db-deployer#flowable-async-job-executor-thread-12417#
[PollStageAppStatusExecution] 027cc582-38ad-4b77-9ea4-3df5d0ff7569 [2026-09-16T09:53:23.070464] Copy [/tmp/buildpacks/336fb825d4d72bff/dependencies/4b4266a2ff36730aef37b88b668ca327/python_3.13.14_linux_x64_cflinuxfs4_b80d4954.tgz] (STDOUT, STG)#
#2026 09 16 09:53:30.229#Z#DEBUG#52171575-b1b4-11f1-bf33-eeee0a8e3dbc.incident-management-db-deployer#flowable-async-job-executor-thread-12417#
[PollStageAppStatusExecution] 027cc582-38ad-4b77-9ea4-3df5d0ff7569 [2026-09-16T09:53:27.763380] -----> Installing binaries (STDOUT, STG)#
#2026 09 16 09:53:30.229#Z#DEBUG#52171575-b1b4-11f1-bf33-eeee0a8e3dbc.incident-management-db-deployer#flowable-async-job-executor-thread-12417#
[PollStageAppStatusExecution] 027cc582-38ad-4b77-9ea4-3df5d0ff7569 [2026-09-16T09:53:27.763515] engines.node (package.json): ^24 (STDOUT, STG)#
#2026 09 16 09:53:30.229#Z#DEBUG#52171575-b1b4-11f1-bf33-eeee0a8e3dbc.incident-management-db-deployer#flowable-async-job-executor-thread-12417#
[PollStageAppStatusExecution] 027cc582-38ad-4b77-9ea4-3df5d0ff7569 [2026-09-16T09:53:27.763621] engines.npm (package.json): unspecified (use default) (STDOUT, STG)#
#2026 09 16 09:53:30.229#Z#DEBUG#52171575-b1b4-11f1-bf33-eeee0a8e3dbc.incident-management-db-deployer#flowable-async-job-executor-thread-12417#
[PollStageAppStatusExecution] 027cc582-38ad-4b77-9ea4-3df5d0ff7569 [2026-09-16T09:53:27.763664] -----> Installing node 24.18.0 (STDOUT, STG)#
#2026 09 16 09:53:30.229#Z#DEBUG#52171575-b1b4-11f1-bf33-eeee0a8e3dbc.incident-management-db-deployer#flowable-async-job-executor-thread-12417#
[PollStageAppStatusExecution] 027cc582-38ad-4b77-9ea4-3df5d0ff7569 [2026-09-16T09:53:27.763853] Copy [/tmp/buildpacks/336fb825d4d72bff/dependencies/dffbbb835fcd073c4544f78eb6247fac/node_24.18.0_linux_x64_cflinuxfs4_cdfed650.tgz] (STDOUT, STG)#
#2026 09 16 09:53:40.276#Z#DEBUG#52171575-b1b4-11f1-bf33-eeee0a8e3dbc.incident-management-db-deployer#flowable-async-job-executor-thread-15198#
[PollStageAppStatusExecution] 027cc582-38ad-4b77-9ea4-3df5d0ff7569 [2026-09-16T09:53:30.467629] Using default npm version: 11.16.0 (STDOUT, STG)#
#2026 09 16 09:53:40.276#Z#DEBUG#52171575-b1b4-11f1-bf33-eeee0a8e3dbc.incident-management-db-deployer#flowable-async-job-executor-thread-15198#
[PollStageAppStatusExecution] 027cc582-38ad-4b77-9ea4-3df5d0ff7569 [2026-09-16T09:53:30.467667] -----> Installing yarn 1.22.22 (STDOUT, STG)#
#2026 09 16 09:53:40.276#Z#DEBUG#52171575-b1b4-11f1-bf33-eeee0a8e3dbc.incident-management-db-deployer#flowable-async-job-executor-thread-15198#
[PollStageAppStatusExecution] 027cc582-38ad-4b77-9ea4-3df5d0ff7569 [2026-09-16T09:53:30.467787] Copy [/tmp/buildpacks/336fb825d4d72bff/dependencies/e4fe26756e9984a665478d350474fa2e/yarn_1.22.22_linux_noarch_any-stack_b6132b86.tgz] (STDOUT, STG)#
#2026 09 16 09:53:40.276#Z#DEBUG#52171575-b1b4-11f1-bf33-eeee0a8e3dbc.incident-management-db-deployer#flowable-async-job-executor-thread-15198#
[PollStageAppStatusExecution] 027cc582-38ad-4b77-9ea4-3df5d0ff7569 [2026-09-16T09:53:30.849390] Installed yarn 1.22.22 (STDOUT, STG)#
#2026 09 16 09:53:40.276#Z#DEBUG#52171575-b1b4-11f1-bf33-eeee0a8e3dbc.incident-management-db-deployer#flowable-async-job-executor-thread-15198#
[PollStageAppStatusExecution] 027cc582-38ad-4b77-9ea4-3df5d0ff7569 [2026-09-16T09:53:30.849425] -----> Creating runtime environment (STDOUT, STG)#
#2026 09 16 09:53:40.276#Z#DEBUG#52171575-b1b4-11f1-bf33-eeee0a8e3dbc.incident-management-db-deployer#flowable-async-job-executor-thread-15198#
[PollStageAppStatusExecution] 027cc582-38ad-4b77-9ea4-3df5d0ff7569 [2026-09-16T09:53:30.852038] NODE_ENV=production (STDOUT, STG)#
#2026 09 16 09:53:40.276#Z#DEBUG#52171575-b1b4-11f1-bf33-eeee0a8e3dbc.incident-management-db-deployer#flowable-async-job-executor-thread-15198#
[PollStageAppStatusExecution] 027cc582-38ad-4b77-9ea4-3df5d0ff7569 [2026-09-16T09:53:30.852067] NODE_HOME=/tmp/contents2733677474/deps/0/node (STDOUT, STG)#
#2026 09 16 09:53:40.276#Z#DEBUG#52171575-b1b4-11f1-bf33-eeee0a8e3dbc.incident-management-db-deployer#flowable-async-job-executor-thread-15198#
[PollStageAppStatusExecution] 027cc582-38ad-4b77-9ea4-3df5d0ff7569 [2026-09-16T09:53:30.852303] NODE_MODULES_CACHE=true (STDOUT, STG)#
#2026 09 16 09:53:40.276#Z#DEBUG#52171575-b1b4-11f1-bf33-eeee0a8e3dbc.incident-management-db-deployer#flowable-async-job-executor-thread-15198#
[PollStageAppStatusExecution] 027cc582-38ad-4b77-9ea4-3df5d0ff7569 [2026-09-16T09:53:30.852328] NODE_VERBOSE=false (STDOUT, STG)#
#2026 09 16 09:53:40.276#Z#DEBUG#52171575-b1b4-11f1-bf33-eeee0a8e3dbc.incident-management-db-deployer#flowable-async-job-executor-thread-15198#
[PollStageAppStatusExecution] 027cc582-38ad-4b77-9ea4-3df5d0ff7569 [2026-09-16T09:53:30.852451] NPM_CONFIG_LOGLEVEL=error (STDOUT, STG)#
#2026 09 16 09:53:40.276#Z#DEBUG#52171575-b1b4-11f1-bf33-eeee0a8e3dbc.incident-management-db-deployer#flowable-async-job-executor-thread-15198#
[PollStageAppStatusExecution] 027cc582-38ad-4b77-9ea4-3df5d0ff7569 [2026-09-16T09:53:30.852539] NPM_CONFIG_PRODUCTION=true (STDOUT, STG)#
#2026 09 16 09:53:40.276#Z#DEBUG#52171575-b1b4-11f1-bf33-eeee0a8e3dbc.incident-management-db-deployer#flowable-async-job-executor-thread-15198#
[PollStageAppStatusExecution] 027cc582-38ad-4b77-9ea4-3df5d0ff7569 [2026-09-16T09:53:30.852625] -----> Building dependencies (STDOUT, STG)#
#2026 09 16 09:53:40.276#Z#DEBUG#52171575-b1b4-11f1-bf33-eeee0a8e3dbc.incident-management-db-deployer#flowable-async-job-executor-thread-15198#
[PollStageAppStatusExecution] 027cc582-38ad-4b77-9ea4-3df5d0ff7569 [2026-09-16T09:53:30.852675] Prebuild detected (node_modules already exists) (STDOUT, STG)#
#2026 09 16 09:53:40.276#Z#DEBUG#52171575-b1b4-11f1-bf33-eeee0a8e3dbc.incident-management-db-deployer#flowable-async-job-executor-thread-15198#
[PollStageAppStatusExecution] 027cc582-38ad-4b77-9ea4-3df5d0ff7569 [2026-09-16T09:53:30.852716] Rebuilding any native modules (STDOUT, STG)#
#2026 09 16 09:53:40.276#Z#DEBUG#52171575-b1b4-11f1-bf33-eeee0a8e3dbc.incident-management-db-deployer#flowable-async-job-executor-thread-15198#
[PollStageAppStatusExecution] 027cc582-38ad-4b77-9ea4-3df5d0ff7569 [2026-09-16T09:53:31.526346] rebuilt dependencies successfully (STDOUT, STG)#
#2026 09 16 09:53:40.276#Z#DEBUG#52171575-b1b4-11f1-bf33-eeee0a8e3dbc.incident-management-db-deployer#flowable-async-job-executor-thread-15198#
[PollStageAppStatusExecution] 027cc582-38ad-4b77-9ea4-3df5d0ff7569 [2026-09-16T09:53:31.590549] Installing any new modules (package.json + package-lock.json) (STDOUT, STG)#
#2026 09 16 09:53:40.276#Z#DEBUG#52171575-b1b4-11f1-bf33-eeee0a8e3dbc.incident-management-db-deployer#flowable-async-job-executor-thread-15198#
[PollStageAppStatusExecution] 027cc582-38ad-4b77-9ea4-3df5d0ff7569 [2026-09-16T09:53:32.147192] up to date in 465ms (STDOUT, STG)#
#2026 09 16 09:53:40.276#Z#DEBUG#52171575-b1b4-11f1-bf33-eeee0a8e3dbc.incident-management-db-deployer#flowable-async-job-executor-thread-15198#
[PollStageAppStatusExecution] 027cc582-38ad-4b77-9ea4-3df5d0ff7569 [2026-09-16T09:53:32.147691] 4 packages are looking for funding (STDOUT, STG)#
#2026 09 16 09:53:40.276#Z#DEBUG#52171575-b1b4-11f1-bf33-eeee0a8e3dbc.incident-management-db-deployer#flowable-async-job-executor-thread-15198#
[PollStageAppStatusExecution] 027cc582-38ad-4b77-9ea4-3df5d0ff7569 [2026-09-16T09:53:32.147803] run `npm fund` for details (STDOUT, STG)#
#2026 09 16 09:53:40.276#Z#DEBUG#52171575-b1b4-11f1-bf33-eeee0a8e3dbc.incident-management-db-deployer#flowable-async-job-executor-thread-15198#
[PollStageAppStatusExecution] 027cc582-38ad-4b77-9ea4-3df5d0ff7569 [2026-09-16T09:53:32.820931] Contrast Security no credentials found. Will not write environment files. (STDOUT, STG)#
#2026 09 16 09:53:50.434#Z#DEBUG#52171575-b1b4-11f1-bf33-eeee0a8e3dbc.incident-management-db-deployer#flowable-async-job-executor-thread-13401#
[PollStageAppStatusExecution] 027cc582-38ad-4b77-9ea4-3df5d0ff7569 [2026-09-16T09:53:42.367526] Exit status 0 (STDOUT, STG)#
#2026 09 16 09:53:50.434#Z#DEBUG#52171575-b1b4-11f1-bf33-eeee0a8e3dbc.incident-management-db-deployer#flowable-async-job-executor-thread-13401#
[PollStageAppStatusExecution] 027cc582-38ad-4b77-9ea4-3df5d0ff7569 [2026-09-16T09:53:42.367588] Uploading droplet, build artifacts cache... (STDOUT, STG)#
#2026 09 16 09:53:50.434#Z#DEBUG#52171575-b1b4-11f1-bf33-eeee0a8e3dbc.incident-management-db-deployer#flowable-async-job-executor-thread-13401#
[PollStageAppStatusExecution] 027cc582-38ad-4b77-9ea4-3df5d0ff7569 [2026-09-16T09:53:42.367632] Uploading droplet... (STDOUT, STG)#
#2026 09 16 09:53:50.434#Z#DEBUG#52171575-b1b4-11f1-bf33-eeee0a8e3dbc.incident-management-db-deployer#flowable-async-job-executor-thread-13401#
[PollStageAppStatusExecution] 027cc582-38ad-4b77-9ea4-3df5d0ff7569 [2026-09-16T09:53:42.367698] Uploading build artifacts cache... (STDOUT, STG)#
#2026 09 16 09:53:50.434#Z#DEBUG#52171575-b1b4-11f1-bf33-eeee0a8e3dbc.incident-management-db-deployer#flowable-async-job-executor-thread-13401#
[PollStageAppStatusExecution] 027cc582-38ad-4b77-9ea4-3df5d0ff7569 [2026-09-16T09:53:42.397472] Uploaded build artifacts cache (216B) (STDOUT, STG)#
#2026 09 16 09:53:50.434#Z#DEBUG#52171575-b1b4-11f1-bf33-eeee0a8e3dbc.incident-management-db-deployer#flowable-async-job-executor-thread-13401#
[PollStageAppStatusExecution] 027cc582-38ad-4b77-9ea4-3df5d0ff7569 [2026-09-16T09:53:43.132774] Creating droplet for app with guid 027cc582-38ad-4b77-9ea4-3df5d0ff7569 (STDOUT, API)#
#2026 09 16 09:53:50.434#Z#DEBUG#52171575-b1b4-11f1-bf33-eeee0a8e3dbc.incident-management-db-deployer#flowable-async-job-executor-thread-13401#
[PollStageAppStatusExecution] 027cc582-38ad-4b77-9ea4-3df5d0ff7569 [2026-09-16T09:53:45.200028] Uploaded droplet (59.2M) (STDOUT, STG)#
#2026 09 16 09:53:50.434#Z#DEBUG#52171575-b1b4-11f1-bf33-eeee0a8e3dbc.incident-management-db-deployer#flowable-async-job-executor-thread-13401#
[PollStageAppStatusExecution] 027cc582-38ad-4b77-9ea4-3df5d0ff7569 [2026-09-16T09:53:45.227411] Uploading complete (STDOUT, STG)#
#2026 09 16 09:53:50.434#Z#DEBUG#52171575-b1b4-11f1-bf33-eeee0a8e3dbc.incident-management-db-deployer#flowable-async-job-executor-thread-13401#
[PollStageAppStatusExecution] 027cc582-38ad-4b77-9ea4-3df5d0ff7569 [2026-09-16T09:53:45.554813] Cell 77283d80-dfa7-40ba-ba4e-265aef112085 stopping instance a7a5c3d4-d673-4e4a-a0aa-dd368c9babd2 (STDOUT, STG)#
#2026 09 16 09:53:50.434#Z#DEBUG#52171575-b1b4-11f1-bf33-eeee0a8e3dbc.incident-management-db-deployer#flowable-async-job-executor-thread-13401#
[PollStageAppStatusExecution] 027cc582-38ad-4b77-9ea4-3df5d0ff7569 [2026-09-16T09:53:45.554854] Cell 77283d80-dfa7-40ba-ba4e-265aef112085 destroying container for instance a7a5c3d4-d673-4e4a-a0aa-dd368c9babd2 (STDOUT, STG)#
#2026 09 16 09:53:50.434#Z#DEBUG#52171575-b1b4-11f1-bf33-eeee0a8e3dbc.incident-management-db-deployer#flowable-async-job-executor-thread-13401#
[PollStageAppStatusExecution] 027cc582-38ad-4b77-9ea4-3df5d0ff7569 [2026-09-16T09:53:45.601462] Staging complete for build a7a5c3d4-d673-4e4a-a0aa-dd368c9babd2 (STDOUT, API)#
#2026 09 16 09:53:50.434#Z#DEBUG#52171575-b1b4-11f1-bf33-eeee0a8e3dbc.incident-management-db-deployer#flowable-async-job-executor-thread-13401#
[PollStageAppStatusExecution] 027cc582-38ad-4b77-9ea4-3df5d0ff7569 [2026-09-16T09:53:48.056072] Cell 77283d80-dfa7-40ba-ba4e-265aef112085 successfully destroyed container for instance a7a5c3d4-d673-4e4a-a0aa-dd368c9babd2 (STDOUT, STG)#
#2026 09 16 09:54:00.459#Z#DEBUG#52171575-b1b4-11f1-bf33-eeee0a8e3dbc.incident-management-db-deployer#flowable-async-job-executor-thread-12441#
[PollExecuteTaskStatusExecution] 027cc582-38ad-4b77-9ea4-3df5d0ff7569 [2026-09-16T09:52:45.080141] Added process: "web" (STDOUT, API)#
#2026 09 16 09:54:00.459#Z#DEBUG#52171575-b1b4-11f1-bf33-eeee0a8e3dbc.incident-management-db-deployer#flowable-async-job-executor-thread-12441#
[PollExecuteTaskStatusExecution] 027cc582-38ad-4b77-9ea4-3df5d0ff7569 [2026-09-16T09:52:45.088913] Created app with guid 027cc582-38ad-4b77-9ea4-3df5d0ff7569 (STDOUT, API)#
#2026 09 16 09:54:00.459#Z#DEBUG#52171575-b1b4-11f1-bf33-eeee0a8e3dbc.incident-management-db-deployer#flowable-async-job-executor-thread-12441#
[PollExecuteTaskStatusExecution] 027cc582-38ad-4b77-9ea4-3df5d0ff7569 [2026-09-16T09:52:45.158838] Updating process: "web" (STDOUT, API)#
#2026 09 16 09:54:00.459#Z#DEBUG#52171575-b1b4-11f1-bf33-eeee0a8e3dbc.incident-management-db-deployer#flowable-async-job-executor-thread-12441#
[PollExecuteTaskStatusExecution] 027cc582-38ad-4b77-9ea4-3df5d0ff7569 [2026-09-16T09:52:45.228210] Scaling process: "web" (STDOUT, API)#
#2026 09 16 09:54:00.459#Z#DEBUG#52171575-b1b4-11f1-bf33-eeee0a8e3dbc.incident-management-db-deployer#flowable-async-job-executor-thread-12441#
[PollExecuteTaskStatusExecution] 027cc582-38ad-4b77-9ea4-3df5d0ff7569 [2026-09-16T09:53:10.268751] Uploading app package for app with guid 027cc582-38ad-4b77-9ea4-3df5d0ff7569 (STDOUT, API)#
#2026 09 16 09:54:00.459#Z#DEBUG#52171575-b1b4-11f1-bf33-eeee0a8e3dbc.incident-management-db-deployer#flowable-async-job-executor-thread-12441#
[PollExecuteTaskStatusExecution] 027cc582-38ad-4b77-9ea4-3df5d0ff7569 [2026-09-16T09:53:10.467123] Updated app with guid 027cc582-38ad-4b77-9ea4-3df5d0ff7569 ({"environment_variables"=>"[PRIVATE DATA HIDDEN]"}) (STDOUT, API)#
#2026 09 16 09:54:00.459#Z#DEBUG#52171575-b1b4-11f1-bf33-eeee0a8e3dbc.incident-management-db-deployer#flowable-async-job-executor-thread-12441#
[PollExecuteTaskStatusExecution] 027cc582-38ad-4b77-9ea4-3df5d0ff7569 [2026-09-16T09:53:20.377940] Creating build for app with guid 027cc582-38ad-4b77-9ea4-3df5d0ff7569 (STDOUT, API)#
#2026 09 16 09:54:00.459#Z#DEBUG#52171575-b1b4-11f1-bf33-eeee0a8e3dbc.incident-management-db-deployer#flowable-async-job-executor-thread-12441#
[PollExecuteTaskStatusExecution] 027cc582-38ad-4b77-9ea4-3df5d0ff7569 [2026-09-16T09:53:20.773030] Downloading nodejs_buildpack... (STDOUT, STG)#
#2026 09 16 09:54:00.459#Z#DEBUG#52171575-b1b4-11f1-bf33-eeee0a8e3dbc.incident-management-db-deployer#flowable-async-job-executor-thread-12441#
[PollExecuteTaskStatusExecution] 027cc582-38ad-4b77-9ea4-3df5d0ff7569 [2026-09-16T09:53:20.810979] Downloaded nodejs_buildpack (STDOUT, STG)#
#2026 09 16 09:54:00.459#Z#DEBUG#52171575-b1b4-11f1-bf33-eeee0a8e3dbc.incident-management-db-deployer#flowable-async-job-executor-thread-12441#
[PollExecuteTaskStatusExecution] 027cc582-38ad-4b77-9ea4-3df5d0ff7569 [2026-09-16T09:53:20.811076] Cell 77283d80-dfa7-40ba-ba4e-265aef112085 creating container for instance a7a5c3d4-d673-4e4a-a0aa-dd368c9babd2 (STDOUT, STG)#
#2026 09 16 09:54:00.459#Z#DEBUG#52171575-b1b4-11f1-bf33-eeee0a8e3dbc.incident-management-db-deployer#flowable-async-job-executor-thread-12441#
[PollExecuteTaskStatusExecution] 027cc582-38ad-4b77-9ea4-3df5d0ff7569 [2026-09-16T09:53:21.680946] Security group rules were updated (STDOUT, STG)#
#2026 09 16 09:54:00.459#Z#DEBUG#52171575-b1b4-11f1-bf33-eeee0a8e3dbc.incident-management-db-deployer#flowable-async-job-executor-thread-12441#
[PollExecuteTaskStatusExecution] 027cc582-38ad-4b77-9ea4-3df5d0ff7569 [2026-09-16T09:53:21.785731] Cell 77283d80-dfa7-40ba-ba4e-265aef112085 successfully created container for instance a7a5c3d4-d673-4e4a-a0aa-dd368c9babd2 (STDOUT, STG)#
#2026 09 16 09:54:00.459#Z#DEBUG#52171575-b1b4-11f1-bf33-eeee0a8e3dbc.incident-management-db-deployer#flowable-async-job-executor-thread-12441#
[PollExecuteTaskStatusExecution] 027cc582-38ad-4b77-9ea4-3df5d0ff7569 [2026-09-16T09:53:22.444076] Downloading app package... (STDOUT, STG)#
#2026 09 16 09:54:00.460#Z#DEBUG#52171575-b1b4-11f1-bf33-eeee0a8e3dbc.incident-management-db-deployer#flowable-async-job-executor-thread-12441#
[PollExecuteTaskStatusExecution] 027cc582-38ad-4b77-9ea4-3df5d0ff7569 [2026-09-16T09:53:22.762420] Downloaded app package (2.3M) (STDOUT, STG)#
#2026 09 16 09:54:00.460#Z#DEBUG#52171575-b1b4-11f1-bf33-eeee0a8e3dbc.incident-management-db-deployer#flowable-async-job-executor-thread-12441#
[PollExecuteTaskStatusExecution] 027cc582-38ad-4b77-9ea4-3df5d0ff7569 [2026-09-16T09:53:22.894092] -----> Nodejs Buildpack version 1.9.3 (STDOUT, STG)#
#2026 09 16 09:54:00.460#Z#DEBUG#52171575-b1b4-11f1-bf33-eeee0a8e3dbc.incident-management-db-deployer#flowable-async-job-executor-thread-12441#
[PollExecuteTaskStatusExecution] 027cc582-38ad-4b77-9ea4-3df5d0ff7569 [2026-09-16T09:53:23.070005] -----> Bootstrapping python (STDOUT, STG)#
#2026 09 16 09:54:00.460#Z#DEBUG#52171575-b1b4-11f1-bf33-eeee0a8e3dbc.incident-management-db-deployer#flowable-async-job-executor-thread-12441#
[PollExecuteTaskStatusExecution] 027cc582-38ad-4b77-9ea4-3df5d0ff7569 [2026-09-16T09:53:23.070311] -----> Installing python 3.13.14 (STDOUT, STG)#
#2026 09 16 09:54:00.460#Z#DEBUG#52171575-b1b4-11f1-bf33-eeee0a8e3dbc.incident-management-db-deployer#flowable-async-job-executor-thread-12441#
[PollExecuteTaskStatusExecution] 027cc582-38ad-4b77-9ea4-3df5d0ff7569 [2026-09-16T09:53:23.070464] Copy [/tmp/buildpacks/336fb825d4d72bff/dependencies/4b4266a2ff36730aef37b88b668ca327/python_3.13.14_linux_x64_cflinuxfs4_b80d4954.tgz] (STDOUT, STG)#
#2026 09 16 09:54:00.460#Z#DEBUG#52171575-b1b4-11f1-bf33-eeee0a8e3dbc.incident-management-db-deployer#flowable-async-job-executor-thread-12441#
[PollExecuteTaskStatusExecution] 027cc582-38ad-4b77-9ea4-3df5d0ff7569 [2026-09-16T09:53:27.763380] -----> Installing binaries (STDOUT, STG)#
#2026 09 16 09:54:00.460#Z#DEBUG#52171575-b1b4-11f1-bf33-eeee0a8e3dbc.incident-management-db-deployer#flowable-async-job-executor-thread-12441#
[PollExecuteTaskStatusExecution] 027cc582-38ad-4b77-9ea4-3df5d0ff7569 [2026-09-16T09:53:27.763515] engines.node (package.json): ^24 (STDOUT, STG)#
#2026 09 16 09:54:00.460#Z#DEBUG#52171575-b1b4-11f1-bf33-eeee0a8e3dbc.incident-management-db-deployer#flowable-async-job-executor-thread-12441#
[PollExecuteTaskStatusExecution] 027cc582-38ad-4b77-9ea4-3df5d0ff7569 [2026-09-16T09:53:27.763621] engines.npm (package.json): unspecified (use default) (STDOUT, STG)#
#2026 09 16 09:54:00.460#Z#DEBUG#52171575-b1b4-11f1-bf33-eeee0a8e3dbc.incident-management-db-deployer#flowable-async-job-executor-thread-12441#
[PollExecuteTaskStatusExecution] 027cc582-38ad-4b77-9ea4-3df5d0ff7569 [2026-09-16T09:53:27.763664] -----> Installing node 24.18.0 (STDOUT, STG)#
#2026 09 16 09:54:00.460#Z#DEBUG#52171575-b1b4-11f1-bf33-eeee0a8e3dbc.incident-management-db-deployer#flowable-async-job-executor-thread-12441#
[PollExecuteTaskStatusExecution] 027cc582-38ad-4b77-9ea4-3df5d0ff7569 [2026-09-16T09:53:27.763853] Copy [/tmp/buildpacks/336fb825d4d72bff/dependencies/dffbbb835fcd073c4544f78eb6247fac/node_24.18.0_linux_x64_cflinuxfs4_cdfed650.tgz] (STDOUT, STG)#
#2026 09 16 09:54:00.460#Z#DEBUG#52171575-b1b4-11f1-bf33-eeee0a8e3dbc.incident-management-db-deployer#flowable-async-job-executor-thread-12441#
[PollExecuteTaskStatusExecution] 027cc582-38ad-4b77-9ea4-3df5d0ff7569 [2026-09-16T09:53:30.467629] Using default npm version: 11.16.0 (STDOUT, STG)#
#2026 09 16 09:54:00.460#Z#DEBUG#52171575-b1b4-11f1-bf33-eeee0a8e3dbc.incident-management-db-deployer#flowable-async-job-executor-thread-12441#
[PollExecuteTaskStatusExecution] 027cc582-38ad-4b77-9ea4-3df5d0ff7569 [2026-09-16T09:53:30.467667] -----> Installing yarn 1.22.22 (STDOUT, STG)#
#2026 09 16 09:54:00.460#Z#DEBUG#52171575-b1b4-11f1-bf33-eeee0a8e3dbc.incident-management-db-deployer#flowable-async-job-executor-thread-12441#
[PollExecuteTaskStatusExecution] 027cc582-38ad-4b77-9ea4-3df5d0ff7569 [2026-09-16T09:53:30.467787] Copy [/tmp/buildpacks/336fb825d4d72bff/dependencies/e4fe26756e9984a665478d350474fa2e/yarn_1.22.22_linux_noarch_any-stack_b6132b86.tgz] (STDOUT, STG)#
#2026 09 16 09:54:00.460#Z#DEBUG#52171575-b1b4-11f1-bf33-eeee0a8e3dbc.incident-management-db-deployer#flowable-async-job-executor-thread-12441#
[PollExecuteTaskStatusExecution] 027cc582-38ad-4b77-9ea4-3df5d0ff7569 [2026-09-16T09:53:30.849390] Installed yarn 1.22.22 (STDOUT, STG)#
#2026 09 16 09:54:00.460#Z#DEBUG#52171575-b1b4-11f1-bf33-eeee0a8e3dbc.incident-management-db-deployer#flowable-async-job-executor-thread-12441#
[PollExecuteTaskStatusExecution] 027cc582-38ad-4b77-9ea4-3df5d0ff7569 [2026-09-16T09:53:30.849425] -----> Creating runtime environment (STDOUT, STG)#
#2026 09 16 09:54:00.460#Z#DEBUG#52171575-b1b4-11f1-bf33-eeee0a8e3dbc.incident-management-db-deployer#flowable-async-job-executor-thread-12441#
[PollExecuteTaskStatusExecution] 027cc582-38ad-4b77-9ea4-3df5d0ff7569 [2026-09-16T09:53:30.852038] NODE_ENV=production (STDOUT, STG)#
#2026 09 16 09:54:00.460#Z#DEBUG#52171575-b1b4-11f1-bf33-eeee0a8e3dbc.incident-management-db-deployer#flowable-async-job-executor-thread-12441#
[PollExecuteTaskStatusExecution] 027cc582-38ad-4b77-9ea4-3df5d0ff7569 [2026-09-16T09:53:30.852067] NODE_HOME=/tmp/contents2733677474/deps/0/node (STDOUT, STG)#
#2026 09 16 09:54:00.460#Z#DEBUG#52171575-b1b4-11f1-bf33-eeee0a8e3dbc.incident-management-db-deployer#flowable-async-job-executor-thread-12441#
[PollExecuteTaskStatusExecution] 027cc582-38ad-4b77-9ea4-3df5d0ff7569 [2026-09-16T09:53:30.852303] NODE_MODULES_CACHE=true (STDOUT, STG)#
#2026 09 16 09:54:00.460#Z#DEBUG#52171575-b1b4-11f1-bf33-eeee0a8e3dbc.incident-management-db-deployer#flowable-async-job-executor-thread-12441#
[PollExecuteTaskStatusExecution] 027cc582-38ad-4b77-9ea4-3df5d0ff7569 [2026-09-16T09:53:30.852328] NODE_VERBOSE=false (STDOUT, STG)#
#2026 09 16 09:54:00.460#Z#DEBUG#52171575-b1b4-11f1-bf33-eeee0a8e3dbc.incident-management-db-deployer#flowable-async-job-executor-thread-12441#
[PollExecuteTaskStatusExecution] 027cc582-38ad-4b77-9ea4-3df5d0ff7569 [2026-09-16T09:53:30.852451] NPM_CONFIG_LOGLEVEL=error (STDOUT, STG)#
#2026 09 16 09:54:00.460#Z#DEBUG#52171575-b1b4-11f1-bf33-eeee0a8e3dbc.incident-management-db-deployer#flowable-async-job-executor-thread-12441#
[PollExecuteTaskStatusExecution] 027cc582-38ad-4b77-9ea4-3df5d0ff7569 [2026-09-16T09:53:30.852539] NPM_CONFIG_PRODUCTION=true (STDOUT, STG)#
#2026 09 16 09:54:00.460#Z#DEBUG#52171575-b1b4-11f1-bf33-eeee0a8e3dbc.incident-management-db-deployer#flowable-async-job-executor-thread-12441#
[PollExecuteTaskStatusExecution] 027cc582-38ad-4b77-9ea4-3df5d0ff7569 [2026-09-16T09:53:30.852625] -----> Building dependencies (STDOUT, STG)#
#2026 09 16 09:54:00.460#Z#DEBUG#52171575-b1b4-11f1-bf33-eeee0a8e3dbc.incident-management-db-deployer#flowable-async-job-executor-thread-12441#
[PollExecuteTaskStatusExecution] 027cc582-38ad-4b77-9ea4-3df5d0ff7569 [2026-09-16T09:53:30.852675] Prebuild detected (node_modules already exists) (STDOUT, STG)#
#2026 09 16 09:54:00.460#Z#DEBUG#52171575-b1b4-11f1-bf33-eeee0a8e3dbc.incident-management-db-deployer#flowable-async-job-executor-thread-12441#
[PollExecuteTaskStatusExecution] 027cc582-38ad-4b77-9ea4-3df5d0ff7569 [2026-09-16T09:53:30.852716] Rebuilding any native modules (STDOUT, STG)#
#2026 09 16 09:54:00.460#Z#DEBUG#52171575-b1b4-11f1-bf33-eeee0a8e3dbc.incident-management-db-deployer#flowable-async-job-executor-thread-12441#
[PollExecuteTaskStatusExecution] 027cc582-38ad-4b77-9ea4-3df5d0ff7569 [2026-09-16T09:53:31.526346] rebuilt dependencies successfully (STDOUT, STG)#
#2026 09 16 09:54:00.460#Z#DEBUG#52171575-b1b4-11f1-bf33-eeee0a8e3dbc.incident-management-db-deployer#flowable-async-job-executor-thread-12441#
[PollExecuteTaskStatusExecution] 027cc582-38ad-4b77-9ea4-3df5d0ff7569 [2026-09-16T09:53:31.590549] Installing any new modules (package.json + package-lock.json) (STDOUT, STG)#
#2026 09 16 09:54:00.460#Z#DEBUG#52171575-b1b4-11f1-bf33-eeee0a8e3dbc.incident-management-db-deployer#flowable-async-job-executor-thread-12441#
[PollExecuteTaskStatusExecution] 027cc582-38ad-4b77-9ea4-3df5d0ff7569 [2026-09-16T09:53:32.147192] up to date in 465ms (STDOUT, STG)#
#2026 09 16 09:54:00.460#Z#DEBUG#52171575-b1b4-11f1-bf33-eeee0a8e3dbc.incident-management-db-deployer#flowable-async-job-executor-thread-12441#
[PollExecuteTaskStatusExecution] 027cc582-38ad-4b77-9ea4-3df5d0ff7569 [2026-09-16T09:53:32.147691] 4 packages are looking for funding (STDOUT, STG)#
#2026 09 16 09:54:00.460#Z#DEBUG#52171575-b1b4-11f1-bf33-eeee0a8e3dbc.incident-management-db-deployer#flowable-async-job-executor-thread-12441#
[PollExecuteTaskStatusExecution] 027cc582-38ad-4b77-9ea4-3df5d0ff7569 [2026-09-16T09:53:32.147803] run `npm fund` for details (STDOUT, STG)#
#2026 09 16 09:54:00.460#Z#DEBUG#52171575-b1b4-11f1-bf33-eeee0a8e3dbc.incident-management-db-deployer#flowable-async-job-executor-thread-12441#
[PollExecuteTaskStatusExecution] 027cc582-38ad-4b77-9ea4-3df5d0ff7569 [2026-09-16T09:53:32.820931] Contrast Security no credentials found. Will not write environment files. (STDOUT, STG)#
#2026 09 16 09:54:00.460#Z#DEBUG#52171575-b1b4-11f1-bf33-eeee0a8e3dbc.incident-management-db-deployer#flowable-async-job-executor-thread-12441#
[PollExecuteTaskStatusExecution] 027cc582-38ad-4b77-9ea4-3df5d0ff7569 [2026-09-16T09:53:42.367526] Exit status 0 (STDOUT, STG)#
#2026 09 16 09:54:00.460#Z#DEBUG#52171575-b1b4-11f1-bf33-eeee0a8e3dbc.incident-management-db-deployer#flowable-async-job-executor-thread-12441#
[PollExecuteTaskStatusExecution] 027cc582-38ad-4b77-9ea4-3df5d0ff7569 [2026-09-16T09:53:42.367588] Uploading droplet, build artifacts cache... (STDOUT, STG)#
#2026 09 16 09:54:00.460#Z#DEBUG#52171575-b1b4-11f1-bf33-eeee0a8e3dbc.incident-management-db-deployer#flowable-async-job-executor-thread-12441#
[PollExecuteTaskStatusExecution] 027cc582-38ad-4b77-9ea4-3df5d0ff7569 [2026-09-16T09:53:42.367632] Uploading droplet... (STDOUT, STG)#
#2026 09 16 09:54:00.460#Z#DEBUG#52171575-b1b4-11f1-bf33-eeee0a8e3dbc.incident-management-db-deployer#flowable-async-job-executor-thread-12441#
[PollExecuteTaskStatusExecution] 027cc582-38ad-4b77-9ea4-3df5d0ff7569 [2026-09-16T09:53:42.367698] Uploading build artifacts cache... (STDOUT, STG)#
#2026 09 16 09:54:00.460#Z#DEBUG#52171575-b1b4-11f1-bf33-eeee0a8e3dbc.incident-management-db-deployer#flowable-async-job-executor-thread-12441#
[PollExecuteTaskStatusExecution] 027cc582-38ad-4b77-9ea4-3df5d0ff7569 [2026-09-16T09:53:42.397472] Uploaded build artifacts cache (216B) (STDOUT, STG)#
#2026 09 16 09:54:00.460#Z#DEBUG#52171575-b1b4-11f1-bf33-eeee0a8e3dbc.incident-management-db-deployer#flowable-async-job-executor-thread-12441#
[PollExecuteTaskStatusExecution] 027cc582-38ad-4b77-9ea4-3df5d0ff7569 [2026-09-16T09:53:43.132774] Creating droplet for app with guid 027cc582-38ad-4b77-9ea4-3df5d0ff7569 (STDOUT, API)#
#2026 09 16 09:54:00.460#Z#DEBUG#52171575-b1b4-11f1-bf33-eeee0a8e3dbc.incident-management-db-deployer#flowable-async-job-executor-thread-12441#
[PollExecuteTaskStatusExecution] 027cc582-38ad-4b77-9ea4-3df5d0ff7569 [2026-09-16T09:53:45.200028] Uploaded droplet (59.2M) (STDOUT, STG)#
#2026 09 16 09:54:00.460#Z#DEBUG#52171575-b1b4-11f1-bf33-eeee0a8e3dbc.incident-management-db-deployer#flowable-async-job-executor-thread-12441#
[PollExecuteTaskStatusExecution] 027cc582-38ad-4b77-9ea4-3df5d0ff7569 [2026-09-16T09:53:45.227411] Uploading complete (STDOUT, STG)#
#2026 09 16 09:54:00.460#Z#DEBUG#52171575-b1b4-11f1-bf33-eeee0a8e3dbc.incident-management-db-deployer#flowable-async-job-executor-thread-12441#
[PollExecuteTaskStatusExecution] 027cc582-38ad-4b77-9ea4-3df5d0ff7569 [2026-09-16T09:53:45.554813] Cell 77283d80-dfa7-40ba-ba4e-265aef112085 stopping instance a7a5c3d4-d673-4e4a-a0aa-dd368c9babd2 (STDOUT, STG)#
#2026 09 16 09:54:00.460#Z#DEBUG#52171575-b1b4-11f1-bf33-eeee0a8e3dbc.incident-management-db-deployer#flowable-async-job-executor-thread-12441#
[PollExecuteTaskStatusExecution] 027cc582-38ad-4b77-9ea4-3df5d0ff7569 [2026-09-16T09:53:45.554854] Cell 77283d80-dfa7-40ba-ba4e-265aef112085 destroying container for instance a7a5c3d4-d673-4e4a-a0aa-dd368c9babd2 (STDOUT, STG)#
#2026 09 16 09:54:00.460#Z#DEBUG#52171575-b1b4-11f1-bf33-eeee0a8e3dbc.incident-management-db-deployer#flowable-async-job-executor-thread-12441#
[PollExecuteTaskStatusExecution] 027cc582-38ad-4b77-9ea4-3df5d0ff7569 [2026-09-16T09:53:45.601462] Staging complete for build a7a5c3d4-d673-4e4a-a0aa-dd368c9babd2 (STDOUT, API)#
#2026 09 16 09:54:00.460#Z#DEBUG#52171575-b1b4-11f1-bf33-eeee0a8e3dbc.incident-management-db-deployer#flowable-async-job-executor-thread-12441#
[PollExecuteTaskStatusExecution] 027cc582-38ad-4b77-9ea4-3df5d0ff7569 [2026-09-16T09:53:48.056072] Cell 77283d80-dfa7-40ba-ba4e-265aef112085 successfully destroyed container for instance a7a5c3d4-d673-4e4a-a0aa-dd368c9babd2 (STDOUT, STG)#
#2026 09 16 09:54:00.460#Z#DEBUG#52171575-b1b4-11f1-bf33-eeee0a8e3dbc.incident-management-db-deployer#flowable-async-job-executor-thread-12441#
[PollExecuteTaskStatusExecution] 027cc582-38ad-4b77-9ea4-3df5d0ff7569 [2026-09-16T09:53:50.494098] Updated app with guid 027cc582-38ad-4b77-9ea4-3df5d0ff7569 ({:droplet_guid=>"7eba24ef-fa12-4c92-a729-ec158a3e41bb"}) (STDOUT, API)#
#2026 09 16 09:54:00.460#Z#DEBUG#52171575-b1b4-11f1-bf33-eeee0a8e3dbc.incident-management-db-deployer#flowable-async-job-executor-thread-12441#
[PollExecuteTaskStatusExecution] 027cc582-38ad-4b77-9ea4-3df5d0ff7569 [2026-09-16T09:53:51.119972] Cell 77283d80-dfa7-40ba-ba4e-265aef112085 creating container for instance 65fd2f72-ed88-4d1b-ac9a-4326ea320a3c (STDOUT, CELL)#
#2026 09 16 09:54:00.460#Z#DEBUG#52171575-b1b4-11f1-bf33-eeee0a8e3dbc.incident-management-db-deployer#flowable-async-job-executor-thread-12441#
[PollExecuteTaskStatusExecution] 027cc582-38ad-4b77-9ea4-3df5d0ff7569 [2026-09-16T09:53:52.019131] Security group rules were updated (STDOUT, CELL)#
#2026 09 16 09:54:00.460#Z#DEBUG#52171575-b1b4-11f1-bf33-eeee0a8e3dbc.incident-management-db-deployer#flowable-async-job-executor-thread-12441#
[PollExecuteTaskStatusExecution] 027cc582-38ad-4b77-9ea4-3df5d0ff7569 [2026-09-16T09:53:52.176736] Cell 77283d80-dfa7-40ba-ba4e-265aef112085 successfully created container for instance 65fd2f72-ed88-4d1b-ac9a-4326ea320a3c (STDOUT, CELL)#
#2026 09 16 09:54:00.460#Z#DEBUG#52171575-b1b4-11f1-bf33-eeee0a8e3dbc.incident-management-db-deployer#flowable-async-job-executor-thread-12441#
[PollExecuteTaskStatusExecution] 027cc582-38ad-4b77-9ea4-3df5d0ff7569 [2026-09-16T09:53:56.347236] Invoking pre-start scripts. (STDOUT, APP/TASK/deploy)#
#2026 09 16 09:54:00.460#Z#DEBUG#52171575-b1b4-11f1-bf33-eeee0a8e3dbc.incident-management-db-deployer#flowable-async-job-executor-thread-12441#
[PollExecuteTaskStatusExecution] 027cc582-38ad-4b77-9ea4-3df5d0ff7569 [2026-09-16T09:53:56.555708] Invoking start command. (STDOUT, APP/TASK/deploy)#
#2026 09 16 09:54:00.460#Z#DEBUG#52171575-b1b4-11f1-bf33-eeee0a8e3dbc.incident-management-db-deployer#flowable-async-job-executor-thread-12441#
[PollExecuteTaskStatusExecution] 027cc582-38ad-4b77-9ea4-3df5d0ff7569 [2026-09-16T09:53:57.060980] > start (STDOUT, APP/TASK/deploy)#
#2026 09 16 09:54:00.460#Z#DEBUG#52171575-b1b4-11f1-bf33-eeee0a8e3dbc.incident-management-db-deployer#flowable-async-job-executor-thread-12441#
[PollExecuteTaskStatusExecution] 027cc582-38ad-4b77-9ea4-3df5d0ff7569 [2026-09-16T09:53:57.061014] > node node_modules/@sap/hdi-deploy/deploy.js --use-hdb --parameter com.sap.hana.di.table/try_fast_table_migration=true (STDOUT, APP/TASK/deploy)#
#2026 09 16 09:54:00.460#Z#DEBUG#52171575-b1b4-11f1-bf33-eeee0a8e3dbc.incident-management-db-deployer#flowable-async-job-executor-thread-12441#
[PollExecuteTaskStatusExecution] 027cc582-38ad-4b77-9ea4-3df5d0ff7569 [2026-09-16T09:53:57.233627] VCAP_SERVICES: (STDOUT, APP/TASK/deploy)#
#2026 09 16 09:54:00.460#Z#DEBUG#52171575-b1b4-11f1-bf33-eeee0a8e3dbc.incident-management-db-deployer#flowable-async-job-executor-thread-12441#
[PollExecuteTaskStatusExecution] 027cc582-38ad-4b77-9ea4-3df5d0ff7569 [2026-09-16T09:53:57.234306] { (STDOUT, APP/TASK/deploy)#
#2026 09 16 09:54:00.460#Z#DEBUG#52171575-b1b4-11f1-bf33-eeee0a8e3dbc.incident-management-db-deployer#flowable-async-job-executor-thread-12441#
[PollExecuteTaskStatusExecution] 027cc582-38ad-4b77-9ea4-3df5d0ff7569 [2026-09-16T09:53:57.234330] "hana": [ (STDOUT, APP/TASK/deploy)#
#2026 09 16 09:54:00.460#Z#DEBUG#52171575-b1b4-11f1-bf33-eeee0a8e3dbc.incident-management-db-deployer#flowable-async-job-executor-thread-12441#
[PollExecuteTaskStatusExecution] 027cc582-38ad-4b77-9ea4-3df5d0ff7569 [2026-09-16T09:53:57.234335] { (STDOUT, APP/TASK/deploy)#
#2026 09 16 09:54:00.460#Z#DEBUG#52171575-b1b4-11f1-bf33-eeee0a8e3dbc.incident-management-db-deployer#flowable-async-job-executor-thread-12441#
[PollExecuteTaskStatusExecution] 027cc582-38ad-4b77-9ea4-3df5d0ff7569 [2026-09-16T09:53:57.234338] "name": "incident-management-db", (STDOUT, APP/TASK/deploy)#
#2026 09 16 09:54:00.460#Z#DEBUG#52171575-b1b4-11f1-bf33-eeee0a8e3dbc.incident-management-db-deployer#flowable-async-job-executor-thread-12441#
[PollExecuteTaskStatusExecution] 027cc582-38ad-4b77-9ea4-3df5d0ff7569 [2026-09-16T09:53:57.234342] "label": "hana", (STDOUT, APP/TASK/deploy)#
#2026 09 16 09:54:00.460#Z#DEBUG#52171575-b1b4-11f1-bf33-eeee0a8e3dbc.incident-management-db-deployer#flowable-async-job-executor-thread-12441#
[PollExecuteTaskStatusExecution] 027cc582-38ad-4b77-9ea4-3df5d0ff7569 [2026-09-16T09:53:57.234345] "plan": "hdi-shared", (STDOUT, APP/TASK/deploy)#
#2026 09 16 09:54:00.460#Z#DEBUG#52171575-b1b4-11f1-bf33-eeee0a8e3dbc.incident-management-db-deployer#flowable-async-job-executor-thread-12441#
[PollExecuteTaskStatusExecution] 027cc582-38ad-4b77-9ea4-3df5d0ff7569 [2026-09-16T09:53:57.234347] "credentials": { (STDOUT, APP/TASK/deploy)#
#2026 09 16 09:54:00.460#Z#DEBUG#52171575-b1b4-11f1-bf33-eeee0a8e3dbc.incident-management-db-deployer#flowable-async-job-executor-thread-12441#
[PollExecuteTaskStatusExecution] 027cc582-38ad-4b77-9ea4-3df5d0ff7569 [2026-09-16T09:53:57.234350] "schema": "5FF7A647377A44D6A05255F1EC04CE54", (STDOUT, APP/TASK/deploy)#
#2026 09 16 09:54:00.460#Z#DEBUG#52171575-b1b4-11f1-bf33-eeee0a8e3dbc.incident-management-db-deployer#flowable-async-job-executor-thread-12441#
[PollExecuteTaskStatusExecution] 027cc582-38ad-4b77-9ea4-3df5d0ff7569 [2026-09-16T09:53:57.234359] "database_id": "4da4af22-0cc1-4c9d-a6e7-719f9720276c", (STDOUT, APP/TASK/deploy)#
#2026 09 16 09:54:00.460#Z#DEBUG#52171575-b1b4-11f1-bf33-eeee0a8e3dbc.incident-management-db-deployer#flowable-async-job-executor-thread-12441#
[PollExecuteTaskStatusExecution] 027cc582-38ad-4b77-9ea4-3df5d0ff7569 [2026-09-16T09:53:57.234362] "user": "5FF7A647377A44D6A05255F1EC04CE54_0K6BVMT82DBO2VVB5BYRIJVW9_RT", (STDOUT, APP/TASK/deploy)#
#2026 09 16 09:54:00.460#Z#DEBUG#52171575-b1b4-11f1-bf33-eeee0a8e3dbc.incident-management-db-deployer#flowable-async-job-executor-thread-12441#
[PollExecuteTaskStatusExecution] 027cc582-38ad-4b77-9ea4-3df5d0ff7569 [2026-09-16T09:53:57.234366] "hdi_user": "5FF7A647377A44D6A05255F1EC04CE54_0K6BVMT82DBO2VVB5BYRIJVW9_DT" (STDOUT, APP/TASK/deploy)#
#2026 09 16 09:54:00.460#Z#DEBUG#52171575-b1b4-11f1-bf33-eeee0a8e3dbc.incident-management-db-deployer#flowable-async-job-executor-thread-12441#
[PollExecuteTaskStatusExecution] 027cc582-38ad-4b77-9ea4-3df5d0ff7569 [2026-09-16T09:53:57.234368] }, (STDOUT, APP/TASK/deploy)#
#2026 09 16 09:54:00.460#Z#DEBUG#52171575-b1b4-11f1-bf33-eeee0a8e3dbc.incident-management-db-deployer#flowable-async-job-executor-thread-12441#
[PollExecuteTaskStatusExecution] 027cc582-38ad-4b77-9ea4-3df5d0ff7569 [2026-09-16T09:53:57.234371] "tags": [ (STDOUT, APP/TASK/deploy)#
#2026 09 16 09:54:00.460#Z#DEBUG#52171575-b1b4-11f1-bf33-eeee0a8e3dbc.incident-management-db-deployer#flowable-async-job-executor-thread-12441#
[PollExecuteTaskStatusExecution] 027cc582-38ad-4b77-9ea4-3df5d0ff7569 [2026-09-16T09:53:57.234373] "hana", (STDOUT, APP/TASK/deploy)#
#2026 09 16 09:54:00.460#Z#DEBUG#52171575-b1b4-11f1-bf33-eeee0a8e3dbc.incident-management-db-deployer#flowable-async-job-executor-thread-12441#
[PollExecuteTaskStatusExecution] 027cc582-38ad-4b77-9ea4-3df5d0ff7569 [2026-09-16T09:53:57.234375] "database", (STDOUT, APP/TASK/deploy)#
#2026 09 16 09:54:00.460#Z#DEBUG#52171575-b1b4-11f1-bf33-eeee0a8e3dbc.incident-management-db-deployer#flowable-async-job-executor-thread-12441#
[PollExecuteTaskStatusExecution] 027cc582-38ad-4b77-9ea4-3df5d0ff7569 [2026-09-16T09:53:57.234377] "relational" (STDOUT, APP/TASK/deploy)#
#2026 09 16 09:54:00.460#Z#DEBUG#52171575-b1b4-11f1-bf33-eeee0a8e3dbc.incident-management-db-deployer#flowable-async-job-executor-thread-12441#
[PollExecuteTaskStatusExecution] 027cc582-38ad-4b77-9ea4-3df5d0ff7569 [2026-09-16T09:53:57.234379] ] (STDOUT, APP/TASK/deploy)#
#2026 09 16 09:54:00.460#Z#DEBUG#52171575-b1b4-11f1-bf33-eeee0a8e3dbc.incident-management-db-deployer#flowable-async-job-executor-thread-12441#
[PollExecuteTaskStatusExecution] 027cc582-38ad-4b77-9ea4-3df5d0ff7569 [2026-09-16T09:53:57.234381] } (STDOUT, APP/TASK/deploy)#
#2026 09 16 09:54:00.460#Z#DEBUG#52171575-b1b4-11f1-bf33-eeee0a8e3dbc.incident-management-db-deployer#flowable-async-job-executor-thread-12441#
[PollExecuteTaskStatusExecution] 027cc582-38ad-4b77-9ea4-3df5d0ff7569 [2026-09-16T09:53:57.234383] ] (STDOUT, APP/TASK/deploy)#
#2026 09 16 09:54:00.460#Z#DEBUG#52171575-b1b4-11f1-bf33-eeee0a8e3dbc.incident-management-db-deployer#flowable-async-job-executor-thread-12441#
[PollExecuteTaskStatusExecution] 027cc582-38ad-4b77-9ea4-3df5d0ff7569 [2026-09-16T09:53:57.234392] } (STDOUT, APP/TASK/deploy)#
#2026 09 16 09:54:00.460#Z#DEBUG#52171575-b1b4-11f1-bf33-eeee0a8e3dbc.incident-management-db-deployer#flowable-async-job-executor-thread-12441#
[PollExecuteTaskStatusExecution] 027cc582-38ad-4b77-9ea4-3df5d0ff7569 [2026-09-16T09:53:57.778943] @sap/hdi-deploy, version 5.7.0 (mode default), server version 4.00.000.00.1788856605 (4.0.0.0), cloud version 2026.14.19, node version 24.18.0, HDI version 1016, container API version 1007 (STDOUT, APP/TASK/deploy)#
#2026 09 16 09:54:00.460#Z#DEBUG#52171575-b1b4-11f1-bf33-eeee0a8e3dbc.incident-management-db-deployer#flowable-async-job-executor-thread-12441#
[PollExecuteTaskStatusExecution] 027cc582-38ad-4b77-9ea4-3df5d0ff7569 [2026-09-16T09:53:57.779328] Deployment started at 2026-09-16 09:53:57 (STDOUT, APP/TASK/deploy)#
#2026 09 16 09:54:00.460#Z#DEBUG#52171575-b1b4-11f1-bf33-eeee0a8e3dbc.incident-management-db-deployer#flowable-async-job-executor-thread-12441#
[PollExecuteTaskStatusExecution] 027cc582-38ad-4b77-9ea4-3df5d0ff7569 [2026-09-16T09:53:57.779391] Using hdb@2.29.6 for connection (STDOUT, APP/TASK/deploy)#
#2026 09 16 09:54:00.460#Z#DEBUG#52171575-b1b4-11f1-bf33-eeee0a8e3dbc.incident-management-db-deployer#flowable-async-job-executor-thread-12441#
[PollExecuteTaskStatusExecution] 027cc582-38ad-4b77-9ea4-3df5d0ff7569 [2026-09-16T09:53:57.801687] No ignore file at /home/vcap/app/.hdiignore. (STDOUT, APP/TASK/deploy)#
#2026 09 16 09:54:00.460#Z#DEBUG#52171575-b1b4-11f1-bf33-eeee0a8e3dbc.incident-management-db-deployer#flowable-async-job-executor-thread-12441#
[PollExecuteTaskStatusExecution] 027cc582-38ad-4b77-9ea4-3df5d0ff7569 [2026-09-16T09:53:57.802165] Collecting files... (STDOUT, APP/TASK/deploy)#
#2026 09 16 09:54:00.460#Z#DEBUG#52171575-b1b4-11f1-bf33-eeee0a8e3dbc.incident-management-db-deployer#flowable-async-job-executor-thread-12441#
[PollExecuteTaskStatusExecution] 027cc582-38ad-4b77-9ea4-3df5d0ff7569 [2026-09-16T09:53:57.809648] Collecting files... ok (0s 7ms) (STDOUT, APP/TASK/deploy)#
#2026 09 16 09:54:00.460#Z#DEBUG#52171575-b1b4-11f1-bf33-eeee0a8e3dbc.incident-management-db-deployer#flowable-async-job-executor-thread-12441#
[PollExecuteTaskStatusExecution] 027cc582-38ad-4b77-9ea4-3df5d0ff7569 [2026-09-16T09:53:57.809736] 3 directories collected (STDOUT, APP/TASK/deploy)#
#2026 09 16 09:54:00.460#Z#DEBUG#52171575-b1b4-11f1-bf33-eeee0a8e3dbc.incident-management-db-deployer#flowable-async-job-executor-thread-12441#
[PollExecuteTaskStatusExecution] 027cc582-38ad-4b77-9ea4-3df5d0ff7569 [2026-09-16T09:53:57.809958] 53 files collected (STDOUT, APP/TASK/deploy)#
#2026 09 16 09:54:00.460#Z#DEBUG#52171575-b1b4-11f1-bf33-eeee0a8e3dbc.incident-management-db-deployer#flowable-async-job-executor-thread-12441#
[PollExecuteTaskStatusExecution] 027cc582-38ad-4b77-9ea4-3df5d0ff7569 [2026-09-16T09:53:57.810029] 0 reusable modules collected (STDOUT, APP/TASK/deploy)#
#2026 09 16 09:54:00.460#Z#DEBUG#52171575-b1b4-11f1-bf33-eeee0a8e3dbc.incident-management-db-deployer#flowable-async-job-executor-thread-12441#
[PollExecuteTaskStatusExecution] 027cc582-38ad-4b77-9ea4-3df5d0ff7569 [2026-09-16T09:53:57.810094] Target service: incident-management-db (STDOUT, APP/TASK/deploy)#
#2026 09 16 09:54:00.460#Z#DEBUG#52171575-b1b4-11f1-bf33-eeee0a8e3dbc.incident-management-db-deployer#flowable-async-job-executor-thread-12441#
[PollExecuteTaskStatusExecution] 027cc582-38ad-4b77-9ea4-3df5d0ff7569 [2026-09-16T09:53:58.030721] Could not determine status of last build: Could not find any information about the previous deployment. (STDOUT, APP/TASK/deploy)#
#2026 09 16 09:54:00.460#Z#DEBUG#52171575-b1b4-11f1-bf33-eeee0a8e3dbc.incident-management-db-deployer#flowable-async-job-executor-thread-12441#
[PollExecuteTaskStatusExecution] 027cc582-38ad-4b77-9ea4-3df5d0ff7569 [2026-09-16T09:53:58.030781] Processing revoke files... (STDOUT, APP/TASK/deploy)#
#2026 09 16 09:54:00.460#Z#DEBUG#52171575-b1b4-11f1-bf33-eeee0a8e3dbc.incident-management-db-deployer#flowable-async-job-executor-thread-12441#
[PollExecuteTaskStatusExecution] 027cc582-38ad-4b77-9ea4-3df5d0ff7569 [2026-09-16T09:53:58.030918] Processing revoke files... ok (0s 0ms) (STDOUT, APP/TASK/deploy)#
#2026 09 16 09:54:00.460#Z#DEBUG#52171575-b1b4-11f1-bf33-eeee0a8e3dbc.incident-management-db-deployer#flowable-async-job-executor-thread-12441#
[PollExecuteTaskStatusExecution] 027cc582-38ad-4b77-9ea4-3df5d0ff7569 [2026-09-16T09:53:58.031023] Processing grants files... (STDOUT, APP/TASK/deploy)#
#2026 09 16 09:54:00.460#Z#DEBUG#52171575-b1b4-11f1-bf33-eeee0a8e3dbc.incident-management-db-deployer#flowable-async-job-executor-thread-12441#
[PollExecuteTaskStatusExecution] 027cc582-38ad-4b77-9ea4-3df5d0ff7569 [2026-09-16T09:53:58.031086] Processing grants files... ok (0s 0ms) (STDOUT, APP/TASK/deploy)#
#2026 09 16 09:54:00.460#Z#DEBUG#52171575-b1b4-11f1-bf33-eeee0a8e3dbc.incident-management-db-deployer#flowable-async-job-executor-thread-12441#
[PollExecuteTaskStatusExecution] 027cc582-38ad-4b77-9ea4-3df5d0ff7569 [2026-09-16T09:53:58.034023] Preprocessing files... (STDOUT, APP/TASK/deploy)#
#2026 09 16 09:54:00.460#Z#DEBUG#52171575-b1b4-11f1-bf33-eeee0a8e3dbc.incident-management-db-deployer#flowable-async-job-executor-thread-12441#
[PollExecuteTaskStatusExecution] 027cc582-38ad-4b77-9ea4-3df5d0ff7569 [2026-09-16T09:53:58.034435] Preprocessing files... ok (0s 1ms) (STDOUT, APP/TASK/deploy)#
#2026 09 16 09:54:00.460#Z#DEBUG#52171575-b1b4-11f1-bf33-eeee0a8e3dbc.incident-management-db-deployer#flowable-async-job-executor-thread-12441#
[PollExecuteTaskStatusExecution] 027cc582-38ad-4b77-9ea4-3df5d0ff7569 [2026-09-16T09:53:58.034640] Connecting to the container "5FF7A647377A44D6A05255F1EC04CE54"... (STDOUT, APP/TASK/deploy)#
#2026 09 16 09:54:00.460#Z#DEBUG#52171575-b1b4-11f1-bf33-eeee0a8e3dbc.incident-management-db-deployer#flowable-async-job-executor-thread-12441#
[PollExecuteTaskStatusExecution] 027cc582-38ad-4b77-9ea4-3df5d0ff7569 [2026-09-16T09:53:58.124861] Connecting to the container "5FF7A647377A44D6A05255F1EC04CE54"... ok (0s 90ms) (STDOUT, APP/TASK/deploy)#
#2026 09 16 09:54:00.460#Z#DEBUG#52171575-b1b4-11f1-bf33-eeee0a8e3dbc.incident-management-db-deployer#flowable-async-job-executor-thread-12441#
[PollExecuteTaskStatusExecution] 027cc582-38ad-4b77-9ea4-3df5d0ff7569 [2026-09-16T09:53:58.124941] Locking the container "5FF7A647377A44D6A05255F1EC04CE54"... (STDOUT, APP/TASK/deploy)#
#2026 09 16 09:54:00.460#Z#DEBUG#52171575-b1b4-11f1-bf33-eeee0a8e3dbc.incident-management-db-deployer#flowable-async-job-executor-thread-12441#
[PollExecuteTaskStatusExecution] 027cc582-38ad-4b77-9ea4-3df5d0ff7569 [2026-09-16T09:53:58.379215] Locking the container "5FF7A647377A44D6A05255F1EC04CE54"... ok (0s 254ms) (STDOUT, APP/TASK/deploy)#
#2026 09 16 09:54:00.460#Z#DEBUG#52171575-b1b4-11f1-bf33-eeee0a8e3dbc.incident-management-db-deployer#flowable-async-job-executor-thread-12441#
[PollExecuteTaskStatusExecution] 027cc582-38ad-4b77-9ea4-3df5d0ff7569 [2026-09-16T09:53:58.379312] Synchronizing files with the container "5FF7A647377A44D6A05255F1EC04CE54"... (STDOUT, APP/TASK/deploy)#
#2026 09 16 09:54:00.460#Z#DEBUG#52171575-b1b4-11f1-bf33-eeee0a8e3dbc.incident-management-db-deployer#flowable-async-job-executor-thread-12441#
[PollExecuteTaskStatusExecution] 027cc582-38ad-4b77-9ea4-3df5d0ff7569 [2026-09-16T09:53:58.628280] Deleting files... (STDOUT, APP/TASK/deploy)#
#2026 09 16 09:54:00.460#Z#DEBUG#52171575-b1b4-11f1-bf33-eeee0a8e3dbc.incident-management-db-deployer#flowable-async-job-executor-thread-12441#
[PollExecuteTaskStatusExecution] 027cc582-38ad-4b77-9ea4-3df5d0ff7569 [2026-09-16T09:53:58.799614] Deleting files... ok (STDOUT, APP/TASK/deploy)#
#2026 09 16 09:54:00.460#Z#DEBUG#52171575-b1b4-11f1-bf33-eeee0a8e3dbc.incident-management-db-deployer#flowable-async-job-executor-thread-12441#
[PollExecuteTaskStatusExecution] 027cc582-38ad-4b77-9ea4-3df5d0ff7569 [2026-09-16T09:53:58.800474] Writing files... (STDOUT, APP/TASK/deploy)#
#2026 09 16 09:54:00.460#Z#DEBUG#52171575-b1b4-11f1-bf33-eeee0a8e3dbc.incident-management-db-deployer#flowable-async-job-executor-thread-12441#
[PollExecuteTaskStatusExecution] 027cc582-38ad-4b77-9ea4-3df5d0ff7569 [2026-09-16T09:53:58.800776] Writing 56 items (STDOUT, APP/TASK/deploy)#
#2026 09 16 09:54:00.460#Z#DEBUG#52171575-b1b4-11f1-bf33-eeee0a8e3dbc.incident-management-db-deployer#flowable-async-job-executor-thread-12441#
[PollExecuteTaskStatusExecution] 027cc582-38ad-4b77-9ea4-3df5d0ff7569 [2026-09-16T09:53:59.463421] Writing files... ok (STDOUT, APP/TASK/deploy)#
#2026 09 16 09:54:00.460#Z#DEBUG#52171575-b1b4-11f1-bf33-eeee0a8e3dbc.incident-management-db-deployer#flowable-async-job-executor-thread-12441#
[PollExecuteTaskStatusExecution] 027cc582-38ad-4b77-9ea4-3df5d0ff7569 [2026-09-16T09:53:59.463501] Synchronizing files with the container "5FF7A647377A44D6A05255F1EC04CE54"... ok (1s 84ms) (STDOUT, APP/TASK/deploy)#
#2026 09 16 09:54:00.460#Z#DEBUG#52171575-b1b4-11f1-bf33-eeee0a8e3dbc.incident-management-db-deployer#flowable-async-job-executor-thread-12441#
[PollExecuteTaskStatusExecution] 027cc582-38ad-4b77-9ea4-3df5d0ff7569 [2026-09-16T09:53:59.464051] added files: [ (STDOUT, APP/TASK/deploy)#
#2026 09 16 09:54:00.460#Z#DEBUG#52171575-b1b4-11f1-bf33-eeee0a8e3dbc.incident-management-db-deployer#flowable-async-job-executor-thread-12441#
[PollExecuteTaskStatusExecution] 027cc582-38ad-4b77-9ea4-3df5d0ff7569 [2026-09-16T09:53:59.464067] "src/gen/.hdiconfig", (STDOUT, APP/TASK/deploy)#
#2026 09 16 09:54:00.460#Z#DEBUG#52171575-b1b4-11f1-bf33-eeee0a8e3dbc.incident-management-db-deployer#flowable-async-job-executor-thread-12441#
[PollExecuteTaskStatusExecution] 027cc582-38ad-4b77-9ea4-3df5d0ff7569 [2026-09-16T09:53:59.464071] "src/gen/.hdinamespace", (STDOUT, APP/TASK/deploy)#
#2026 09 16 09:54:00.460#Z#DEBUG#52171575-b1b4-11f1-bf33-eeee0a8e3dbc.incident-management-db-deployer#flowable-async-job-executor-thread-12441#
[PollExecuteTaskStatusExecution] 027cc582-38ad-4b77-9ea4-3df5d0ff7569 [2026-09-16T09:53:59.464074] "src/gen/AdminService.Addresses.hdbview", (STDOUT, APP/TASK/deploy)#
#2026 09 16 09:54:00.460#Z#DEBUG#52171575-b1b4-11f1-bf33-eeee0a8e3dbc.incident-management-db-deployer#flowable-async-job-executor-thread-12441#
[PollExecuteTaskStatusExecution] 027cc582-38ad-4b77-9ea4-3df5d0ff7569 [2026-09-16T09:53:59.464077] "src/gen/AdminService.Customers.hdbview", (STDOUT, APP/TASK/deploy)#
#2026 09 16 09:54:00.460#Z#DEBUG#52171575-b1b4-11f1-bf33-eeee0a8e3dbc.incident-management-db-deployer#flowable-async-job-executor-thread-12441#
[PollExecuteTaskStatusExecution] 027cc582-38ad-4b77-9ea4-3df5d0ff7569 [2026-09-16T09:53:59.464083] "src/gen/AdminService.Incidents.hdbview", (STDOUT, APP/TASK/deploy)#
#2026 09 16 09:54:00.460#Z#DEBUG#52171575-b1b4-11f1-bf33-eeee0a8e3dbc.incident-management-db-deployer#flowable-async-job-executor-thread-12441#
[PollExecuteTaskStatusExecution] 027cc582-38ad-4b77-9ea4-3df5d0ff7569 [2026-09-16T09:53:59.464090] "src/gen/AdminService.Incidents_conversation.hdbview", (STDOUT, APP/TASK/deploy)#
#2026 09 16 09:54:00.460#Z#DEBUG#52171575-b1b4-11f1-bf33-eeee0a8e3dbc.incident-management-db-deployer#flowable-async-job-executor-thread-12441#
[PollExecuteTaskStatusExecution] 027cc582-38ad-4b77-9ea4-3df5d0ff7569 [2026-09-16T09:53:59.464092] "src/gen/AdminService.Status.hdbview", (STDOUT, APP/TASK/deploy)#
#2026 09 16 09:54:00.460#Z#DEBUG#52171575-b1b4-11f1-bf33-eeee0a8e3dbc.incident-management-db-deployer#flowable-async-job-executor-thread-12441#
[PollExecuteTaskStatusExecution] 027cc582-38ad-4b77-9ea4-3df5d0ff7569 [2026-09-16T09:53:59.464099] "src/gen/AdminService.Status_texts.hdbview", (STDOUT, APP/TASK/deploy)#
#2026 09 16 09:54:00.460#Z#DEBUG#52171575-b1b4-11f1-bf33-eeee0a8e3dbc.incident-management-db-deployer#flowable-async-job-executor-thread-12441#
[PollExecuteTaskStatusExecution] 027cc582-38ad-4b77-9ea4-3df5d0ff7569 [2026-09-16T09:53:59.464105] "src/gen/AdminService.Urgency.hdbview", (STDOUT, APP/TASK/deploy)#
#2026 09 16 09:54:00.460#Z#DEBUG#52171575-b1b4-11f1-bf33-eeee0a8e3dbc.incident-management-db-deployer#flowable-async-job-executor-thread-12441#
[PollExecuteTaskStatusExecution] 027cc582-38ad-4b77-9ea4-3df5d0ff7569 [2026-09-16T09:53:59.464107] "src/gen/AdminService.Urgency_texts.hdbview", (STDOUT, APP/TASK/deploy)#
#2026 09 16 09:54:00.460#Z#DEBUG#52171575-b1b4-11f1-bf33-eeee0a8e3dbc.incident-management-db-deployer#flowable-async-job-executor-thread-12441#
[PollExecuteTaskStatusExecution] 027cc582-38ad-4b77-9ea4-3df5d0ff7569 [2026-09-16T09:53:59.464109] "src/gen/DRAFT.DraftAdministrativeData.hdbtable", (STDOUT, APP/TASK/deploy)#
#2026 09 16 09:54:00.460#Z#DEBUG#52171575-b1b4-11f1-bf33-eeee0a8e3dbc.incident-management-db-deployer#flowable-async-job-executor-thread-12441#
[PollExecuteTaskStatusExecution] 027cc582-38ad-4b77-9ea4-3df5d0ff7569 [2026-09-16T09:53:59.464111] "src/gen/ProcessorService.Addresses.hdbview", (STDOUT, APP/TASK/deploy)#
#2026 09 16 09:54:00.460#Z#DEBUG#52171575-b1b4-11f1-bf33-eeee0a8e3dbc.incident-management-db-deployer#flowable-async-job-executor-thread-12441#
[PollExecuteTaskStatusExecution] 027cc582-38ad-4b77-9ea4-3df5d0ff7569 [2026-09-16T09:53:59.464113] "src/gen/ProcessorService.Customers.hdbview", (STDOUT, APP/TASK/deploy)#
#2026 09 16 09:54:00.460#Z#DEBUG#52171575-b1b4-11f1-bf33-eeee0a8e3dbc.incident-management-db-deployer#flowable-async-job-executor-thread-12441#
[PollExecuteTaskStatusExecution] 027cc582-38ad-4b77-9ea4-3df5d0ff7569 [2026-09-16T09:53:59.464115] "src/gen/ProcessorService.DraftAdministrativeData.hdbview", (STDOUT, APP/TASK/deploy)#
#2026 09 16 09:54:00.460#Z#DEBUG#52171575-b1b4-11f1-bf33-eeee0a8e3dbc.incident-management-db-deployer#flowable-async-job-executor-thread-12441#
[PollExecuteTaskStatusExecution] 027cc582-38ad-4b77-9ea4-3df5d0ff7569 [2026-09-16T09:53:59.464120] "src/gen/ProcessorService.Incidents.hdbview", (STDOUT, APP/TASK/deploy)#
#2026 09 16 09:54:00.460#Z#DEBUG#52171575-b1b4-11f1-bf33-eeee0a8e3dbc.incident-management-db-deployer#flowable-async-job-executor-thread-12441#
[PollExecuteTaskStatusExecution] 027cc582-38ad-4b77-9ea4-3df5d0ff7569 [2026-09-16T09:53:59.464122] "src/gen/ProcessorService.Incidents_conversation.hdbview", (STDOUT, APP/TASK/deploy)#
#2026 09 16 09:54:00.460#Z#DEBUG#52171575-b1b4-11f1-bf33-eeee0a8e3dbc.incident-management-db-deployer#flowable-async-job-executor-thread-12441#
[PollExecuteTaskStatusExecution] 027cc582-38ad-4b77-9ea4-3df5d0ff7569 [2026-09-16T09:53:59.464125] "src/gen/ProcessorService.Incidents_conversation_drafts.hdbtable", (STDOUT, APP/TASK/deploy)#
#2026 09 16 09:54:00.460#Z#DEBUG#52171575-b1b4-11f1-bf33-eeee0a8e3dbc.incident-management-db-deployer#flowable-async-job-executor-thread-12441#
[PollExecuteTaskStatusExecution] 027cc582-38ad-4b77-9ea4-3df5d0ff7569 [2026-09-16T09:53:59.464127] "src/gen/ProcessorService.Incidents_drafts.hdbtable", (STDOUT, APP/TASK/deploy)#
#2026 09 16 09:54:00.460#Z#DEBUG#52171575-b1b4-11f1-bf33-eeee0a8e3dbc.incident-management-db-deployer#flowable-async-job-executor-thread-12441#
[PollExecuteTaskStatusExecution] 027cc582-38ad-4b77-9ea4-3df5d0ff7569 [2026-09-16T09:53:59.464129] "src/gen/ProcessorService.Status.hdbview", (STDOUT, APP/TASK/deploy)#
#2026 09 16 09:54:00.460#Z#DEBUG#52171575-b1b4-11f1-bf33-eeee0a8e3dbc.incident-management-db-deployer#flowable-async-job-executor-thread-12441#
[PollExecuteTaskStatusExecution] 027cc582-38ad-4b77-9ea4-3df5d0ff7569 [2026-09-16T09:53:59.464131] "src/gen/ProcessorService.Status_texts.hdbview", (STDOUT, APP/TASK/deploy)#
#2026 09 16 09:54:00.460#Z#DEBUG#52171575-b1b4-11f1-bf33-eeee0a8e3dbc.incident-management-db-deployer#flowable-async-job-executor-thread-12441#
[PollExecuteTaskStatusExecution] 027cc582-38ad-4b77-9ea4-3df5d0ff7569 [2026-09-16T09:53:59.464133] "src/gen/ProcessorService.Urgency.hdbview", (STDOUT, APP/TASK/deploy)#
#2026 09 16 09:54:00.460#Z#DEBUG#52171575-b1b4-11f1-bf33-eeee0a8e3dbc.incident-management-db-deployer#flowable-async-job-executor-thread-12441#
[PollExecuteTaskStatusExecution] 027cc582-38ad-4b77-9ea4-3df5d0ff7569 [2026-09-16T09:53:59.464137] "src/gen/ProcessorService.Urgency_texts.hdbview", (STDOUT, APP/TASK/deploy)#
#2026 09 16 09:54:00.460#Z#DEBUG#52171575-b1b4-11f1-bf33-eeee0a8e3dbc.incident-management-db-deployer#flowable-async-job-executor-thread-12441#
[PollExecuteTaskStatusExecution] 027cc582-38ad-4b77-9ea4-3df5d0ff7569 [2026-09-16T09:53:59.464139] "src/gen/cds.outbox.Messages.hdbtable", (STDOUT, APP/TASK/deploy)#
#2026 09 16 09:54:00.460#Z#DEBUG#52171575-b1b4-11f1-bf33-eeee0a8e3dbc.incident-management-db-deployer#flowable-async-job-executor-thread-12441#
[PollExecuteTaskStatusExecution] 027cc582-38ad-4b77-9ea4-3df5d0ff7569 [2026-09-16T09:53:59.464141] "src/gen/data/sap.capire.incidents-Addresses.csv", (STDOUT, APP/TASK/deploy)#
#2026 09 16 09:54:00.460#Z#DEBUG#52171575-b1b4-11f1-bf33-eeee0a8e3dbc.incident-management-db-deployer#flowable-async-job-executor-thread-12441#
[PollExecuteTaskStatusExecution] 027cc582-38ad-4b77-9ea4-3df5d0ff7569 [2026-09-16T09:53:59.464143] "src/gen/data/sap.capire.incidents-Addresses.hdbtabledata", (STDOUT, APP/TASK/deploy)#
#2026 09 16 09:54:00.460#Z#DEBUG#52171575-b1b4-11f1-bf33-eeee0a8e3dbc.incident-management-db-deployer#flowable-async-job-executor-thread-12441#
[PollExecuteTaskStatusExecution] 027cc582-38ad-4b77-9ea4-3df5d0ff7569 [2026-09-16T09:53:59.464145] "src/gen/data/sap.capire.incidents-Customers.csv", (STDOUT, APP/TASK/deploy)#
#2026 09 16 09:54:00.460#Z#DEBUG#52171575-b1b4-11f1-bf33-eeee0a8e3dbc.incident-management-db-deployer#flowable-async-job-executor-thread-12441#
[PollExecuteTaskStatusExecution] 027cc582-38ad-4b77-9ea4-3df5d0ff7569 [2026-09-16T09:53:59.464147] "src/gen/data/sap.capire.incidents-Customers.hdbtabledata", (STDOUT, APP/TASK/deploy)#
#2026 09 16 09:54:00.460#Z#DEBUG#52171575-b1b4-11f1-bf33-eeee0a8e3dbc.incident-management-db-deployer#flowable-async-job-executor-thread-12441#
[PollExecuteTaskStatusExecution] 027cc582-38ad-4b77-9ea4-3df5d0ff7569 [2026-09-16T09:53:59.464150] "src/gen/data/sap.capire.incidents-Incidents.conversation.csv", (STDOUT, APP/TASK/deploy)#
#2026 09 16 09:54:00.460#Z#DEBUG#52171575-b1b4-11f1-bf33-eeee0a8e3dbc.incident-management-db-deployer#flowable-async-job-executor-thread-12441#
[PollExecuteTaskStatusExecution] 027cc582-38ad-4b77-9ea4-3df5d0ff7569 [2026-09-16T09:53:59.464152] "src/gen/data/sap.capire.incidents-Incidents.conversation.hdbtabledata", (STDOUT, APP/TASK/deploy)#
#2026 09 16 09:54:00.460#Z#DEBUG#52171575-b1b4-11f1-bf33-eeee0a8e3dbc.incident-management-db-deployer#flowable-async-job-executor-thread-12441#
[PollExecuteTaskStatusExecution] 027cc582-38ad-4b77-9ea4-3df5d0ff7569 [2026-09-16T09:53:59.464154] "src/gen/data/sap.capire.incidents-Incidents.csv", (STDOUT, APP/TASK/deploy)#
#2026 09 16 09:54:00.460#Z#DEBUG#52171575-b1b4-11f1-bf33-eeee0a8e3dbc.incident-management-db-deployer#flowable-async-job-executor-thread-12441#
[PollExecuteTaskStatusExecution] 027cc582-38ad-4b77-9ea4-3df5d0ff7569 [2026-09-16T09:53:59.464155] "src/gen/data/sap.capire.incidents-Incidents.hdbtabledata", (STDOUT, APP/TASK/deploy)#
#2026 09 16 09:54:00.460#Z#DEBUG#52171575-b1b4-11f1-bf33-eeee0a8e3dbc.incident-management-db-deployer#flowable-async-job-executor-thread-12441#
[PollExecuteTaskStatusExecution] 027cc582-38ad-4b77-9ea4-3df5d0ff7569 [2026-09-16T09:53:59.464157] "src/gen/data/sap.capire.incidents-Status.csv", (STDOUT, APP/TASK/deploy)#
#2026 09 16 09:54:00.460#Z#DEBUG#52171575-b1b4-11f1-bf33-eeee0a8e3dbc.incident-management-db-deployer#flowable-async-job-executor-thread-12441#
[PollExecuteTaskStatusExecution] 027cc582-38ad-4b77-9ea4-3df5d0ff7569 [2026-09-16T09:53:59.464159] "src/gen/data/sap.capire.incidents-Status.hdbtabledata", (STDOUT, APP/TASK/deploy)#
#2026 09 16 09:54:00.460#Z#DEBUG#52171575-b1b4-11f1-bf33-eeee0a8e3dbc.incident-management-db-deployer#flowable-async-job-executor-thread-12441#
[PollExecuteTaskStatusExecution] 027cc582-38ad-4b77-9ea4-3df5d0ff7569 [2026-09-16T09:53:59.464161] "src/gen/data/sap.capire.incidents-Status.texts.csv", (STDOUT, APP/TASK/deploy)#
#2026 09 16 09:54:00.460#Z#DEBUG#52171575-b1b4-11f1-bf33-eeee0a8e3dbc.incident-management-db-deployer#flowable-async-job-executor-thread-12441#
[PollExecuteTaskStatusExecution] 027cc582-38ad-4b77-9ea4-3df5d0ff7569 [2026-09-16T09:53:59.464163] "src/gen/data/sap.capire.incidents-Status.texts.hdbtabledata", (STDOUT, APP/TASK/deploy)#
#2026 09 16 09:54:00.460#Z#DEBUG#52171575-b1b4-11f1-bf33-eeee0a8e3dbc.incident-management-db-deployer#flowable-async-job-executor-thread-12441#
[PollExecuteTaskStatusExecution] 027cc582-38ad-4b77-9ea4-3df5d0ff7569 [2026-09-16T09:53:59.464168] "src/gen/data/sap.capire.incidents-Urgency.csv", (STDOUT, APP/TASK/deploy)#
#2026 09 16 09:54:00.460#Z#DEBUG#52171575-b1b4-11f1-bf33-eeee0a8e3dbc.incident-management-db-deployer#flowable-async-job-executor-thread-12441#
[PollExecuteTaskStatusExecution] 027cc582-38ad-4b77-9ea4-3df5d0ff7569 [2026-09-16T09:53:59.464169] "src/gen/data/sap.capire.incidents-Urgency.hdbtabledata", (STDOUT, APP/TASK/deploy)#
#2026 09 16 09:54:00.460#Z#DEBUG#52171575-b1b4-11f1-bf33-eeee0a8e3dbc.incident-management-db-deployer#flowable-async-job-executor-thread-12441#
[PollExecuteTaskStatusExecution] 027cc582-38ad-4b77-9ea4-3df5d0ff7569 [2026-09-16T09:53:59.464171] "src/gen/data/sap.capire.incidents-Urgency.texts.csv", (STDOUT, APP/TASK/deploy)#
#2026 09 16 09:54:00.460#Z#DEBUG#52171575-b1b4-11f1-bf33-eeee0a8e3dbc.incident-management-db-deployer#flowable-async-job-executor-thread-12441#
[PollExecuteTaskStatusExecution] 027cc582-38ad-4b77-9ea4-3df5d0ff7569 [2026-09-16T09:53:59.464182] "src/gen/data/sap.capire.incidents-Urgency.texts.hdbtabledata", (STDOUT, APP/TASK/deploy)#
#2026 09 16 09:54:00.460#Z#DEBUG#52171575-b1b4-11f1-bf33-eeee0a8e3dbc.incident-management-db-deployer#flowable-async-job-executor-thread-12441#
[PollExecuteTaskStatusExecution] 027cc582-38ad-4b77-9ea4-3df5d0ff7569 [2026-09-16T09:53:59.464185] "src/gen/localized.AdminService.Status.hdbview", (STDOUT, APP/TASK/deploy)#
#2026 09 16 09:54:00.460#Z#DEBUG#52171575-b1b4-11f1-bf33-eeee0a8e3dbc.incident-management-db-deployer#flowable-async-job-executor-thread-12441#
[PollExecuteTaskStatusExecution] 027cc582-38ad-4b77-9ea4-3df5d0ff7569 [2026-09-16T09:53:59.464187] "src/gen/localized.AdminService.Urgency.hdbview", (STDOUT, APP/TASK/deploy)#
#2026 09 16 09:54:00.460#Z#DEBUG#52171575-b1b4-11f1-bf33-eeee0a8e3dbc.incident-management-db-deployer#flowable-async-job-executor-thread-12441#
[PollExecuteTaskStatusExecution] 027cc582-38ad-4b77-9ea4-3df5d0ff7569 [2026-09-16T09:53:59.464190] "src/gen/localized.ProcessorService.Status.hdbview", (STDOUT, APP/TASK/deploy)#
#2026 09 16 09:54:00.460#Z#DEBUG#52171575-b1b4-11f1-bf33-eeee0a8e3dbc.incident-management-db-deployer#flowable-async-job-executor-thread-12441#
[PollExecuteTaskStatusExecution] 027cc582-38ad-4b77-9ea4-3df5d0ff7569 [2026-09-16T09:53:59.464192] "src/gen/localized.ProcessorService.Urgency.hdbview", (STDOUT, APP/TASK/deploy)#
#2026 09 16 09:54:00.460#Z#DEBUG#52171575-b1b4-11f1-bf33-eeee0a8e3dbc.incident-management-db-deployer#flowable-async-job-executor-thread-12441#
[PollExecuteTaskStatusExecution] 027cc582-38ad-4b77-9ea4-3df5d0ff7569 [2026-09-16T09:53:59.464194] "src/gen/localized.sap.capire.incidents.Status.hdbview", (STDOUT, APP/TASK/deploy)#
#2026 09 16 09:54:00.460#Z#DEBUG#52171575-b1b4-11f1-bf33-eeee0a8e3dbc.incident-management-db-deployer#flowable-async-job-executor-thread-12441#
[PollExecuteTaskStatusExecution] 027cc582-38ad-4b77-9ea4-3df5d0ff7569 [2026-09-16T09:53:59.464199] "src/gen/localized.sap.capire.incidents.Urgency.hdbview", (STDOUT, APP/TASK/deploy)#
#2026 09 16 09:54:00.460#Z#DEBUG#52171575-b1b4-11f1-bf33-eeee0a8e3dbc.incident-management-db-deployer#flowable-async-job-executor-thread-12441#
[PollExecuteTaskStatusExecution] 027cc582-38ad-4b77-9ea4-3df5d0ff7569 [2026-09-16T09:53:59.464201] "src/gen/sap.capire.incidents.Addresses.hdbtable", (STDOUT, APP/TASK/deploy)#
#2026 09 16 09:54:00.460#Z#DEBUG#52171575-b1b4-11f1-bf33-eeee0a8e3dbc.incident-management-db-deployer#flowable-async-job-executor-thread-12441#
[PollExecuteTaskStatusExecution] 027cc582-38ad-4b77-9ea4-3df5d0ff7569 [2026-09-16T09:53:59.464204] "src/gen/sap.capire.incidents.Customers.hdbtable", (STDOUT, APP/TASK/deploy)#
#2026 09 16 09:54:00.460#Z#DEBUG#52171575-b1b4-11f1-bf33-eeee0a8e3dbc.incident-management-db-deployer#flowable-async-job-executor-thread-12441#
[PollExecuteTaskStatusExecution] 027cc582-38ad-4b77-9ea4-3df5d0ff7569 [2026-09-16T09:53:59.464206] "src/gen/sap.capire.incidents.Incidents.hdbtable", (STDOUT, APP/TASK/deploy)#
#2026 09 16 09:54:00.460#Z#DEBUG#52171575-b1b4-11f1-bf33-eeee0a8e3dbc.incident-management-db-deployer#flowable-async-job-executor-thread-12441#
[PollExecuteTaskStatusExecution] 027cc582-38ad-4b77-9ea4-3df5d0ff7569 [2026-09-16T09:53:59.464208] "src/gen/sap.capire.incidents.Incidents_conversation.hdbtable", (STDOUT, APP/TASK/deploy)#
#2026 09 16 09:54:00.460#Z#DEBUG#52171575-b1b4-11f1-bf33-eeee0a8e3dbc.incident-management-db-deployer#flowable-async-job-executor-thread-12441#
[PollExecuteTaskStatusExecution] 027cc582-38ad-4b77-9ea4-3df5d0ff7569 [2026-09-16T09:53:59.464263] "src/gen/sap.capire.incidents.Status.hdbtable", (STDOUT, APP/TASK/deploy)#
#2026 09 16 09:54:00.460#Z#DEBUG#52171575-b1b4-11f1-bf33-eeee0a8e3dbc.incident-management-db-deployer#flowable-async-job-executor-thread-12441#
[PollExecuteTaskStatusExecution] 027cc582-38ad-4b77-9ea4-3df5d0ff7569 [2026-09-16T09:53:59.464265] "src/gen/sap.capire.incidents.Status_texts.hdbtable", (STDOUT, APP/TASK/deploy)#
#2026 09 16 09:54:00.460#Z#DEBUG#52171575-b1b4-11f1-bf33-eeee0a8e3dbc.incident-management-db-deployer#flowable-async-job-executor-thread-12441#
[PollExecuteTaskStatusExecution] 027cc582-38ad-4b77-9ea4-3df5d0ff7569 [2026-09-16T09:53:59.464267] "src/gen/sap.capire.incidents.Urgency.hdbtable", (STDOUT, APP/TASK/deploy)#
#2026 09 16 09:54:00.460#Z#DEBUG#52171575-b1b4-11f1-bf33-eeee0a8e3dbc.incident-management-db-deployer#flowable-async-job-executor-thread-12441#
[PollExecuteTaskStatusExecution] 027cc582-38ad-4b77-9ea4-3df5d0ff7569 [2026-09-16T09:53:59.464270] "src/gen/sap.capire.incidents.Urgency_texts.hdbtable" (STDOUT, APP/TASK/deploy)#
#2026 09 16 09:54:00.460#Z#DEBUG#52171575-b1b4-11f1-bf33-eeee0a8e3dbc.incident-management-db-deployer#flowable-async-job-executor-thread-12441#
[PollExecuteTaskStatusExecution] 027cc582-38ad-4b77-9ea4-3df5d0ff7569 [2026-09-16T09:53:59.464272] ] (STDOUT, APP/TASK/deploy)#
#2026 09 16 09:54:00.460#Z#DEBUG#52171575-b1b4-11f1-bf33-eeee0a8e3dbc.incident-management-db-deployer#flowable-async-job-executor-thread-12441#
[PollExecuteTaskStatusExecution] 027cc582-38ad-4b77-9ea4-3df5d0ff7569 [2026-09-16T09:53:59.464395] modified files: [] (STDOUT, APP/TASK/deploy)#
#2026 09 16 09:54:00.460#Z#DEBUG#52171575-b1b4-11f1-bf33-eeee0a8e3dbc.incident-management-db-deployer#flowable-async-job-executor-thread-12441#
[PollExecuteTaskStatusExecution] 027cc582-38ad-4b77-9ea4-3df5d0ff7569 [2026-09-16T09:53:59.464421] deleted files: [] (STDOUT, APP/TASK/deploy)#
#2026 09 16 09:54:00.460#Z#DEBUG#52171575-b1b4-11f1-bf33-eeee0a8e3dbc.incident-management-db-deployer#flowable-async-job-executor-thread-12441#
[PollExecuteTaskStatusExecution] 027cc582-38ad-4b77-9ea4-3df5d0ff7569 [2026-09-16T09:53:59.464425] 53 modified or added files are scheduled for deploy based on delta detection (STDOUT, APP/TASK/deploy)#
#2026 09 16 09:54:00.460#Z#DEBUG#52171575-b1b4-11f1-bf33-eeee0a8e3dbc.incident-management-db-deployer#flowable-async-job-executor-thread-12441#
[PollExecuteTaskStatusExecution] 027cc582-38ad-4b77-9ea4-3df5d0ff7569 [2026-09-16T09:53:59.464614] 0 deleted files are scheduled for undeploy based on delta detection (filtered by undeploy allowlist) (STDOUT, APP/TASK/deploy)#
#2026 09 16 09:54:00.460#Z#DEBUG#52171575-b1b4-11f1-bf33-eeee0a8e3dbc.incident-management-db-deployer#flowable-async-job-executor-thread-12441#
[PollExecuteTaskStatusExecution] 027cc582-38ad-4b77-9ea4-3df5d0ff7569 [2026-09-16T09:53:59.464921] 0 files are scheduled for deploy based on explicit specification (STDOUT, APP/TASK/deploy)#
#2026 09 16 09:54:00.460#Z#DEBUG#52171575-b1b4-11f1-bf33-eeee0a8e3dbc.incident-management-db-deployer#flowable-async-job-executor-thread-12441#
[PollExecuteTaskStatusExecution] 027cc582-38ad-4b77-9ea4-3df5d0ff7569 [2026-09-16T09:53:59.464972] 0 files are scheduled for undeploy based on explicit specification (STDOUT, APP/TASK/deploy)#
#2026 09 16 09:54:00.460#Z#DEBUG#52171575-b1b4-11f1-bf33-eeee0a8e3dbc.incident-management-db-deployer#flowable-async-job-executor-thread-12441#
[PollExecuteTaskStatusExecution] 027cc582-38ad-4b77-9ea4-3df5d0ff7569 [2026-09-16T09:53:59.465233] Deploying to the container "5FF7A647377A44D6A05255F1EC04CE54"... (STDOUT, APP/TASK/deploy)#
#2026 09 16 09:54:00.460#Z#DEBUG#52171575-b1b4-11f1-bf33-eeee0a8e3dbc.incident-management-db-deployer#flowable-async-job-executor-thread-12441#
[PollExecuteTaskStatusExecution] 027cc582-38ad-4b77-9ea4-3df5d0ff7569 [2026-09-16T09:54:00.096187] Polling messages for request id: 14 (STDOUT, APP/TASK/deploy)#
#2026 09 16 09:54:00.460#Z#DEBUG#52171575-b1b4-11f1-bf33-eeee0a8e3dbc.incident-management-db-deployer#flowable-async-job-executor-thread-12441#
[PollExecuteTaskStatusExecution] 027cc582-38ad-4b77-9ea4-3df5d0ff7569 [2026-09-16T09:54:00.271755] Starting make in the container "5FF7A647377A44D6A05255F1EC04CE54" with 53 files to deploy, 0 files to undeploy... (STDOUT, APP/TASK/deploy)#
#2026 09 16 09:54:00.460#Z#DEBUG#52171575-b1b4-11f1-bf33-eeee0a8e3dbc.incident-management-db-deployer#flowable-async-job-executor-thread-12441#
[PollExecuteTaskStatusExecution] 027cc582-38ad-4b77-9ea4-3df5d0ff7569 [2026-09-16T09:54:00.271788] Disabling table replication for the container schema "5FF7A647377A44D6A05255F1EC04CE54"... (STDOUT, APP/TASK/deploy)#
#2026 09 16 09:54:00.460#Z#DEBUG#52171575-b1b4-11f1-bf33-eeee0a8e3dbc.incident-management-db-deployer#flowable-async-job-executor-thread-12441#
[PollExecuteTaskStatusExecution] 027cc582-38ad-4b77-9ea4-3df5d0ff7569 [2026-09-16T09:54:00.271877] Disabling table replication for the container schema "5FF7A647377A44D6A05255F1EC04CE54"... ok (0s 14ms) (STDOUT, APP/TASK/deploy)#
#2026 09 16 09:54:00.460#Z#DEBUG#52171575-b1b4-11f1-bf33-eeee0a8e3dbc.incident-management-db-deployer#flowable-async-job-executor-thread-12441#
[PollExecuteTaskStatusExecution] 027cc582-38ad-4b77-9ea4-3df5d0ff7569 [2026-09-16T09:54:00.271911] Migrating libraries... (STDOUT, APP/TASK/deploy)#
#2026 09 16 09:54:00.460#Z#DEBUG#52171575-b1b4-11f1-bf33-eeee0a8e3dbc.incident-management-db-deployer#flowable-async-job-executor-thread-12441#
[PollExecuteTaskStatusExecution] 027cc582-38ad-4b77-9ea4-3df5d0ff7569 [2026-09-16T09:54:00.272044] Migrating libraries... ok (0s 22ms) (STDOUT, APP/TASK/deploy)#
#2026 09 16 09:54:00.460#Z#DEBUG#52171575-b1b4-11f1-bf33-eeee0a8e3dbc.incident-management-db-deployer#flowable-async-job-executor-thread-12441#
[PollExecuteTaskStatusExecution] 027cc582-38ad-4b77-9ea4-3df5d0ff7569 [2026-09-16T09:54:00.272063] Making... (STDOUT, APP/TASK/deploy)#
#2026 09 16 09:54:00.460#Z#DEBUG#52171575-b1b4-11f1-bf33-eeee0a8e3dbc.incident-management-db-deployer#flowable-async-job-executor-thread-12441#
[PollExecuteTaskStatusExecution] 027cc582-38ad-4b77-9ea4-3df5d0ff7569 [2026-09-16T09:54:00.272104] Preparing... (STDOUT, APP/TASK/deploy)#
#2026 09 16 09:54:00.460#Z#DEBUG#52171575-b1b4-11f1-bf33-eeee0a8e3dbc.incident-management-db-deployer#flowable-async-job-executor-thread-12441#
[PollExecuteTaskStatusExecution] 027cc582-38ad-4b77-9ea4-3df5d0ff7569 [2026-09-16T09:54:00.272111] Preparing the make transaction... (STDOUT, APP/TASK/deploy)#
#2026 09 16 09:54:10.584#Z#DEBUG#52171575-b1b4-11f1-bf33-eeee0a8e3dbc.incident-management-db-deployer#flowable-async-job-executor-thread-15220#
[PollExecuteTaskStatusExecution] 027cc582-38ad-4b77-9ea4-3df5d0ff7569 [2026-09-16T09:54:01.293494] Deploying the configuration file "src/gen/.hdiconfig"... (STDOUT, APP/TASK/deploy)#
#2026 09 16 09:54:10.584#Z#DEBUG#52171575-b1b4-11f1-bf33-eeee0a8e3dbc.incident-management-db-deployer#flowable-async-job-executor-thread-15220#
[PollExecuteTaskStatusExecution] 027cc582-38ad-4b77-9ea4-3df5d0ff7569 [2026-09-16T09:54:01.293946] Preparing the make transaction... ok (0s 792ms) (STDOUT, APP/TASK/deploy)#
#2026 09 16 09:54:10.584#Z#DEBUG#52171575-b1b4-11f1-bf33-eeee0a8e3dbc.incident-management-db-deployer#flowable-async-job-executor-thread-15220#
[PollExecuteTaskStatusExecution] 027cc582-38ad-4b77-9ea4-3df5d0ff7569 [2026-09-16T09:54:01.294104] Deploying the configuration file "src/gen/.hdiconfig"... ok (0s 120ms) (STDOUT, APP/TASK/deploy)#
#2026 09 16 09:54:10.584#Z#DEBUG#52171575-b1b4-11f1-bf33-eeee0a8e3dbc.incident-management-db-deployer#flowable-async-job-executor-thread-15220#
[PollExecuteTaskStatusExecution] 027cc582-38ad-4b77-9ea4-3df5d0ff7569 [2026-09-16T09:54:01.294237] Deploying the namespace file "src/gen/.hdinamespace"... (STDOUT, APP/TASK/deploy)#
#2026 09 16 09:54:10.584#Z#DEBUG#52171575-b1b4-11f1-bf33-eeee0a8e3dbc.incident-management-db-deployer#flowable-async-job-executor-thread-15220#
[PollExecuteTaskStatusExecution] 027cc582-38ad-4b77-9ea4-3df5d0ff7569 [2026-09-16T09:54:01.295123] Deploying the namespace file "src/gen/.hdinamespace"... ok (0s 25ms) (STDOUT, APP/TASK/deploy)#
#2026 09 16 09:54:10.584#Z#DEBUG#52171575-b1b4-11f1-bf33-eeee0a8e3dbc.incident-management-db-deployer#flowable-async-job-executor-thread-15220#
[PollExecuteTaskStatusExecution] 027cc582-38ad-4b77-9ea4-3df5d0ff7569 [2026-09-16T09:54:01.295303] Adding "src/gen/AdminService.Addresses.hdbview" for deploy... (STDOUT, APP/TASK/deploy)#
#2026 09 16 09:54:10.584#Z#DEBUG#52171575-b1b4-11f1-bf33-eeee0a8e3dbc.incident-management-db-deployer#flowable-async-job-executor-thread-15220#
[PollExecuteTaskStatusExecution] 027cc582-38ad-4b77-9ea4-3df5d0ff7569 [2026-09-16T09:54:01.295458] Adding "src/gen/AdminService.Addresses.hdbview" for deploy... ok (0s 33ms) (STDOUT, APP/TASK/deploy)#
#2026 09 16 09:54:10.584#Z#DEBUG#52171575-b1b4-11f1-bf33-eeee0a8e3dbc.incident-management-db-deployer#flowable-async-job-executor-thread-15220#
[PollExecuteTaskStatusExecution] 027cc582-38ad-4b77-9ea4-3df5d0ff7569 [2026-09-16T09:54:01.295845] Adding "src/gen/AdminService.Customers.hdbview" for deploy... (STDOUT, APP/TASK/deploy)#
#2026 09 16 09:54:10.584#Z#DEBUG#52171575-b1b4-11f1-bf33-eeee0a8e3dbc.incident-management-db-deployer#flowable-async-job-executor-thread-15220#
[PollExecuteTaskStatusExecution] 027cc582-38ad-4b77-9ea4-3df5d0ff7569 [2026-09-16T09:54:01.295994] Adding "src/gen/AdminService.Customers.hdbview" for deploy... ok (0s 0ms) (STDOUT, APP/TASK/deploy)#
#2026 09 16 09:54:10.584#Z#DEBUG#52171575-b1b4-11f1-bf33-eeee0a8e3dbc.incident-management-db-deployer#flowable-async-job-executor-thread-15220#
[PollExecuteTaskStatusExecution] 027cc582-38ad-4b77-9ea4-3df5d0ff7569 [2026-09-16T09:54:01.296136] Adding "src/gen/AdminService.Incidents.hdbview" for deploy... (STDOUT, APP/TASK/deploy)#
#2026 09 16 09:54:10.584#Z#DEBUG#52171575-b1b4-11f1-bf33-eeee0a8e3dbc.incident-management-db-deployer#flowable-async-job-executor-thread-15220#
[PollExecuteTaskStatusExecution] 027cc582-38ad-4b77-9ea4-3df5d0ff7569 [2026-09-16T09:54:01.296267] Adding "src/gen/AdminService.Incidents.hdbview" for deploy... ok (0s 0ms) (STDOUT, APP/TASK/deploy)#
#2026 09 16 09:54:10.584#Z#DEBUG#52171575-b1b4-11f1-bf33-eeee0a8e3dbc.incident-management-db-deployer#flowable-async-job-executor-thread-15220#
[PollExecuteTaskStatusExecution] 027cc582-38ad-4b77-9ea4-3df5d0ff7569 [2026-09-16T09:54:01.296462] Adding "src/gen/AdminService.Incidents_conversation.hdbview" for deploy... (STDOUT, APP/TASK/deploy)#
#2026 09 16 09:54:10.584#Z#DEBUG#52171575-b1b4-11f1-bf33-eeee0a8e3dbc.incident-management-db-deployer#flowable-async-job-executor-thread-15220#
[PollExecuteTaskStatusExecution] 027cc582-38ad-4b77-9ea4-3df5d0ff7569 [2026-09-16T09:54:01.296617] Adding "src/gen/AdminService.Incidents_conversation.hdbview" for deploy... ok (0s 0ms) (STDOUT, APP/TASK/deploy)#
#2026 09 16 09:54:10.584#Z#DEBUG#52171575-b1b4-11f1-bf33-eeee0a8e3dbc.incident-management-db-deployer#flowable-async-job-executor-thread-15220#
[PollExecuteTaskStatusExecution] 027cc582-38ad-4b77-9ea4-3df5d0ff7569 [2026-09-16T09:54:01.296741] Adding "src/gen/AdminService.Status.hdbview" for deploy... (STDOUT, APP/TASK/deploy)#
#2026 09 16 09:54:10.584#Z#DEBUG#52171575-b1b4-11f1-bf33-eeee0a8e3dbc.incident-management-db-deployer#flowable-async-job-executor-thread-15220#
[PollExecuteTaskStatusExecution] 027cc582-38ad-4b77-9ea4-3df5d0ff7569 [2026-09-16T09:54:01.296919] Adding "src/gen/AdminService.Status.hdbview" for deploy... ok (0s 0ms) (STDOUT, APP/TASK/deploy)#
#2026 09 16 09:54:10.584#Z#DEBUG#52171575-b1b4-11f1-bf33-eeee0a8e3dbc.incident-management-db-deployer#flowable-async-job-executor-thread-15220#
[PollExecuteTaskStatusExecution] 027cc582-38ad-4b77-9ea4-3df5d0ff7569 [2026-09-16T09:54:01.297065] Adding "src/gen/AdminService.Status_texts.hdbview" for deploy... (STDOUT, APP/TASK/deploy)#
#2026 09 16 09:54:10.584#Z#DEBUG#52171575-b1b4-11f1-bf33-eeee0a8e3dbc.incident-management-db-deployer#flowable-async-job-executor-thread-15220#
[PollExecuteTaskStatusExecution] 027cc582-38ad-4b77-9ea4-3df5d0ff7569 [2026-09-16T09:54:01.297202] Adding "src/gen/AdminService.Status_texts.hdbview" for deploy... ok (0s 0ms) (STDOUT, APP/TASK/deploy)#
#2026 09 16 09:54:10.584#Z#DEBUG#52171575-b1b4-11f1-bf33-eeee0a8e3dbc.incident-management-db-deployer#flowable-async-job-executor-thread-15220#
[PollExecuteTaskStatusExecution] 027cc582-38ad-4b77-9ea4-3df5d0ff7569 [2026-09-16T09:54:01.297328] Adding "src/gen/AdminService.Urgency.hdbview" for deploy... (STDOUT, APP/TASK/deploy)#
#2026 09 16 09:54:10.584#Z#DEBUG#52171575-b1b4-11f1-bf33-eeee0a8e3dbc.incident-management-db-deployer#flowable-async-job-executor-thread-15220#
[PollExecuteTaskStatusExecution] 027cc582-38ad-4b77-9ea4-3df5d0ff7569 [2026-09-16T09:54:01.297451] Adding "src/gen/AdminService.Urgency.hdbview" for deploy... ok (0s 0ms) (STDOUT, APP/TASK/deploy)#
#2026 09 16 09:54:10.584#Z#DEBUG#52171575-b1b4-11f1-bf33-eeee0a8e3dbc.incident-management-db-deployer#flowable-async-job-executor-thread-15220#
[PollExecuteTaskStatusExecution] 027cc582-38ad-4b77-9ea4-3df5d0ff7569 [2026-09-16T09:54:01.297571] Adding "src/gen/AdminService.Urgency_texts.hdbview" for deploy... (STDOUT, APP/TASK/deploy)#
#2026 09 16 09:54:10.584#Z#DEBUG#52171575-b1b4-11f1-bf33-eeee0a8e3dbc.incident-management-db-deployer#flowable-async-job-executor-thread-15220#
[PollExecuteTaskStatusExecution] 027cc582-38ad-4b77-9ea4-3df5d0ff7569 [2026-09-16T09:54:01.297696] Adding "src/gen/AdminService.Urgency_texts.hdbview" for deploy... ok (0s 0ms) (STDOUT, APP/TASK/deploy)#
#2026 09 16 09:54:10.584#Z#DEBUG#52171575-b1b4-11f1-bf33-eeee0a8e3dbc.incident-management-db-deployer#flowable-async-job-executor-thread-15220#
[PollExecuteTaskStatusExecution] 027cc582-38ad-4b77-9ea4-3df5d0ff7569 [2026-09-16T09:54:01.297813] Adding "src/gen/DRAFT.DraftAdministrativeData.hdbtable" for deploy... (STDOUT, APP/TASK/deploy)#
#2026 09 16 09:54:10.584#Z#DEBUG#52171575-b1b4-11f1-bf33-eeee0a8e3dbc.incident-management-db-deployer#flowable-async-job-executor-thread-15220#
[PollExecuteTaskStatusExecution] 027cc582-38ad-4b77-9ea4-3df5d0ff7569 [2026-09-16T09:54:01.297935] Adding "src/gen/DRAFT.DraftAdministrativeData.hdbtable" for deploy... ok (0s 0ms) (STDOUT, APP/TASK/deploy)#
#2026 09 16 09:54:10.584#Z#DEBUG#52171575-b1b4-11f1-bf33-eeee0a8e3dbc.incident-management-db-deployer#flowable-async-job-executor-thread-15220#
[PollExecuteTaskStatusExecution] 027cc582-38ad-4b77-9ea4-3df5d0ff7569 [2026-09-16T09:54:01.298083] Adding "src/gen/ProcessorService.Addresses.hdbview" for deploy... (STDOUT, APP/TASK/deploy)#
#2026 09 16 09:54:10.584#Z#DEBUG#52171575-b1b4-11f1-bf33-eeee0a8e3dbc.incident-management-db-deployer#flowable-async-job-executor-thread-15220#
[PollExecuteTaskStatusExecution] 027cc582-38ad-4b77-9ea4-3df5d0ff7569 [2026-09-16T09:54:01.298224] Adding "src/gen/ProcessorService.Addresses.hdbview" for deploy... ok (0s 0ms) (STDOUT, APP/TASK/deploy)#
#2026 09 16 09:54:10.584#Z#DEBUG#52171575-b1b4-11f1-bf33-eeee0a8e3dbc.incident-management-db-deployer#flowable-async-job-executor-thread-15220#
[PollExecuteTaskStatusExecution] 027cc582-38ad-4b77-9ea4-3df5d0ff7569 [2026-09-16T09:54:01.298372] Adding "src/gen/ProcessorService.Customers.hdbview" for deploy... (STDOUT, APP/TASK/deploy)#
#2026 09 16 09:54:10.584#Z#DEBUG#52171575-b1b4-11f1-bf33-eeee0a8e3dbc.incident-management-db-deployer#flowable-async-job-executor-thread-15220#
[PollExecuteTaskStatusExecution] 027cc582-38ad-4b77-9ea4-3df5d0ff7569 [2026-09-16T09:54:01.298502] Adding "src/gen/ProcessorService.Customers.hdbview" for deploy... ok (0s 0ms) (STDOUT, APP/TASK/deploy)#
#2026 09 16 09:54:10.584#Z#DEBUG#52171575-b1b4-11f1-bf33-eeee0a8e3dbc.incident-management-db-deployer#flowable-async-job-executor-thread-15220#
[PollExecuteTaskStatusExecution] 027cc582-38ad-4b77-9ea4-3df5d0ff7569 [2026-09-16T09:54:01.298671] Adding "src/gen/ProcessorService.DraftAdministrativeData.hdbview" for deploy... (STDOUT, APP/TASK/deploy)#
#2026 09 16 09:54:10.584#Z#DEBUG#52171575-b1b4-11f1-bf33-eeee0a8e3dbc.incident-management-db-deployer#flowable-async-job-executor-thread-15220#
[PollExecuteTaskStatusExecution] 027cc582-38ad-4b77-9ea4-3df5d0ff7569 [2026-09-16T09:54:01.298681] Adding "src/gen/ProcessorService.DraftAdministrativeData.hdbview" for deploy... ok (0s 0ms) (STDOUT, APP/TASK/deploy)#
#2026 09 16 09:54:10.584#Z#DEBUG#52171575-b1b4-11f1-bf33-eeee0a8e3dbc.incident-management-db-deployer#flowable-async-job-executor-thread-15220#
[PollExecuteTaskStatusExecution] 027cc582-38ad-4b77-9ea4-3df5d0ff7569 [2026-09-16T09:54:01.299452] Adding "src/gen/ProcessorService.Incidents.hdbview" for deploy... (STDOUT, APP/TASK/deploy)#
#2026 09 16 09:54:10.584#Z#DEBUG#52171575-b1b4-11f1-bf33-eeee0a8e3dbc.incident-management-db-deployer#flowable-async-job-executor-thread-15220#
[PollExecuteTaskStatusExecution] 027cc582-38ad-4b77-9ea4-3df5d0ff7569 [2026-09-16T09:54:01.299513] Adding "src/gen/ProcessorService.Incidents.hdbview" for deploy... ok (0s 0ms) (STDOUT, APP/TASK/deploy)#
#2026 09 16 09:54:10.584#Z#DEBUG#52171575-b1b4-11f1-bf33-eeee0a8e3dbc.incident-management-db-deployer#flowable-async-job-executor-thread-15220#
[PollExecuteTaskStatusExecution] 027cc582-38ad-4b77-9ea4-3df5d0ff7569 [2026-09-16T09:54:01.299628] Adding "src/gen/ProcessorService.Incidents_conversation.hdbview" for deploy... (STDOUT, APP/TASK/deploy)#
#2026 09 16 09:54:10.584#Z#DEBUG#52171575-b1b4-11f1-bf33-eeee0a8e3dbc.incident-management-db-deployer#flowable-async-job-executor-thread-15220#
[PollExecuteTaskStatusExecution] 027cc582-38ad-4b77-9ea4-3df5d0ff7569 [2026-09-16T09:54:01.299747] Adding "src/gen/ProcessorService.Incidents_conversation.hdbview" for deploy... ok (0s 0ms) (STDOUT, APP/TASK/deploy)#
#2026 09 16 09:54:10.584#Z#DEBUG#52171575-b1b4-11f1-bf33-eeee0a8e3dbc.incident-management-db-deployer#flowable-async-job-executor-thread-15220#
[PollExecuteTaskStatusExecution] 027cc582-38ad-4b77-9ea4-3df5d0ff7569 [2026-09-16T09:54:01.299859] Adding "src/gen/ProcessorService.Incidents_conversation_drafts.hdbtable" for deploy... (STDOUT, APP/TASK/deploy)#
#2026 09 16 09:54:10.584#Z#DEBUG#52171575-b1b4-11f1-bf33-eeee0a8e3dbc.incident-management-db-deployer#flowable-async-job-executor-thread-15220#
[PollExecuteTaskStatusExecution] 027cc582-38ad-4b77-9ea4-3df5d0ff7569 [2026-09-16T09:54:01.300068] Adding "src/gen/ProcessorService.Incidents_conversation_drafts.hdbtable" for deploy... ok (0s 0ms) (STDOUT, APP/TASK/deploy)#
#2026 09 16 09:54:10.584#Z#DEBUG#52171575-b1b4-11f1-bf33-eeee0a8e3dbc.incident-management-db-deployer#flowable-async-job-executor-thread-15220#
[PollExecuteTaskStatusExecution] 027cc582-38ad-4b77-9ea4-3df5d0ff7569 [2026-09-16T09:54:01.300341] Adding "src/gen/ProcessorService.Incidents_drafts.hdbtable" for deploy... (STDOUT, APP/TASK/deploy)#
#2026 09 16 09:54:10.584#Z#DEBUG#52171575-b1b4-11f1-bf33-eeee0a8e3dbc.incident-management-db-deployer#flowable-async-job-executor-thread-15220#
[PollExecuteTaskStatusExecution] 027cc582-38ad-4b77-9ea4-3df5d0ff7569 [2026-09-16T09:54:01.300379] Adding "src/gen/ProcessorService.Incidents_drafts.hdbtable" for deploy... ok (0s 0ms) (STDOUT, APP/TASK/deploy)#
#2026 09 16 09:54:10.584#Z#DEBUG#52171575-b1b4-11f1-bf33-eeee0a8e3dbc.incident-management-db-deployer#flowable-async-job-executor-thread-15220#
[PollExecuteTaskStatusExecution] 027cc582-38ad-4b77-9ea4-3df5d0ff7569 [2026-09-16T09:54:01.300448] Adding "src/gen/ProcessorService.Status.hdbview" for deploy... (STDOUT, APP/TASK/deploy)#
#2026 09 16 09:54:10.584#Z#DEBUG#52171575-b1b4-11f1-bf33-eeee0a8e3dbc.incident-management-db-deployer#flowable-async-job-executor-thread-15220#
[PollExecuteTaskStatusExecution] 027cc582-38ad-4b77-9ea4-3df5d0ff7569 [2026-09-16T09:54:01.300573] Adding "src/gen/ProcessorService.Status.hdbview" for deploy... ok (0s 0ms) (STDOUT, APP/TASK/deploy)#
#2026 09 16 09:54:10.584#Z#DEBUG#52171575-b1b4-11f1-bf33-eeee0a8e3dbc.incident-management-db-deployer#flowable-async-job-executor-thread-15220#
[PollExecuteTaskStatusExecution] 027cc582-38ad-4b77-9ea4-3df5d0ff7569 [2026-09-16T09:54:01.300624] Adding "src/gen/ProcessorService.Status_texts.hdbview" for deploy... (STDOUT, APP/TASK/deploy)#
#2026 09 16 09:54:10.584#Z#DEBUG#52171575-b1b4-11f1-bf33-eeee0a8e3dbc.incident-management-db-deployer#flowable-async-job-executor-thread-15220#
[PollExecuteTaskStatusExecution] 027cc582-38ad-4b77-9ea4-3df5d0ff7569 [2026-09-16T09:54:01.300728] Adding "src/gen/ProcessorService.Status_texts.hdbview" for deploy... ok (0s 0ms) (STDOUT, APP/TASK/deploy)#
#2026 09 16 09:54:10.584#Z#DEBUG#52171575-b1b4-11f1-bf33-eeee0a8e3dbc.incident-management-db-deployer#flowable-async-job-executor-thread-15220#
[PollExecuteTaskStatusExecution] 027cc582-38ad-4b77-9ea4-3df5d0ff7569 [2026-09-16T09:54:01.300882] Adding "src/gen/ProcessorService.Urgency.hdbview" for deploy... (STDOUT, APP/TASK/deploy)#
#2026 09 16 09:54:10.584#Z#DEBUG#52171575-b1b4-11f1-bf33-eeee0a8e3dbc.incident-management-db-deployer#flowable-async-job-executor-thread-15220#
[PollExecuteTaskStatusExecution] 027cc582-38ad-4b77-9ea4-3df5d0ff7569 [2026-09-16T09:54:01.300959] Adding "src/gen/ProcessorService.Urgency.hdbview" for deploy... ok (0s 0ms) (STDOUT, APP/TASK/deploy)#
#2026 09 16 09:54:10.584#Z#DEBUG#52171575-b1b4-11f1-bf33-eeee0a8e3dbc.incident-management-db-deployer#flowable-async-job-executor-thread-15220#
[PollExecuteTaskStatusExecution] 027cc582-38ad-4b77-9ea4-3df5d0ff7569 [2026-09-16T09:54:01.301018] Adding "src/gen/ProcessorService.Urgency_texts.hdbview" for deploy... (STDOUT, APP/TASK/deploy)#
#2026 09 16 09:54:10.584#Z#DEBUG#52171575-b1b4-11f1-bf33-eeee0a8e3dbc.incident-management-db-deployer#flowable-async-job-executor-thread-15220#
[PollExecuteTaskStatusExecution] 027cc582-38ad-4b77-9ea4-3df5d0ff7569 [2026-09-16T09:54:01.301115] Adding "src/gen/ProcessorService.Urgency_texts.hdbview" for deploy... ok (0s 0ms) (STDOUT, APP/TASK/deploy)#
#2026 09 16 09:54:10.584#Z#DEBUG#52171575-b1b4-11f1-bf33-eeee0a8e3dbc.incident-management-db-deployer#flowable-async-job-executor-thread-15220#
[PollExecuteTaskStatusExecution] 027cc582-38ad-4b77-9ea4-3df5d0ff7569 [2026-09-16T09:54:01.301169] Adding "src/gen/cds.outbox.Messages.hdbtable" for deploy... (STDOUT, APP/TASK/deploy)#
#2026 09 16 09:54:10.584#Z#DEBUG#52171575-b1b4-11f1-bf33-eeee0a8e3dbc.incident-management-db-deployer#flowable-async-job-executor-thread-15220#
[PollExecuteTaskStatusExecution] 027cc582-38ad-4b77-9ea4-3df5d0ff7569 [2026-09-16T09:54:01.301208] Adding "src/gen/cds.outbox.Messages.hdbtable" for deploy... ok (0s 0ms) (STDOUT, APP/TASK/deploy)#
#2026 09 16 09:54:10.584#Z#DEBUG#52171575-b1b4-11f1-bf33-eeee0a8e3dbc.incident-management-db-deployer#flowable-async-job-executor-thread-15220#
[PollExecuteTaskStatusExecution] 027cc582-38ad-4b77-9ea4-3df5d0ff7569 [2026-09-16T09:54:01.301242] Adding "src/gen/data/sap.capire.incidents-Addresses.csv" for deploy... (STDOUT, APP/TASK/deploy)#
#2026 09 16 09:54:10.584#Z#DEBUG#52171575-b1b4-11f1-bf33-eeee0a8e3dbc.incident-management-db-deployer#flowable-async-job-executor-thread-15220#
[PollExecuteTaskStatusExecution] 027cc582-38ad-4b77-9ea4-3df5d0ff7569 [2026-09-16T09:54:01.301300] Adding "src/gen/data/sap.capire.incidents-Addresses.csv" for deploy... ok (0s 62ms) (STDOUT, APP/TASK/deploy)#
#2026 09 16 09:54:10.584#Z#DEBUG#52171575-b1b4-11f1-bf33-eeee0a8e3dbc.incident-management-db-deployer#flowable-async-job-executor-thread-15220#
[PollExecuteTaskStatusExecution] 027cc582-38ad-4b77-9ea4-3df5d0ff7569 [2026-09-16T09:54:01.301346] Adding "src/gen/data/sap.capire.incidents-Addresses.hdbtabledata" for deploy... (STDOUT, APP/TASK/deploy)#
#2026 09 16 09:54:10.584#Z#DEBUG#52171575-b1b4-11f1-bf33-eeee0a8e3dbc.incident-management-db-deployer#flowable-async-job-executor-thread-15220#
[PollExecuteTaskStatusExecution] 027cc582-38ad-4b77-9ea4-3df5d0ff7569 [2026-09-16T09:54:01.301391] Adding "src/gen/data/sap.capire.incidents-Addresses.hdbtabledata" for deploy... ok (0s 0ms) (STDOUT, APP/TASK/deploy)#
#2026 09 16 09:54:10.584#Z#DEBUG#52171575-b1b4-11f1-bf33-eeee0a8e3dbc.incident-management-db-deployer#flowable-async-job-executor-thread-15220#
[PollExecuteTaskStatusExecution] 027cc582-38ad-4b77-9ea4-3df5d0ff7569 [2026-09-16T09:54:01.301435] Adding "src/gen/data/sap.capire.incidents-Customers.csv" for deploy... (STDOUT, APP/TASK/deploy)#
#2026 09 16 09:54:10.584#Z#DEBUG#52171575-b1b4-11f1-bf33-eeee0a8e3dbc.incident-management-db-deployer#flowable-async-job-executor-thread-15220#
[PollExecuteTaskStatusExecution] 027cc582-38ad-4b77-9ea4-3df5d0ff7569 [2026-09-16T09:54:01.301482] Adding "src/gen/data/sap.capire.incidents-Customers.csv" for deploy... ok (0s 0ms) (STDOUT, APP/TASK/deploy)#
#2026 09 16 09:54:10.584#Z#DEBUG#52171575-b1b4-11f1-bf33-eeee0a8e3dbc.incident-management-db-deployer#flowable-async-job-executor-thread-15220#
[PollExecuteTaskStatusExecution] 027cc582-38ad-4b77-9ea4-3df5d0ff7569 [2026-09-16T09:54:01.301532] Adding "src/gen/data/sap.capire.incidents-Customers.hdbtabledata" for deploy... (STDOUT, APP/TASK/deploy)#
#2026 09 16 09:54:10.584#Z#DEBUG#52171575-b1b4-11f1-bf33-eeee0a8e3dbc.incident-management-db-deployer#flowable-async-job-executor-thread-15220#
[PollExecuteTaskStatusExecution] 027cc582-38ad-4b77-9ea4-3df5d0ff7569 [2026-09-16T09:54:01.301628] Adding "src/gen/data/sap.capire.incidents-Customers.hdbtabledata" for deploy... ok (0s 0ms) (STDOUT, APP/TASK/deploy)#
#2026 09 16 09:54:10.584#Z#DEBUG#52171575-b1b4-11f1-bf33-eeee0a8e3dbc.incident-management-db-deployer#flowable-async-job-executor-thread-15220#
[PollExecuteTaskStatusExecution] 027cc582-38ad-4b77-9ea4-3df5d0ff7569 [2026-09-16T09:54:01.301683] Adding "src/gen/data/sap.capire.incidents-Incidents.conversation.csv" for deploy... (STDOUT, APP/TASK/deploy)#
#2026 09 16 09:54:10.584#Z#DEBUG#52171575-b1b4-11f1-bf33-eeee0a8e3dbc.incident-management-db-deployer#flowable-async-job-executor-thread-15220#
[PollExecuteTaskStatusExecution] 027cc582-38ad-4b77-9ea4-3df5d0ff7569 [2026-09-16T09:54:01.301739] Adding "src/gen/data/sap.capire.incidents-Incidents.conversation.csv" for deploy... ok (0s 0ms) (STDOUT, APP/TASK/deploy)#
#2026 09 16 09:54:10.584#Z#DEBUG#52171575-b1b4-11f1-bf33-eeee0a8e3dbc.incident-management-db-deployer#flowable-async-job-executor-thread-15220#
[PollExecuteTaskStatusExecution] 027cc582-38ad-4b77-9ea4-3df5d0ff7569 [2026-09-16T09:54:01.301786] Adding "src/gen/data/sap.capire.incidents-Incidents.conversation.hdbtabledata" for deploy... (STDOUT, APP/TASK/deploy)#
#2026 09 16 09:54:10.584#Z#DEBUG#52171575-b1b4-11f1-bf33-eeee0a8e3dbc.incident-management-db-deployer#flowable-async-job-executor-thread-15220#
[PollExecuteTaskStatusExecution] 027cc582-38ad-4b77-9ea4-3df5d0ff7569 [2026-09-16T09:54:01.301833] Adding "src/gen/data/sap.capire.incidents-Incidents.conversation.hdbtabledata" for deploy... ok (0s 0ms) (STDOUT, APP/TASK/deploy)#
#2026 09 16 09:54:10.584#Z#DEBUG#52171575-b1b4-11f1-bf33-eeee0a8e3dbc.incident-management-db-deployer#flowable-async-job-executor-thread-15220#
[PollExecuteTaskStatusExecution] 027cc582-38ad-4b77-9ea4-3df5d0ff7569 [2026-09-16T09:54:01.301878] Adding "src/gen/data/sap.capire.incidents-Incidents.csv" for deploy... (STDOUT, APP/TASK/deploy)#
#2026 09 16 09:54:10.584#Z#DEBUG#52171575-b1b4-11f1-bf33-eeee0a8e3dbc.incident-management-db-deployer#flowable-async-job-executor-thread-15220#
[PollExecuteTaskStatusExecution] 027cc582-38ad-4b77-9ea4-3df5d0ff7569 [2026-09-16T09:54:01.301924] Adding "src/gen/data/sap.capire.incidents-Incidents.csv" for deploy... ok (0s 1ms) (STDOUT, APP/TASK/deploy)#
#2026 09 16 09:54:10.584#Z#DEBUG#52171575-b1b4-11f1-bf33-eeee0a8e3dbc.incident-management-db-deployer#flowable-async-job-executor-thread-15220#
[PollExecuteTaskStatusExecution] 027cc582-38ad-4b77-9ea4-3df5d0ff7569 [2026-09-16T09:54:01.301970] Adding "src/gen/data/sap.capire.incidents-Incidents.hdbtabledata" for deploy... (STDOUT, APP/TASK/deploy)#
#2026 09 16 09:54:10.584#Z#DEBUG#52171575-b1b4-11f1-bf33-eeee0a8e3dbc.incident-management-db-deployer#flowable-async-job-executor-thread-15220#
[PollExecuteTaskStatusExecution] 027cc582-38ad-4b77-9ea4-3df5d0ff7569 [2026-09-16T09:54:01.302007] Adding "src/gen/data/sap.capire.incidents-Incidents.hdbtabledata" for deploy... ok (0s 0ms) (STDOUT, APP/TASK/deploy)#
#2026 09 16 09:54:10.584#Z#DEBUG#52171575-b1b4-11f1-bf33-eeee0a8e3dbc.incident-management-db-deployer#flowable-async-job-executor-thread-15220#
[PollExecuteTaskStatusExecution] 027cc582-38ad-4b77-9ea4-3df5d0ff7569 [2026-09-16T09:54:01.302042] Adding "src/gen/data/sap.capire.incidents-Status.csv" for deploy... (STDOUT, APP/TASK/deploy)#
#2026 09 16 09:54:10.584#Z#DEBUG#52171575-b1b4-11f1-bf33-eeee0a8e3dbc.incident-management-db-deployer#flowable-async-job-executor-thread-15220#
[PollExecuteTaskStatusExecution] 027cc582-38ad-4b77-9ea4-3df5d0ff7569 [2026-09-16T09:54:01.302076] Adding "src/gen/data/sap.capire.incidents-Status.csv" for deploy... ok (0s 0ms) (STDOUT, APP/TASK/deploy)#
#2026 09 16 09:54:10.584#Z#DEBUG#52171575-b1b4-11f1-bf33-eeee0a8e3dbc.incident-management-db-deployer#flowable-async-job-executor-thread-15220#
[PollExecuteTaskStatusExecution] 027cc582-38ad-4b77-9ea4-3df5d0ff7569 [2026-09-16T09:54:01.302116] Adding "src/gen/data/sap.capire.incidents-Status.hdbtabledata" for deploy... (STDOUT, APP/TASK/deploy)#
#2026 09 16 09:54:10.584#Z#DEBUG#52171575-b1b4-11f1-bf33-eeee0a8e3dbc.incident-management-db-deployer#flowable-async-job-executor-thread-15220#
[PollExecuteTaskStatusExecution] 027cc582-38ad-4b77-9ea4-3df5d0ff7569 [2026-09-16T09:54:01.302151] Adding "src/gen/data/sap.capire.incidents-Status.hdbtabledata" for deploy... ok (0s 0ms) (STDOUT, APP/TASK/deploy)#
#2026 09 16 09:54:10.584#Z#DEBUG#52171575-b1b4-11f1-bf33-eeee0a8e3dbc.incident-management-db-deployer#flowable-async-job-executor-thread-15220#
[PollExecuteTaskStatusExecution] 027cc582-38ad-4b77-9ea4-3df5d0ff7569 [2026-09-16T09:54:01.302185] Adding "src/gen/data/sap.capire.incidents-Status.texts.csv" for deploy... (STDOUT, APP/TASK/deploy)#
#2026 09 16 09:54:10.584#Z#DEBUG#52171575-b1b4-11f1-bf33-eeee0a8e3dbc.incident-management-db-deployer#flowable-async-job-executor-thread-15220#
[PollExecuteTaskStatusExecution] 027cc582-38ad-4b77-9ea4-3df5d0ff7569 [2026-09-16T09:54:01.302229] Adding "src/gen/data/sap.capire.incidents-Status.texts.csv" for deploy... ok (0s 0ms) (STDOUT, APP/TASK/deploy)#
#2026 09 16 09:54:10.584#Z#DEBUG#52171575-b1b4-11f1-bf33-eeee0a8e3dbc.incident-management-db-deployer#flowable-async-job-executor-thread-15220#
[PollExecuteTaskStatusExecution] 027cc582-38ad-4b77-9ea4-3df5d0ff7569 [2026-09-16T09:54:01.302264] Adding "src/gen/data/sap.capire.incidents-Status.texts.hdbtabledata" for deploy... (STDOUT, APP/TASK/deploy)#
#2026 09 16 09:54:10.584#Z#DEBUG#52171575-b1b4-11f1-bf33-eeee0a8e3dbc.incident-management-db-deployer#flowable-async-job-executor-thread-15220#
[PollExecuteTaskStatusExecution] 027cc582-38ad-4b77-9ea4-3df5d0ff7569 [2026-09-16T09:54:01.302337] Adding "src/gen/data/sap.capire.incidents-Status.texts.hdbtabledata" for deploy... ok (0s 0ms) (STDOUT, APP/TASK/deploy)#
#2026 09 16 09:54:10.584#Z#DEBUG#52171575-b1b4-11f1-bf33-eeee0a8e3dbc.incident-management-db-deployer#flowable-async-job-executor-thread-15220#
[PollExecuteTaskStatusExecution] 027cc582-38ad-4b77-9ea4-3df5d0ff7569 [2026-09-16T09:54:01.302373] Adding "src/gen/data/sap.capire.incidents-Urgency.csv" for deploy... (STDOUT, APP/TASK/deploy)#
#2026 09 16 09:54:10.584#Z#DEBUG#52171575-b1b4-11f1-bf33-eeee0a8e3dbc.incident-management-db-deployer#flowable-async-job-executor-thread-15220#
[PollExecuteTaskStatusExecution] 027cc582-38ad-4b77-9ea4-3df5d0ff7569 [2026-09-16T09:54:01.302413] Adding "src/gen/data/sap.capire.incidents-Urgency.csv" for deploy... ok (0s 0ms) (STDOUT, APP/TASK/deploy)#
#2026 09 16 09:54:10.584#Z#DEBUG#52171575-b1b4-11f1-bf33-eeee0a8e3dbc.incident-management-db-deployer#flowable-async-job-executor-thread-15220#
[PollExecuteTaskStatusExecution] 027cc582-38ad-4b77-9ea4-3df5d0ff7569 [2026-09-16T09:54:01.302507] Adding "src/gen/data/sap.capire.incidents-Urgency.hdbtabledata" for deploy... (STDOUT, APP/TASK/deploy)#
#2026 09 16 09:54:10.584#Z#DEBUG#52171575-b1b4-11f1-bf33-eeee0a8e3dbc.incident-management-db-deployer#flowable-async-job-executor-thread-15220#
[PollExecuteTaskStatusExecution] 027cc582-38ad-4b77-9ea4-3df5d0ff7569 [2026-09-16T09:54:01.302574] Adding "src/gen/data/sap.capire.incidents-Urgency.hdbtabledata" for deploy... ok (0s 0ms) (STDOUT, APP/TASK/deploy)#
#2026 09 16 09:54:10.584#Z#DEBUG#52171575-b1b4-11f1-bf33-eeee0a8e3dbc.incident-management-db-deployer#flowable-async-job-executor-thread-15220#
[PollExecuteTaskStatusExecution] 027cc582-38ad-4b77-9ea4-3df5d0ff7569 [2026-09-16T09:54:01.302660] Adding "src/gen/data/sap.capire.incidents-Urgency.texts.csv" for deploy... (STDOUT, APP/TASK/deploy)#
#2026 09 16 09:54:10.584#Z#DEBUG#52171575-b1b4-11f1-bf33-eeee0a8e3dbc.incident-management-db-deployer#flowable-async-job-executor-thread-15220#
[PollExecuteTaskStatusExecution] 027cc582-38ad-4b77-9ea4-3df5d0ff7569 [2026-09-16T09:54:01.302719] Adding "src/gen/data/sap.capire.incidents-Urgency.texts.csv" for deploy... ok (0s 0ms) (STDOUT, APP/TASK/deploy)#
#2026 09 16 09:54:10.584#Z#DEBUG#52171575-b1b4-11f1-bf33-eeee0a8e3dbc.incident-management-db-deployer#flowable-async-job-executor-thread-15220#
[PollExecuteTaskStatusExecution] 027cc582-38ad-4b77-9ea4-3df5d0ff7569 [2026-09-16T09:54:01.302754] Adding "src/gen/data/sap.capire.incidents-Urgency.texts.hdbtabledata" for deploy... (STDOUT, APP/TASK/deploy)#
#2026 09 16 09:54:10.584#Z#DEBUG#52171575-b1b4-11f1-bf33-eeee0a8e3dbc.incident-management-db-deployer#flowable-async-job-executor-thread-15220#
[PollExecuteTaskStatusExecution] 027cc582-38ad-4b77-9ea4-3df5d0ff7569 [2026-09-16T09:54:01.302793] Adding "src/gen/data/sap.capire.incidents-Urgency.texts.hdbtabledata" for deploy... ok (0s 0ms) (STDOUT, APP/TASK/deploy)#
#2026 09 16 09:54:10.584#Z#DEBUG#52171575-b1b4-11f1-bf33-eeee0a8e3dbc.incident-management-db-deployer#flowable-async-job-executor-thread-15220#
[PollExecuteTaskStatusExecution] 027cc582-38ad-4b77-9ea4-3df5d0ff7569 [2026-09-16T09:54:01.302834] Adding "src/gen/localized.AdminService.Status.hdbview" for deploy... (STDOUT, APP/TASK/deploy)#
#2026 09 16 09:54:10.584#Z#DEBUG#52171575-b1b4-11f1-bf33-eeee0a8e3dbc.incident-management-db-deployer#flowable-async-job-executor-thread-15220#
[PollExecuteTaskStatusExecution] 027cc582-38ad-4b77-9ea4-3df5d0ff7569 [2026-09-16T09:54:01.302876] Adding "src/gen/localized.AdminService.Status.hdbview" for deploy... ok (0s 0ms) (STDOUT, APP/TASK/deploy)#
#2026 09 16 09:54:10.584#Z#DEBUG#52171575-b1b4-11f1-bf33-eeee0a8e3dbc.incident-management-db-deployer#flowable-async-job-executor-thread-15220#
[PollExecuteTaskStatusExecution] 027cc582-38ad-4b77-9ea4-3df5d0ff7569 [2026-09-16T09:54:01.302912] Adding "src/gen/localized.AdminService.Urgency.hdbview" for deploy... (STDOUT, APP/TASK/deploy)#
#2026 09 16 09:54:10.584#Z#DEBUG#52171575-b1b4-11f1-bf33-eeee0a8e3dbc.incident-management-db-deployer#flowable-async-job-executor-thread-15220#
[PollExecuteTaskStatusExecution] 027cc582-38ad-4b77-9ea4-3df5d0ff7569 [2026-09-16T09:54:01.302952] Adding "src/gen/localized.AdminService.Urgency.hdbview" for deploy... ok (0s 0ms) (STDOUT, APP/TASK/deploy)#
#2026 09 16 09:54:10.584#Z#DEBUG#52171575-b1b4-11f1-bf33-eeee0a8e3dbc.incident-management-db-deployer#flowable-async-job-executor-thread-15220#
[PollExecuteTaskStatusExecution] 027cc582-38ad-4b77-9ea4-3df5d0ff7569 [2026-09-16T09:54:01.302987] Adding "src/gen/localized.ProcessorService.Status.hdbview" for deploy... (STDOUT, APP/TASK/deploy)#
#2026 09 16 09:54:10.584#Z#DEBUG#52171575-b1b4-11f1-bf33-eeee0a8e3dbc.incident-management-db-deployer#flowable-async-job-executor-thread-15220#
[PollExecuteTaskStatusExecution] 027cc582-38ad-4b77-9ea4-3df5d0ff7569 [2026-09-16T09:54:01.303022] Adding "src/gen/localized.ProcessorService.Status.hdbview" for deploy... ok (0s 0ms) (STDOUT, APP/TASK/deploy)#
#2026 09 16 09:54:10.584#Z#DEBUG#52171575-b1b4-11f1-bf33-eeee0a8e3dbc.incident-management-db-deployer#flowable-async-job-executor-thread-15220#
[PollExecuteTaskStatusExecution] 027cc582-38ad-4b77-9ea4-3df5d0ff7569 [2026-09-16T09:54:01.303061] Adding "src/gen/localized.ProcessorService.Urgency.hdbview" for deploy... (STDOUT, APP/TASK/deploy)#
#2026 09 16 09:54:10.584#Z#DEBUG#52171575-b1b4-11f1-bf33-eeee0a8e3dbc.incident-management-db-deployer#flowable-async-job-executor-thread-15220#
[PollExecuteTaskStatusExecution] 027cc582-38ad-4b77-9ea4-3df5d0ff7569 [2026-09-16T09:54:01.303202] Adding "src/gen/localized.ProcessorService.Urgency.hdbview" for deploy... ok (0s 0ms) (STDOUT, APP/TASK/deploy)#
#2026 09 16 09:54:10.584#Z#DEBUG#52171575-b1b4-11f1-bf33-eeee0a8e3dbc.incident-management-db-deployer#flowable-async-job-executor-thread-15220#
[PollExecuteTaskStatusExecution] 027cc582-38ad-4b77-9ea4-3df5d0ff7569 [2026-09-16T09:54:01.303261] Adding "src/gen/localized.sap.capire.incidents.Status.hdbview" for deploy... (STDOUT, APP/TASK/deploy)#
#2026 09 16 09:54:10.584#Z#DEBUG#52171575-b1b4-11f1-bf33-eeee0a8e3dbc.incident-management-db-deployer#flowable-async-job-executor-thread-15220#
[PollExecuteTaskStatusExecution] 027cc582-38ad-4b77-9ea4-3df5d0ff7569 [2026-09-16T09:54:01.303267] Adding "src/gen/localized.sap.capire.incidents.Status.hdbview" for deploy... ok (0s 0ms) (STDOUT, APP/TASK/deploy)#
#2026 09 16 09:54:10.584#Z#DEBUG#52171575-b1b4-11f1-bf33-eeee0a8e3dbc.incident-management-db-deployer#flowable-async-job-executor-thread-15220#
[PollExecuteTaskStatusExecution] 027cc582-38ad-4b77-9ea4-3df5d0ff7569 [2026-09-16T09:54:01.303270] Adding "src/gen/localized.sap.capire.incidents.Urgency.hdbview" for deploy... (STDOUT, APP/TASK/deploy)#
#2026 09 16 09:54:10.584#Z#DEBUG#52171575-b1b4-11f1-bf33-eeee0a8e3dbc.incident-management-db-deployer#flowable-async-job-executor-thread-15220#
[PollExecuteTaskStatusExecution] 027cc582-38ad-4b77-9ea4-3df5d0ff7569 [2026-09-16T09:54:01.303352] Adding "src/gen/localized.sap.capire.incidents.Urgency.hdbview" for deploy... ok (0s 0ms) (STDOUT, APP/TASK/deploy)#
#2026 09 16 09:54:10.584#Z#DEBUG#52171575-b1b4-11f1-bf33-eeee0a8e3dbc.incident-management-db-deployer#flowable-async-job-executor-thread-15220#
[PollExecuteTaskStatusExecution] 027cc582-38ad-4b77-9ea4-3df5d0ff7569 [2026-09-16T09:54:01.303630] Adding "src/gen/sap.capire.incidents.Addresses.hdbtable" for deploy... (STDOUT, APP/TASK/deploy)#
#2026 09 16 09:54:10.584#Z#DEBUG#52171575-b1b4-11f1-bf33-eeee0a8e3dbc.incident-management-db-deployer#flowable-async-job-executor-thread-15220#
[PollExecuteTaskStatusExecution] 027cc582-38ad-4b77-9ea4-3df5d0ff7569 [2026-09-16T09:54:01.303835] Adding "src/gen/sap.capire.incidents.Addresses.hdbtable" for deploy... ok (0s 0ms) (STDOUT, APP/TASK/deploy)#
#2026 09 16 09:54:10.584#Z#DEBUG#52171575-b1b4-11f1-bf33-eeee0a8e3dbc.incident-management-db-deployer#flowable-async-job-executor-thread-15220#
[PollExecuteTaskStatusExecution] 027cc582-38ad-4b77-9ea4-3df5d0ff7569 [2026-09-16T09:54:01.303959] Adding "src/gen/sap.capire.incidents.Customers.hdbtable" for deploy... (STDOUT, APP/TASK/deploy)#
#2026 09 16 09:54:10.584#Z#DEBUG#52171575-b1b4-11f1-bf33-eeee0a8e3dbc.incident-management-db-deployer#flowable-async-job-executor-thread-15220#
[PollExecuteTaskStatusExecution] 027cc582-38ad-4b77-9ea4-3df5d0ff7569 [2026-09-16T09:54:01.303975] Adding "src/gen/sap.capire.incidents.Customers.hdbtable" for deploy... ok (0s 0ms) (STDOUT, APP/TASK/deploy)#
#2026 09 16 09:54:10.584#Z#DEBUG#52171575-b1b4-11f1-bf33-eeee0a8e3dbc.incident-management-db-deployer#flowable-async-job-executor-thread-15220#
[PollExecuteTaskStatusExecution] 027cc582-38ad-4b77-9ea4-3df5d0ff7569 [2026-09-16T09:54:01.303979] Adding "src/gen/sap.capire.incidents.Incidents.hdbtable" for deploy... (STDOUT, APP/TASK/deploy)#
#2026 09 16 09:54:10.584#Z#DEBUG#52171575-b1b4-11f1-bf33-eeee0a8e3dbc.incident-management-db-deployer#flowable-async-job-executor-thread-15220#
[PollExecuteTaskStatusExecution] 027cc582-38ad-4b77-9ea4-3df5d0ff7569 [2026-09-16T09:54:01.303982] Adding "src/gen/sap.capire.incidents.Incidents.hdbtable" for deploy... ok (0s 0ms) (STDOUT, APP/TASK/deploy)#
#2026 09 16 09:54:10.584#Z#DEBUG#52171575-b1b4-11f1-bf33-eeee0a8e3dbc.incident-management-db-deployer#flowable-async-job-executor-thread-15220#
[PollExecuteTaskStatusExecution] 027cc582-38ad-4b77-9ea4-3df5d0ff7569 [2026-09-16T09:54:01.303984] Adding "src/gen/sap.capire.incidents.Incidents_conversation.hdbtable" for deploy... (STDOUT, APP/TASK/deploy)#
#2026 09 16 09:54:10.584#Z#DEBUG#52171575-b1b4-11f1-bf33-eeee0a8e3dbc.incident-management-db-deployer#flowable-async-job-executor-thread-15220#
[PollExecuteTaskStatusExecution] 027cc582-38ad-4b77-9ea4-3df5d0ff7569 [2026-09-16T09:54:01.303997] Adding "src/gen/sap.capire.incidents.Incidents_conversation.hdbtable" for deploy... ok (0s 0ms) (STDOUT, APP/TASK/deploy)#
#2026 09 16 09:54:10.584#Z#DEBUG#52171575-b1b4-11f1-bf33-eeee0a8e3dbc.incident-management-db-deployer#flowable-async-job-executor-thread-15220#
[PollExecuteTaskStatusExecution] 027cc582-38ad-4b77-9ea4-3df5d0ff7569 [2026-09-16T09:54:01.304004] Adding "src/gen/sap.capire.incidents.Status.hdbtable" for deploy... (STDOUT, APP/TASK/deploy)#
#2026 09 16 09:54:10.584#Z#DEBUG#52171575-b1b4-11f1-bf33-eeee0a8e3dbc.incident-management-db-deployer#flowable-async-job-executor-thread-15220#
[PollExecuteTaskStatusExecution] 027cc582-38ad-4b77-9ea4-3df5d0ff7569 [2026-09-16T09:54:01.304114] Adding "src/gen/sap.capire.incidents.Status.hdbtable" for deploy... ok (0s 0ms) (STDOUT, APP/TASK/deploy)#
#2026 09 16 09:54:10.584#Z#DEBUG#52171575-b1b4-11f1-bf33-eeee0a8e3dbc.incident-management-db-deployer#flowable-async-job-executor-thread-15220#
[PollExecuteTaskStatusExecution] 027cc582-38ad-4b77-9ea4-3df5d0ff7569 [2026-09-16T09:54:01.304141] Adding "src/gen/sap.capire.incidents.Status_texts.hdbtable" for deploy... (STDOUT, APP/TASK/deploy)#
#2026 09 16 09:54:10.584#Z#DEBUG#52171575-b1b4-11f1-bf33-eeee0a8e3dbc.incident-management-db-deployer#flowable-async-job-executor-thread-15220#
[PollExecuteTaskStatusExecution] 027cc582-38ad-4b77-9ea4-3df5d0ff7569 [2026-09-16T09:54:01.304221] Adding "src/gen/sap.capire.incidents.Status_texts.hdbtable" for deploy... ok (0s 0ms) (STDOUT, APP/TASK/deploy)#
#2026 09 16 09:54:10.584#Z#DEBUG#52171575-b1b4-11f1-bf33-eeee0a8e3dbc.incident-management-db-deployer#flowable-async-job-executor-thread-15220#
[PollExecuteTaskStatusExecution] 027cc582-38ad-4b77-9ea4-3df5d0ff7569 [2026-09-16T09:54:01.304300] Adding "src/gen/sap.capire.incidents.Urgency.hdbtable" for deploy... (STDOUT, APP/TASK/deploy)#
#2026 09 16 09:54:10.584#Z#DEBUG#52171575-b1b4-11f1-bf33-eeee0a8e3dbc.incident-management-db-deployer#flowable-async-job-executor-thread-15220#
[PollExecuteTaskStatusExecution] 027cc582-38ad-4b77-9ea4-3df5d0ff7569 [2026-09-16T09:54:01.304329] Adding "src/gen/sap.capire.incidents.Urgency.hdbtable" for deploy... ok (0s 0ms) (STDOUT, APP/TASK/deploy)#
#2026 09 16 09:54:10.584#Z#DEBUG#52171575-b1b4-11f1-bf33-eeee0a8e3dbc.incident-management-db-deployer#flowable-async-job-executor-thread-15220#
[PollExecuteTaskStatusExecution] 027cc582-38ad-4b77-9ea4-3df5d0ff7569 [2026-09-16T09:54:01.304333] Adding "src/gen/sap.capire.incidents.Urgency_texts.hdbtable" for deploy... (STDOUT, APP/TASK/deploy)#
#2026 09 16 09:54:10.584#Z#DEBUG#52171575-b1b4-11f1-bf33-eeee0a8e3dbc.incident-management-db-deployer#flowable-async-job-executor-thread-15220#
[PollExecuteTaskStatusExecution] 027cc582-38ad-4b77-9ea4-3df5d0ff7569 [2026-09-16T09:54:01.304336] Adding "src/gen/sap.capire.incidents.Urgency_texts.hdbtable" for deploy... ok (0s 0ms) (STDOUT, APP/TASK/deploy)#
#2026 09 16 09:54:10.584#Z#DEBUG#52171575-b1b4-11f1-bf33-eeee0a8e3dbc.incident-management-db-deployer#flowable-async-job-executor-thread-15220#
[PollExecuteTaskStatusExecution] 027cc582-38ad-4b77-9ea4-3df5d0ff7569 [2026-09-16T09:54:01.304352] Preparing... ok (0s 983ms) (STDOUT, APP/TASK/deploy)#
#2026 09 16 09:54:10.584#Z#DEBUG#52171575-b1b4-11f1-bf33-eeee0a8e3dbc.incident-management-db-deployer#flowable-async-job-executor-thread-15220#
[PollExecuteTaskStatusExecution] 027cc582-38ad-4b77-9ea4-3df5d0ff7569 [2026-09-16T09:54:01.304462] Calculating dependencies... (STDOUT, APP/TASK/deploy)#
#2026 09 16 09:54:10.584#Z#DEBUG#52171575-b1b4-11f1-bf33-eeee0a8e3dbc.incident-management-db-deployer#flowable-async-job-executor-thread-15220#
[PollExecuteTaskStatusExecution] 027cc582-38ad-4b77-9ea4-3df5d0ff7569 [2026-09-16T09:54:01.304494] Expanding... (STDOUT, APP/TASK/deploy)#
#2026 09 16 09:54:10.584#Z#DEBUG#52171575-b1b4-11f1-bf33-eeee0a8e3dbc.incident-management-db-deployer#flowable-async-job-executor-thread-15220#
[PollExecuteTaskStatusExecution] 027cc582-38ad-4b77-9ea4-3df5d0ff7569 [2026-09-16T09:54:01.304550] Expanding "src/gen/AdminService.Addresses.hdbview"... (STDOUT, APP/TASK/deploy)#
#2026 09 16 09:54:10.584#Z#DEBUG#52171575-b1b4-11f1-bf33-eeee0a8e3dbc.incident-management-db-deployer#flowable-async-job-executor-thread-15220#
[PollExecuteTaskStatusExecution] 027cc582-38ad-4b77-9ea4-3df5d0ff7569 [2026-09-16T09:54:01.304622] Expanding "src/gen/AdminService.Customers.hdbview"... (STDOUT, APP/TASK/deploy)#
#2026 09 16 09:54:10.584#Z#DEBUG#52171575-b1b4-11f1-bf33-eeee0a8e3dbc.incident-management-db-deployer#flowable-async-job-executor-thread-15220#
[PollExecuteTaskStatusExecution] 027cc582-38ad-4b77-9ea4-3df5d0ff7569 [2026-09-16T09:54:01.304682] Expanding "src/gen/AdminService.Incidents.hdbview"... (STDOUT, APP/TASK/deploy)#
#2026 09 16 09:54:10.584#Z#DEBUG#52171575-b1b4-11f1-bf33-eeee0a8e3dbc.incident-management-db-deployer#flowable-async-job-executor-thread-15220#
[PollExecuteTaskStatusExecution] 027cc582-38ad-4b77-9ea4-3df5d0ff7569 [2026-09-16T09:54:01.304712] Expanding "src/gen/AdminService.Incidents_conversation.hdbview"... (STDOUT, APP/TASK/deploy)#
#2026 09 16 09:54:10.584#Z#DEBUG#52171575-b1b4-11f1-bf33-eeee0a8e3dbc.incident-management-db-deployer#flowable-async-job-executor-thread-15220#
[PollExecuteTaskStatusExecution] 027cc582-38ad-4b77-9ea4-3df5d0ff7569 [2026-09-16T09:54:01.305033] Expanding "src/gen/AdminService.Addresses.hdbview"... ok (0s 20ms) (STDOUT, APP/TASK/deploy)#
#2026 09 16 09:54:10.584#Z#DEBUG#52171575-b1b4-11f1-bf33-eeee0a8e3dbc.incident-management-db-deployer#flowable-async-job-executor-thread-15220#
[PollExecuteTaskStatusExecution] 027cc582-38ad-4b77-9ea4-3df5d0ff7569 [2026-09-16T09:54:01.305154] Expanding "src/gen/AdminService.Status.hdbview"... (STDOUT, APP/TASK/deploy)#
#2026 09 16 09:54:10.584#Z#DEBUG#52171575-b1b4-11f1-bf33-eeee0a8e3dbc.incident-management-db-deployer#flowable-async-job-executor-thread-15220#
[PollExecuteTaskStatusExecution] 027cc582-38ad-4b77-9ea4-3df5d0ff7569 [2026-09-16T09:54:01.305232] Expanding "src/gen/AdminService.Customers.hdbview"... ok (0s 20ms) (STDOUT, APP/TASK/deploy)#
#2026 09 16 09:54:10.584#Z#DEBUG#52171575-b1b4-11f1-bf33-eeee0a8e3dbc.incident-management-db-deployer#flowable-async-job-executor-thread-15220#
[PollExecuteTaskStatusExecution] 027cc582-38ad-4b77-9ea4-3df5d0ff7569 [2026-09-16T09:54:01.305336] Expanding "src/gen/AdminService.Status_texts.hdbview"... (STDOUT, APP/TASK/deploy)#
#2026 09 16 09:54:10.584#Z#DEBUG#52171575-b1b4-11f1-bf33-eeee0a8e3dbc.incident-management-db-deployer#flowable-async-job-executor-thread-15220#
[PollExecuteTaskStatusExecution] 027cc582-38ad-4b77-9ea4-3df5d0ff7569 [2026-09-16T09:54:01.305446] Expanding "src/gen/AdminService.Incidents.hdbview"... ok (0s 21ms) (STDOUT, APP/TASK/deploy)#
#2026 09 16 09:54:10.584#Z#DEBUG#52171575-b1b4-11f1-bf33-eeee0a8e3dbc.incident-management-db-deployer#flowable-async-job-executor-thread-15220#
[PollExecuteTaskStatusExecution] 027cc582-38ad-4b77-9ea4-3df5d0ff7569 [2026-09-16T09:54:01.305604] Expanding "src/gen/AdminService.Urgency.hdbview"... (STDOUT, APP/TASK/deploy)#
#2026 09 16 09:54:10.584#Z#DEBUG#52171575-b1b4-11f1-bf33-eeee0a8e3dbc.incident-management-db-deployer#flowable-async-job-executor-thread-15220#
[PollExecuteTaskStatusExecution] 027cc582-38ad-4b77-9ea4-3df5d0ff7569 [2026-09-16T09:54:01.305703] Expanding "src/gen/AdminService.Incidents_conversation.hdbview"... ok (0s 21ms) (STDOUT, APP/TASK/deploy)#
#2026 09 16 09:54:10.584#Z#DEBUG#52171575-b1b4-11f1-bf33-eeee0a8e3dbc.incident-management-db-deployer#flowable-async-job-executor-thread-15220#
[PollExecuteTaskStatusExecution] 027cc582-38ad-4b77-9ea4-3df5d0ff7569 [2026-09-16T09:54:01.305850] Expanding "src/gen/AdminService.Urgency_texts.hdbview"... (STDOUT, APP/TASK/deploy)#
#2026 09 16 09:54:10.584#Z#DEBUG#52171575-b1b4-11f1-bf33-eeee0a8e3dbc.incident-management-db-deployer#flowable-async-job-executor-thread-15220#
[PollExecuteTaskStatusExecution] 027cc582-38ad-4b77-9ea4-3df5d0ff7569 [2026-09-16T09:54:01.306015] Expanding "src/gen/AdminService.Status.hdbview"... ok (0s 9ms) (STDOUT, APP/TASK/deploy)#
#2026 09 16 09:54:10.584#Z#DEBUG#52171575-b1b4-11f1-bf33-eeee0a8e3dbc.incident-management-db-deployer#flowable-async-job-executor-thread-15220#
[PollExecuteTaskStatusExecution] 027cc582-38ad-4b77-9ea4-3df5d0ff7569 [2026-09-16T09:54:01.306129] Expanding "src/gen/DRAFT.DraftAdministrativeData.hdbtable"... (STDOUT, APP/TASK/deploy)#
#2026 09 16 09:54:10.584#Z#DEBUG#52171575-b1b4-11f1-bf33-eeee0a8e3dbc.incident-management-db-deployer#flowable-async-job-executor-thread-15220#
[PollExecuteTaskStatusExecution] 027cc582-38ad-4b77-9ea4-3df5d0ff7569 [2026-09-16T09:54:01.306238] Expanding "src/gen/AdminService.Status_texts.hdbview"... ok (0s 9ms) (STDOUT, APP/TASK/deploy)#
#2026 09 16 09:54:10.584#Z#DEBUG#52171575-b1b4-11f1-bf33-eeee0a8e3dbc.incident-management-db-deployer#flowable-async-job-executor-thread-15220#
[PollExecuteTaskStatusExecution] 027cc582-38ad-4b77-9ea4-3df5d0ff7569 [2026-09-16T09:54:01.306348] Expanding "src/gen/ProcessorService.Addresses.hdbview"... (STDOUT, APP/TASK/deploy)#
#2026 09 16 09:54:10.584#Z#DEBUG#52171575-b1b4-11f1-bf33-eeee0a8e3dbc.incident-management-db-deployer#flowable-async-job-executor-thread-15220#
[PollExecuteTaskStatusExecution] 027cc582-38ad-4b77-9ea4-3df5d0ff7569 [2026-09-16T09:54:01.306512] Expanding "src/gen/AdminService.Urgency.hdbview"... ok (0s 9ms) (STDOUT, APP/TASK/deploy)#
#2026 09 16 09:54:10.584#Z#DEBUG#52171575-b1b4-11f1-bf33-eeee0a8e3dbc.incident-management-db-deployer#flowable-async-job-executor-thread-15220#
[PollExecuteTaskStatusExecution] 027cc582-38ad-4b77-9ea4-3df5d0ff7569 [2026-09-16T09:54:01.306621] Expanding "src/gen/ProcessorService.Customers.hdbview"... (STDOUT, APP/TASK/deploy)#
#2026 09 16 09:54:10.584#Z#DEBUG#52171575-b1b4-11f1-bf33-eeee0a8e3dbc.incident-management-db-deployer#flowable-async-job-executor-thread-15220#
[PollExecuteTaskStatusExecution] 027cc582-38ad-4b77-9ea4-3df5d0ff7569 [2026-09-16T09:54:01.306730] Expanding "src/gen/AdminService.Urgency_texts.hdbview"... ok (0s 9ms) (STDOUT, APP/TASK/deploy)#
#2026 09 16 09:54:10.584#Z#DEBUG#52171575-b1b4-11f1-bf33-eeee0a8e3dbc.incident-management-db-deployer#flowable-async-job-executor-thread-15220#
[PollExecuteTaskStatusExecution] 027cc582-38ad-4b77-9ea4-3df5d0ff7569 [2026-09-16T09:54:01.307537] Expanding "src/gen/ProcessorService.DraftAdministrativeData.hdbview"... (STDOUT, APP/TASK/deploy)#
#2026 09 16 09:54:10.584#Z#DEBUG#52171575-b1b4-11f1-bf33-eeee0a8e3dbc.incident-management-db-deployer#flowable-async-job-executor-thread-15220#
[PollExecuteTaskStatusExecution] 027cc582-38ad-4b77-9ea4-3df5d0ff7569 [2026-09-16T09:54:01.307625] Expanding "src/gen/ProcessorService.Addresses.hdbview"... ok (0s 9ms) (STDOUT, APP/TASK/deploy)#
#2026 09 16 09:54:10.584#Z#DEBUG#52171575-b1b4-11f1-bf33-eeee0a8e3dbc.incident-management-db-deployer#flowable-async-job-executor-thread-15220#
[PollExecuteTaskStatusExecution] 027cc582-38ad-4b77-9ea4-3df5d0ff7569 [2026-09-16T09:54:01.307687] Expanding "src/gen/DRAFT.DraftAdministrativeData.hdbtable"... ok (0s 10ms) (STDOUT, APP/TASK/deploy)#
#2026 09 16 09:54:10.584#Z#DEBUG#52171575-b1b4-11f1-bf33-eeee0a8e3dbc.incident-management-db-deployer#flowable-async-job-executor-thread-15220#
[PollExecuteTaskStatusExecution] 027cc582-38ad-4b77-9ea4-3df5d0ff7569 [2026-09-16T09:54:01.307870] Expanding "src/gen/ProcessorService.Incidents.hdbview"... (STDOUT, APP/TASK/deploy)#
#2026 09 16 09:54:10.584#Z#DEBUG#52171575-b1b4-11f1-bf33-eeee0a8e3dbc.incident-management-db-deployer#flowable-async-job-executor-thread-15220#
[PollExecuteTaskStatusExecution] 027cc582-38ad-4b77-9ea4-3df5d0ff7569 [2026-09-16T09:54:01.308018] Expanding "src/gen/ProcessorService.Incidents_conversation.hdbview"... (STDOUT, APP/TASK/deploy)#
#2026 09 16 09:54:10.584#Z#DEBUG#52171575-b1b4-11f1-bf33-eeee0a8e3dbc.incident-management-db-deployer#flowable-async-job-executor-thread-15220#
[PollExecuteTaskStatusExecution] 027cc582-38ad-4b77-9ea4-3df5d0ff7569 [2026-09-16T09:54:01.308156] Expanding "src/gen/ProcessorService.Customers.hdbview"... ok (0s 10ms) (STDOUT, APP/TASK/deploy)#
#2026 09 16 09:54:10.584#Z#DEBUG#52171575-b1b4-11f1-bf33-eeee0a8e3dbc.incident-management-db-deployer#flowable-async-job-executor-thread-15220#
[PollExecuteTaskStatusExecution] 027cc582-38ad-4b77-9ea4-3df5d0ff7569 [2026-09-16T09:54:01.308188] Expanding "src/gen/ProcessorService.Incidents_conversation_drafts.hdbtable"... (STDOUT, APP/TASK/deploy)#
#2026 09 16 09:54:10.584#Z#DEBUG#52171575-b1b4-11f1-bf33-eeee0a8e3dbc.incident-management-db-deployer#flowable-async-job-executor-thread-15220#
[PollExecuteTaskStatusExecution] 027cc582-38ad-4b77-9ea4-3df5d0ff7569 [2026-09-16T09:54:01.308208] Expanding "src/gen/ProcessorService.DraftAdministrativeData.hdbview"... ok (0s 11ms) (STDOUT, APP/TASK/deploy)#
#2026 09 16 09:54:10.584#Z#DEBUG#52171575-b1b4-11f1-bf33-eeee0a8e3dbc.incident-management-db-deployer#flowable-async-job-executor-thread-15220#
[PollExecuteTaskStatusExecution] 027cc582-38ad-4b77-9ea4-3df5d0ff7569 [2026-09-16T09:54:01.308292] Expanding "src/gen/ProcessorService.Incidents_drafts.hdbtable"... (STDOUT, APP/TASK/deploy)#
#2026 09 16 09:54:10.584#Z#DEBUG#52171575-b1b4-11f1-bf33-eeee0a8e3dbc.incident-management-db-deployer#flowable-async-job-executor-thread-15220#
[PollExecuteTaskStatusExecution] 027cc582-38ad-4b77-9ea4-3df5d0ff7569 [2026-09-16T09:54:01.308489] Expanding "src/gen/ProcessorService.Incidents.hdbview"... ok (0s 8ms) (STDOUT, APP/TASK/deploy)#
#2026 09 16 09:54:10.584#Z#DEBUG#52171575-b1b4-11f1-bf33-eeee0a8e3dbc.incident-management-db-deployer#flowable-async-job-executor-thread-15220#
[PollExecuteTaskStatusExecution] 027cc582-38ad-4b77-9ea4-3df5d0ff7569 [2026-09-16T09:54:01.308594] Expanding "src/gen/ProcessorService.Status.hdbview"... (STDOUT, APP/TASK/deploy)#
#2026 09 16 09:54:10.584#Z#DEBUG#52171575-b1b4-11f1-bf33-eeee0a8e3dbc.incident-management-db-deployer#flowable-async-job-executor-thread-15220#
[PollExecuteTaskStatusExecution] 027cc582-38ad-4b77-9ea4-3df5d0ff7569 [2026-09-16T09:54:01.308602] Expanding "src/gen/ProcessorService.Incidents_conversation.hdbview"... ok (0s 9ms) (STDOUT, APP/TASK/deploy)#
#2026 09 16 09:54:10.584#Z#DEBUG#52171575-b1b4-11f1-bf33-eeee0a8e3dbc.incident-management-db-deployer#flowable-async-job-executor-thread-15220#
[PollExecuteTaskStatusExecution] 027cc582-38ad-4b77-9ea4-3df5d0ff7569 [2026-09-16T09:54:01.308605] Expanding "src/gen/ProcessorService.Status_texts.hdbview"... (STDOUT, APP/TASK/deploy)#
#2026 09 16 09:54:10.584#Z#DEBUG#52171575-b1b4-11f1-bf33-eeee0a8e3dbc.incident-management-db-deployer#flowable-async-job-executor-thread-15220#
[PollExecuteTaskStatusExecution] 027cc582-38ad-4b77-9ea4-3df5d0ff7569 [2026-09-16T09:54:01.308658] Expanding "src/gen/ProcessorService.Incidents_conversation_drafts.hdbtable"... ok (0s 8ms) (STDOUT, APP/TASK/deploy)#
#2026 09 16 09:54:10.584#Z#DEBUG#52171575-b1b4-11f1-bf33-eeee0a8e3dbc.incident-management-db-deployer#flowable-async-job-executor-thread-15220#
[PollExecuteTaskStatusExecution] 027cc582-38ad-4b77-9ea4-3df5d0ff7569 [2026-09-16T09:54:01.308672] Expanding "src/gen/ProcessorService.Urgency.hdbview"... (STDOUT, APP/TASK/deploy)#
#2026 09 16 09:54:10.584#Z#DEBUG#52171575-b1b4-11f1-bf33-eeee0a8e3dbc.incident-management-db-deployer#flowable-async-job-executor-thread-15220#
[PollExecuteTaskStatusExecution] 027cc582-38ad-4b77-9ea4-3df5d0ff7569 [2026-09-16T09:54:01.308748] Expanding "src/gen/ProcessorService.Incidents_drafts.hdbtable"... ok (0s 10ms) (STDOUT, APP/TASK/deploy)#
#2026 09 16 09:54:10.584#Z#DEBUG#52171575-b1b4-11f1-bf33-eeee0a8e3dbc.incident-management-db-deployer#flowable-async-job-executor-thread-15220#
[PollExecuteTaskStatusExecution] 027cc582-38ad-4b77-9ea4-3df5d0ff7569 [2026-09-16T09:54:01.308902] Expanding "src/gen/ProcessorService.Urgency_texts.hdbview"... (STDOUT, APP/TASK/deploy)#
#2026 09 16 09:54:10.584#Z#DEBUG#52171575-b1b4-11f1-bf33-eeee0a8e3dbc.incident-management-db-deployer#flowable-async-job-executor-thread-15220#
[PollExecuteTaskStatusExecution] 027cc582-38ad-4b77-9ea4-3df5d0ff7569 [2026-09-16T09:54:01.308996] Expanding "src/gen/ProcessorService.Status.hdbview"... ok (0s 9ms) (STDOUT, APP/TASK/deploy)#
#2026 09 16 09:54:10.584#Z#DEBUG#52171575-b1b4-11f1-bf33-eeee0a8e3dbc.incident-management-db-deployer#flowable-async-job-executor-thread-15220#
[PollExecuteTaskStatusExecution] 027cc582-38ad-4b77-9ea4-3df5d0ff7569 [2026-09-16T09:54:01.309006] Expanding "src/gen/cds.outbox.Messages.hdbtable"... (STDOUT, APP/TASK/deploy)#
#2026 09 16 09:54:10.584#Z#DEBUG#52171575-b1b4-11f1-bf33-eeee0a8e3dbc.incident-management-db-deployer#flowable-async-job-executor-thread-15220#
[PollExecuteTaskStatusExecution] 027cc582-38ad-4b77-9ea4-3df5d0ff7569 [2026-09-16T09:54:01.309009] Expanding "src/gen/ProcessorService.Status_texts.hdbview"... ok (0s 8ms) (STDOUT, APP/TASK/deploy)#
#2026 09 16 09:54:10.584#Z#DEBUG#52171575-b1b4-11f1-bf33-eeee0a8e3dbc.incident-management-db-deployer#flowable-async-job-executor-thread-15220#
[PollExecuteTaskStatusExecution] 027cc582-38ad-4b77-9ea4-3df5d0ff7569 [2026-09-16T09:54:01.309016] Expanding "src/gen/data/sap.capire.incidents-Addresses.hdbtabledata"... (STDOUT, APP/TASK/deploy)#
#2026 09 16 09:54:10.584#Z#DEBUG#52171575-b1b4-11f1-bf33-eeee0a8e3dbc.incident-management-db-deployer#flowable-async-job-executor-thread-15220#
[PollExecuteTaskStatusExecution] 027cc582-38ad-4b77-9ea4-3df5d0ff7569 [2026-09-16T09:54:01.309091] Expanding "src/gen/ProcessorService.Urgency.hdbview"... ok (0s 9ms) (STDOUT, APP/TASK/deploy)#
#2026 09 16 09:54:10.584#Z#DEBUG#52171575-b1b4-11f1-bf33-eeee0a8e3dbc.incident-management-db-deployer#flowable-async-job-executor-thread-15220#
[PollExecuteTaskStatusExecution] 027cc582-38ad-4b77-9ea4-3df5d0ff7569 [2026-09-16T09:54:01.309099] Expanding "src/gen/data/sap.capire.incidents-Customers.hdbtabledata"... (STDOUT, APP/TASK/deploy)#
#2026 09 16 09:54:10.584#Z#DEBUG#52171575-b1b4-11f1-bf33-eeee0a8e3dbc.incident-management-db-deployer#flowable-async-job-executor-thread-15220#
[PollExecuteTaskStatusExecution] 027cc582-38ad-4b77-9ea4-3df5d0ff7569 [2026-09-16T09:54:01.309104] Expanding "src/gen/data/sap.capire.incidents-Addresses.hdbtabledata"... ok (0s 3ms) (STDOUT, APP/TASK/deploy)#
#2026 09 16 09:54:10.584#Z#DEBUG#52171575-b1b4-11f1-bf33-eeee0a8e3dbc.incident-management-db-deployer#flowable-async-job-executor-thread-15220#
[PollExecuteTaskStatusExecution] 027cc582-38ad-4b77-9ea4-3df5d0ff7569 [2026-09-16T09:54:01.309208] Expanding "src/gen/data/sap.capire.incidents-Incidents.conversation.hdbtabledata"... (STDOUT, APP/TASK/deploy)#
#2026 09 16 09:54:10.584#Z#DEBUG#52171575-b1b4-11f1-bf33-eeee0a8e3dbc.incident-management-db-deployer#flowable-async-job-executor-thread-15220#
[PollExecuteTaskStatusExecution] 027cc582-38ad-4b77-9ea4-3df5d0ff7569 [2026-09-16T09:54:01.309237] Expanding "src/gen/ProcessorService.Urgency_texts.hdbview"... ok (0s 7ms) (STDOUT, APP/TASK/deploy)#
#2026 09 16 09:54:10.584#Z#DEBUG#52171575-b1b4-11f1-bf33-eeee0a8e3dbc.incident-management-db-deployer#flowable-async-job-executor-thread-15220#
[PollExecuteTaskStatusExecution] 027cc582-38ad-4b77-9ea4-3df5d0ff7569 [2026-09-16T09:54:01.309251] Expanding "src/gen/data/sap.capire.incidents-Incidents.hdbtabledata"... (STDOUT, APP/TASK/deploy)#
#2026 09 16 09:54:10.584#Z#DEBUG#52171575-b1b4-11f1-bf33-eeee0a8e3dbc.incident-management-db-deployer#flowable-async-job-executor-thread-15220#
[PollExecuteTaskStatusExecution] 027cc582-38ad-4b77-9ea4-3df5d0ff7569 [2026-09-16T09:54:01.309254] Expanding "src/gen/data/sap.capire.incidents-Customers.hdbtabledata"... ok (0s 2ms) (STDOUT, APP/TASK/deploy)#
#2026 09 16 09:54:10.584#Z#DEBUG#52171575-b1b4-11f1-bf33-eeee0a8e3dbc.incident-management-db-deployer#flowable-async-job-executor-thread-15220#
[PollExecuteTaskStatusExecution] 027cc582-38ad-4b77-9ea4-3df5d0ff7569 [2026-09-16T09:54:01.309257] Expanding "src/gen/data/sap.capire.incidents-Status.hdbtabledata"... (STDOUT, APP/TASK/deploy)#
#2026 09 16 09:54:10.584#Z#DEBUG#52171575-b1b4-11f1-bf33-eeee0a8e3dbc.incident-management-db-deployer#flowable-async-job-executor-thread-15220#
[PollExecuteTaskStatusExecution] 027cc582-38ad-4b77-9ea4-3df5d0ff7569 [2026-09-16T09:54:01.309295] Expanding "src/gen/data/sap.capire.incidents-Incidents.conversation.hdbtabledata"... ok (0s 3ms) (STDOUT, APP/TASK/deploy)#
#2026 09 16 09:54:10.584#Z#DEBUG#52171575-b1b4-11f1-bf33-eeee0a8e3dbc.incident-management-db-deployer#flowable-async-job-executor-thread-15220#
[PollExecuteTaskStatusExecution] 027cc582-38ad-4b77-9ea4-3df5d0ff7569 [2026-09-16T09:54:01.309298] Expanding "src/gen/data/sap.capire.incidents-Status.texts.hdbtabledata"... (STDOUT, APP/TASK/deploy)#
#2026 09 16 09:54:10.584#Z#DEBUG#52171575-b1b4-11f1-bf33-eeee0a8e3dbc.incident-management-db-deployer#flowable-async-job-executor-thread-15220#
[PollExecuteTaskStatusExecution] 027cc582-38ad-4b77-9ea4-3df5d0ff7569 [2026-09-16T09:54:01.309374] Expanding "src/gen/data/sap.capire.incidents-Incidents.hdbtabledata"... ok (0s 3ms) (STDOUT, APP/TASK/deploy)#
#2026 09 16 09:54:10.584#Z#DEBUG#52171575-b1b4-11f1-bf33-eeee0a8e3dbc.incident-management-db-deployer#flowable-async-job-executor-thread-15220#
[PollExecuteTaskStatusExecution] 027cc582-38ad-4b77-9ea4-3df5d0ff7569 [2026-09-16T09:54:01.309414] Expanding "src/gen/data/sap.capire.incidents-Urgency.hdbtabledata"... (STDOUT, APP/TASK/deploy)#
#2026 09 16 09:54:10.584#Z#DEBUG#52171575-b1b4-11f1-bf33-eeee0a8e3dbc.incident-management-db-deployer#flowable-async-job-executor-thread-15220#
[PollExecuteTaskStatusExecution] 027cc582-38ad-4b77-9ea4-3df5d0ff7569 [2026-09-16T09:54:01.309429] Expanding "src/gen/data/sap.capire.incidents-Status.hdbtabledata"... ok (0s 3ms) (STDOUT, APP/TASK/deploy)#
#2026 09 16 09:54:10.584#Z#DEBUG#52171575-b1b4-11f1-bf33-eeee0a8e3dbc.incident-management-db-deployer#flowable-async-job-executor-thread-15220#
[PollExecuteTaskStatusExecution] 027cc582-38ad-4b77-9ea4-3df5d0ff7569 [2026-09-16T09:54:01.309432] Expanding "src/gen/data/sap.capire.incidents-Urgency.texts.hdbtabledata"... (STDOUT, APP/TASK/deploy)#
#2026 09 16 09:54:10.584#Z#DEBUG#52171575-b1b4-11f1-bf33-eeee0a8e3dbc.incident-management-db-deployer#flowable-async-job-executor-thread-15220#
[PollExecuteTaskStatusExecution] 027cc582-38ad-4b77-9ea4-3df5d0ff7569 [2026-09-16T09:54:01.309435] Expanding "src/gen/data/sap.capire.incidents-Status.texts.hdbtabledata"... ok (0s 2ms) (STDOUT, APP/TASK/deploy)#
#2026 09 16 09:54:10.584#Z#DEBUG#52171575-b1b4-11f1-bf33-eeee0a8e3dbc.incident-management-db-deployer#flowable-async-job-executor-thread-15220#
[PollExecuteTaskStatusExecution] 027cc582-38ad-4b77-9ea4-3df5d0ff7569 [2026-09-16T09:54:01.309580] Expanding "src/gen/data/sap.capire.incidents-Urgency.hdbtabledata"... ok (0s 2ms) (STDOUT, APP/TASK/deploy)#
#2026 09 16 09:54:10.584#Z#DEBUG#52171575-b1b4-11f1-bf33-eeee0a8e3dbc.incident-management-db-deployer#flowable-async-job-executor-thread-15220#
[PollExecuteTaskStatusExecution] 027cc582-38ad-4b77-9ea4-3df5d0ff7569 [2026-09-16T09:54:01.309586] Expanding "src/gen/localized.AdminService.Status.hdbview"... (STDOUT, APP/TASK/deploy)#
#2026 09 16 09:54:10.584#Z#DEBUG#52171575-b1b4-11f1-bf33-eeee0a8e3dbc.incident-management-db-deployer#flowable-async-job-executor-thread-15220#
[PollExecuteTaskStatusExecution] 027cc582-38ad-4b77-9ea4-3df5d0ff7569 [2026-09-16T09:54:01.309591] Expanding "src/gen/cds.outbox.Messages.hdbtable"... ok (0s 9ms) (STDOUT, APP/TASK/deploy)#
#2026 09 16 09:54:10.584#Z#DEBUG#52171575-b1b4-11f1-bf33-eeee0a8e3dbc.incident-management-db-deployer#flowable-async-job-executor-thread-15220#
[PollExecuteTaskStatusExecution] 027cc582-38ad-4b77-9ea4-3df5d0ff7569 [2026-09-16T09:54:01.309594] Expanding "src/gen/localized.AdminService.Urgency.hdbview"... (STDOUT, APP/TASK/deploy)#
#2026 09 16 09:54:10.584#Z#DEBUG#52171575-b1b4-11f1-bf33-eeee0a8e3dbc.incident-management-db-deployer#flowable-async-job-executor-thread-15220#
[PollExecuteTaskStatusExecution] 027cc582-38ad-4b77-9ea4-3df5d0ff7569 [2026-09-16T09:54:01.309606] Expanding "src/gen/localized.ProcessorService.Status.hdbview"... (STDOUT, APP/TASK/deploy)#
#2026 09 16 09:54:10.584#Z#DEBUG#52171575-b1b4-11f1-bf33-eeee0a8e3dbc.incident-management-db-deployer#flowable-async-job-executor-thread-15220#
[PollExecuteTaskStatusExecution] 027cc582-38ad-4b77-9ea4-3df5d0ff7569 [2026-09-16T09:54:01.309662] Expanding "src/gen/data/sap.capire.incidents-Urgency.texts.hdbtabledata"... ok (0s 2ms) (STDOUT, APP/TASK/deploy)#
#2026 09 16 09:54:10.584#Z#DEBUG#52171575-b1b4-11f1-bf33-eeee0a8e3dbc.incident-management-db-deployer#flowable-async-job-executor-thread-15220#
[PollExecuteTaskStatusExecution] 027cc582-38ad-4b77-9ea4-3df5d0ff7569 [2026-09-16T09:54:01.309716] Expanding "src/gen/localized.ProcessorService.Urgency.hdbview"... (STDOUT, APP/TASK/deploy)#
#2026 09 16 09:54:10.584#Z#DEBUG#52171575-b1b4-11f1-bf33-eeee0a8e3dbc.incident-management-db-deployer#flowable-async-job-executor-thread-15220#
[PollExecuteTaskStatusExecution] 027cc582-38ad-4b77-9ea4-3df5d0ff7569 [2026-09-16T09:54:01.309719] Expanding "src/gen/localized.AdminService.Status.hdbview"... ok (0s 8ms) (STDOUT, APP/TASK/deploy)#
#2026 09 16 09:54:10.584#Z#DEBUG#52171575-b1b4-11f1-bf33-eeee0a8e3dbc.incident-management-db-deployer#flowable-async-job-executor-thread-15220#
[PollExecuteTaskStatusExecution] 027cc582-38ad-4b77-9ea4-3df5d0ff7569 [2026-09-16T09:54:01.309776] Expanding "src/gen/localized.sap.capire.incidents.Status.hdbview"... (STDOUT, APP/TASK/deploy)#
#2026 09 16 09:54:10.584#Z#DEBUG#52171575-b1b4-11f1-bf33-eeee0a8e3dbc.incident-management-db-deployer#flowable-async-job-executor-thread-15220#
[PollExecuteTaskStatusExecution] 027cc582-38ad-4b77-9ea4-3df5d0ff7569 [2026-09-16T09:54:01.309797] Expanding "src/gen/localized.ProcessorService.Status.hdbview"... ok (0s 9ms) (STDOUT, APP/TASK/deploy)#
#2026 09 16 09:54:10.584#Z#DEBUG#52171575-b1b4-11f1-bf33-eeee0a8e3dbc.incident-management-db-deployer#flowable-async-job-executor-thread-15220#
[PollExecuteTaskStatusExecution] 027cc582-38ad-4b77-9ea4-3df5d0ff7569 [2026-09-16T09:54:01.309846] Expanding "src/gen/localized.AdminService.Urgency.hdbview"... ok (0s 9ms) (STDOUT, APP/TASK/deploy)#
#2026 09 16 09:54:10.584#Z#DEBUG#52171575-b1b4-11f1-bf33-eeee0a8e3dbc.incident-management-db-deployer#flowable-async-job-executor-thread-15220#
[PollExecuteTaskStatusExecution] 027cc582-38ad-4b77-9ea4-3df5d0ff7569 [2026-09-16T09:54:01.309856] Expanding "src/gen/localized.sap.capire.incidents.Urgency.hdbview"... (STDOUT, APP/TASK/deploy)#
#2026 09 16 09:54:10.584#Z#DEBUG#52171575-b1b4-11f1-bf33-eeee0a8e3dbc.incident-management-db-deployer#flowable-async-job-executor-thread-15220#
[PollExecuteTaskStatusExecution] 027cc582-38ad-4b77-9ea4-3df5d0ff7569 [2026-09-16T09:54:01.309906] Expanding "src/gen/sap.capire.incidents.Addresses.hdbtable"... (STDOUT, APP/TASK/deploy)#
#2026 09 16 09:54:10.584#Z#DEBUG#52171575-b1b4-11f1-bf33-eeee0a8e3dbc.incident-management-db-deployer#flowable-async-job-executor-thread-15220#
[PollExecuteTaskStatusExecution] 027cc582-38ad-4b77-9ea4-3df5d0ff7569 [2026-09-16T09:54:01.309913] Expanding "src/gen/localized.ProcessorService.Urgency.hdbview"... ok (0s 8ms) (STDOUT, APP/TASK/deploy)#
#2026 09 16 09:54:10.584#Z#DEBUG#52171575-b1b4-11f1-bf33-eeee0a8e3dbc.incident-management-db-deployer#flowable-async-job-executor-thread-15220#
[PollExecuteTaskStatusExecution] 027cc582-38ad-4b77-9ea4-3df5d0ff7569 [2026-09-16T09:54:01.309945] Expanding "src/gen/sap.capire.incidents.Customers.hdbtable"... (STDOUT, APP/TASK/deploy)#
#2026 09 16 09:54:10.584#Z#DEBUG#52171575-b1b4-11f1-bf33-eeee0a8e3dbc.incident-management-db-deployer#flowable-async-job-executor-thread-15220#
[PollExecuteTaskStatusExecution] 027cc582-38ad-4b77-9ea4-3df5d0ff7569 [2026-09-16T09:54:01.309952] Expanding "src/gen/localized.sap.capire.incidents.Urgency.hdbview"... ok (0s 8ms) (STDOUT, APP/TASK/deploy)#
#2026 09 16 09:54:10.584#Z#DEBUG#52171575-b1b4-11f1-bf33-eeee0a8e3dbc.incident-management-db-deployer#flowable-async-job-executor-thread-15220#
[PollExecuteTaskStatusExecution] 027cc582-38ad-4b77-9ea4-3df5d0ff7569 [2026-09-16T09:54:01.309963] Expanding "src/gen/sap.capire.incidents.Incidents.hdbtable"... (STDOUT, APP/TASK/deploy)#
#2026 09 16 09:54:10.584#Z#DEBUG#52171575-b1b4-11f1-bf33-eeee0a8e3dbc.incident-management-db-deployer#flowable-async-job-executor-thread-15220#
[PollExecuteTaskStatusExecution] 027cc582-38ad-4b77-9ea4-3df5d0ff7569 [2026-09-16T09:54:01.310018] Expanding "src/gen/localized.sap.capire.incidents.Status.hdbview"... ok (0s 9ms) (STDOUT, APP/TASK/deploy)#
#2026 09 16 09:54:10.584#Z#DEBUG#52171575-b1b4-11f1-bf33-eeee0a8e3dbc.incident-management-db-deployer#flowable-async-job-executor-thread-15220#
[PollExecuteTaskStatusExecution] 027cc582-38ad-4b77-9ea4-3df5d0ff7569 [2026-09-16T09:54:01.310032] Expanding "src/gen/sap.capire.incidents.Incidents_conversation.hdbtable"... (STDOUT, APP/TASK/deploy)#
#2026 09 16 09:54:10.584#Z#DEBUG#52171575-b1b4-11f1-bf33-eeee0a8e3dbc.incident-management-db-deployer#flowable-async-job-executor-thread-15220#
[PollExecuteTaskStatusExecution] 027cc582-38ad-4b77-9ea4-3df5d0ff7569 [2026-09-16T09:54:01.310098] Expanding "src/gen/sap.capire.incidents.Customers.hdbtable"... ok (0s 9ms) (STDOUT, APP/TASK/deploy)#
#2026 09 16 09:54:10.584#Z#DEBUG#52171575-b1b4-11f1-bf33-eeee0a8e3dbc.incident-management-db-deployer#flowable-async-job-executor-thread-15220#
[PollExecuteTaskStatusExecution] 027cc582-38ad-4b77-9ea4-3df5d0ff7569 [2026-09-16T09:54:01.310112] Expanding "src/gen/sap.capire.incidents.Status.hdbtable"... (STDOUT, APP/TASK/deploy)#
#2026 09 16 09:54:10.584#Z#DEBUG#52171575-b1b4-11f1-bf33-eeee0a8e3dbc.incident-management-db-deployer#flowable-async-job-executor-thread-15220#
[PollExecuteTaskStatusExecution] 027cc582-38ad-4b77-9ea4-3df5d0ff7569 [2026-09-16T09:54:01.310117] Expanding "src/gen/sap.capire.incidents.Addresses.hdbtable"... ok (0s 9ms) (STDOUT, APP/TASK/deploy)#
#2026 09 16 09:54:10.584#Z#DEBUG#52171575-b1b4-11f1-bf33-eeee0a8e3dbc.incident-management-db-deployer#flowable-async-job-executor-thread-15220#
[PollExecuteTaskStatusExecution] 027cc582-38ad-4b77-9ea4-3df5d0ff7569 [2026-09-16T09:54:01.310179] Expanding "src/gen/sap.capire.incidents.Status_texts.hdbtable"... (STDOUT, APP/TASK/deploy)#
#2026 09 16 09:54:10.584#Z#DEBUG#52171575-b1b4-11f1-bf33-eeee0a8e3dbc.incident-management-db-deployer#flowable-async-job-executor-thread-15220#
[PollExecuteTaskStatusExecution] 027cc582-38ad-4b77-9ea4-3df5d0ff7569 [2026-09-16T09:54:01.310194] Expanding "src/gen/sap.capire.incidents.Incidents.hdbtable"... ok (0s 9ms) (STDOUT, APP/TASK/deploy)#
#2026 09 16 09:54:10.584#Z#DEBUG#52171575-b1b4-11f1-bf33-eeee0a8e3dbc.incident-management-db-deployer#flowable-async-job-executor-thread-15220#
[PollExecuteTaskStatusExecution] 027cc582-38ad-4b77-9ea4-3df5d0ff7569 [2026-09-16T09:54:01.310248] Expanding "src/gen/sap.capire.incidents.Urgency.hdbtable"... (STDOUT, APP/TASK/deploy)#
#2026 09 16 09:54:10.584#Z#DEBUG#52171575-b1b4-11f1-bf33-eeee0a8e3dbc.incident-management-db-deployer#flowable-async-job-executor-thread-15220#
[PollExecuteTaskStatusExecution] 027cc582-38ad-4b77-9ea4-3df5d0ff7569 [2026-09-16T09:54:01.310272] Expanding "src/gen/sap.capire.incidents.Incidents_conversation.hdbtable"... ok (0s 9ms) (STDOUT, APP/TASK/deploy)#
#2026 09 16 09:54:10.584#Z#DEBUG#52171575-b1b4-11f1-bf33-eeee0a8e3dbc.incident-management-db-deployer#flowable-async-job-executor-thread-15220#
[PollExecuteTaskStatusExecution] 027cc582-38ad-4b77-9ea4-3df5d0ff7569 [2026-09-16T09:54:01.310280] Expanding "src/gen/sap.capire.incidents.Urgency_texts.hdbtable"... (STDOUT, APP/TASK/deploy)#
#2026 09 16 09:54:10.584#Z#DEBUG#52171575-b1b4-11f1-bf33-eeee0a8e3dbc.incident-management-db-deployer#flowable-async-job-executor-thread-15220#
[PollExecuteTaskStatusExecution] 027cc582-38ad-4b77-9ea4-3df5d0ff7569 [2026-09-16T09:54:01.310282] Expanding "src/gen/sap.capire.incidents.Status.hdbtable"... ok (0s 9ms) (STDOUT, APP/TASK/deploy)#
#2026 09 16 09:54:10.584#Z#DEBUG#52171575-b1b4-11f1-bf33-eeee0a8e3dbc.incident-management-db-deployer#flowable-async-job-executor-thread-15220#
[PollExecuteTaskStatusExecution] 027cc582-38ad-4b77-9ea4-3df5d0ff7569 [2026-09-16T09:54:01.310345] Expanding "src/gen/sap.capire.incidents.Status_texts.hdbtable"... ok (0s 9ms) (STDOUT, APP/TASK/deploy)#
#2026 09 16 09:54:10.584#Z#DEBUG#52171575-b1b4-11f1-bf33-eeee0a8e3dbc.incident-management-db-deployer#flowable-async-job-executor-thread-15220#
[PollExecuteTaskStatusExecution] 027cc582-38ad-4b77-9ea4-3df5d0ff7569 [2026-09-16T09:54:01.310375] Expanding "src/gen/sap.capire.incidents.Urgency_texts.hdbtable"... ok (0s 6ms) (STDOUT, APP/TASK/deploy)#
#2026 09 16 09:54:10.584#Z#DEBUG#52171575-b1b4-11f1-bf33-eeee0a8e3dbc.incident-management-db-deployer#flowable-async-job-executor-thread-15220#
[PollExecuteTaskStatusExecution] 027cc582-38ad-4b77-9ea4-3df5d0ff7569 [2026-09-16T09:54:01.310386] Expanding "src/gen/sap.capire.incidents.Urgency.hdbtable"... ok (0s 7ms) (STDOUT, APP/TASK/deploy)#
#2026 09 16 09:54:10.584#Z#DEBUG#52171575-b1b4-11f1-bf33-eeee0a8e3dbc.incident-management-db-deployer#flowable-async-job-executor-thread-15220#
[PollExecuteTaskStatusExecution] 027cc582-38ad-4b77-9ea4-3df5d0ff7569 [2026-09-16T09:54:01.310443] Expanding... ok (0s 153ms) (STDOUT, APP/TASK/deploy)#
#2026 09 16 09:54:10.584#Z#DEBUG#52171575-b1b4-11f1-bf33-eeee0a8e3dbc.incident-management-db-deployer#flowable-async-job-executor-thread-15220#
[PollExecuteTaskStatusExecution] 027cc582-38ad-4b77-9ea4-3df5d0ff7569 [2026-09-16T09:54:01.310503] Precompiling... (STDOUT, APP/TASK/deploy)#
#2026 09 16 09:54:10.584#Z#DEBUG#52171575-b1b4-11f1-bf33-eeee0a8e3dbc.incident-management-db-deployer#flowable-async-job-executor-thread-15220#
[PollExecuteTaskStatusExecution] 027cc582-38ad-4b77-9ea4-3df5d0ff7569 [2026-09-16T09:54:01.310558] Precompiling "src/gen/AdminService.Addresses.hdbview"... (STDOUT, APP/TASK/deploy)#
#2026 09 16 09:54:10.584#Z#DEBUG#52171575-b1b4-11f1-bf33-eeee0a8e3dbc.incident-management-db-deployer#flowable-async-job-executor-thread-15220#
[PollExecuteTaskStatusExecution] 027cc582-38ad-4b77-9ea4-3df5d0ff7569 [2026-09-16T09:54:01.310574] Precompiling "src/gen/AdminService.Customers.hdbview"... (STDOUT, APP/TASK/deploy)#
#2026 09 16 09:54:10.585#Z#DEBUG#52171575-b1b4-11f1-bf33-eeee0a8e3dbc.incident-management-db-deployer#flowable-async-job-executor-thread-15220#
[PollExecuteTaskStatusExecution] 027cc582-38ad-4b77-9ea4-3df5d0ff7569 [2026-09-16T09:54:01.310585] Precompiling "src/gen/AdminService.Incidents.hdbview"... (STDOUT, APP/TASK/deploy)#
#2026 09 16 09:54:10.585#Z#DEBUG#52171575-b1b4-11f1-bf33-eeee0a8e3dbc.incident-management-db-deployer#flowable-async-job-executor-thread-15220#
[PollExecuteTaskStatusExecution] 027cc582-38ad-4b77-9ea4-3df5d0ff7569 [2026-09-16T09:54:01.310592] Precompiling "src/gen/AdminService.Incidents_conversation.hdbview"... (STDOUT, APP/TASK/deploy)#
#2026 09 16 09:54:10.585#Z#DEBUG#52171575-b1b4-11f1-bf33-eeee0a8e3dbc.incident-management-db-deployer#flowable-async-job-executor-thread-15220#
[PollExecuteTaskStatusExecution] 027cc582-38ad-4b77-9ea4-3df5d0ff7569 [2026-09-16T09:54:01.310626] Precompiling "src/gen/AdminService.Customers.hdbview"... ok (0s 10ms) (STDOUT, APP/TASK/deploy)#
#2026 09 16 09:54:10.585#Z#DEBUG#52171575-b1b4-11f1-bf33-eeee0a8e3dbc.incident-management-db-deployer#flowable-async-job-executor-thread-15220#
[PollExecuteTaskStatusExecution] 027cc582-38ad-4b77-9ea4-3df5d0ff7569 [2026-09-16T09:54:01.310658] Precompiling "src/gen/AdminService.Status.hdbview"... (STDOUT, APP/TASK/deploy)#
#2026 09 16 09:54:10.585#Z#DEBUG#52171575-b1b4-11f1-bf33-eeee0a8e3dbc.incident-management-db-deployer#flowable-async-job-executor-thread-15220#
[PollExecuteTaskStatusExecution] 027cc582-38ad-4b77-9ea4-3df5d0ff7569 [2026-09-16T09:54:01.310689] Precompiling "src/gen/AdminService.Incidents_conversation.hdbview"... ok (0s 11ms) (STDOUT, APP/TASK/deploy)#
#2026 09 16 09:54:10.585#Z#DEBUG#52171575-b1b4-11f1-bf33-eeee0a8e3dbc.incident-management-db-deployer#flowable-async-job-executor-thread-15220#
[PollExecuteTaskStatusExecution] 027cc582-38ad-4b77-9ea4-3df5d0ff7569 [2026-09-16T09:54:01.310696] Precompiling "src/gen/AdminService.Status_texts.hdbview"... (STDOUT, APP/TASK/deploy)#
#2026 09 16 09:54:10.585#Z#DEBUG#52171575-b1b4-11f1-bf33-eeee0a8e3dbc.incident-management-db-deployer#flowable-async-job-executor-thread-15220#
[PollExecuteTaskStatusExecution] 027cc582-38ad-4b77-9ea4-3df5d0ff7569 [2026-09-16T09:54:01.310703] Precompiling "src/gen/AdminService.Addresses.hdbview"... ok (0s 11ms) (STDOUT, APP/TASK/deploy)#
#2026 09 16 09:54:10.585#Z#DEBUG#52171575-b1b4-11f1-bf33-eeee0a8e3dbc.incident-management-db-deployer#flowable-async-job-executor-thread-15220#
[PollExecuteTaskStatusExecution] 027cc582-38ad-4b77-9ea4-3df5d0ff7569 [2026-09-16T09:54:01.310724] Precompiling "src/gen/AdminService.Urgency.hdbview"... (STDOUT, APP/TASK/deploy)#
#2026 09 16 09:54:10.585#Z#DEBUG#52171575-b1b4-11f1-bf33-eeee0a8e3dbc.incident-management-db-deployer#flowable-async-job-executor-thread-15220#
[PollExecuteTaskStatusExecution] 027cc582-38ad-4b77-9ea4-3df5d0ff7569 [2026-09-16T09:54:01.310733] Precompiling "src/gen/AdminService.Incidents.hdbview"... ok (0s 11ms) (STDOUT, APP/TASK/deploy)#
#2026 09 16 09:54:10.585#Z#DEBUG#52171575-b1b4-11f1-bf33-eeee0a8e3dbc.incident-management-db-deployer#flowable-async-job-executor-thread-15220#
[PollExecuteTaskStatusExecution] 027cc582-38ad-4b77-9ea4-3df5d0ff7569 [2026-09-16T09:54:01.310778] Precompiling "src/gen/AdminService.Urgency_texts.hdbview"... (STDOUT, APP/TASK/deploy)#
#2026 09 16 09:54:10.585#Z#DEBUG#52171575-b1b4-11f1-bf33-eeee0a8e3dbc.incident-management-db-deployer#flowable-async-job-executor-thread-15220#
[PollExecuteTaskStatusExecution] 027cc582-38ad-4b77-9ea4-3df5d0ff7569 [2026-09-16T09:54:01.310791] Precompiling "src/gen/AdminService.Status.hdbview"... ok (0s 8ms) (STDOUT, APP/TASK/deploy)#
#2026 09 16 09:54:10.585#Z#DEBUG#52171575-b1b4-11f1-bf33-eeee0a8e3dbc.incident-management-db-deployer#flowable-async-job-executor-thread-15220#
[PollExecuteTaskStatusExecution] 027cc582-38ad-4b77-9ea4-3df5d0ff7569 [2026-09-16T09:54:01.310850] Precompiling "src/gen/DRAFT.DraftAdministrativeData.hdbtable"... (STDOUT, APP/TASK/deploy)#
#2026 09 16 09:54:10.585#Z#DEBUG#52171575-b1b4-11f1-bf33-eeee0a8e3dbc.incident-management-db-deployer#flowable-async-job-executor-thread-15220#
[PollExecuteTaskStatusExecution] 027cc582-38ad-4b77-9ea4-3df5d0ff7569 [2026-09-16T09:54:01.310857] Precompiling "src/gen/AdminService.Urgency.hdbview"... ok (0s 9ms) (STDOUT, APP/TASK/deploy)#
#2026 09 16 09:54:10.585#Z#DEBUG#52171575-b1b4-11f1-bf33-eeee0a8e3dbc.incident-management-db-deployer#flowable-async-job-executor-thread-15220#
[PollExecuteTaskStatusExecution] 027cc582-38ad-4b77-9ea4-3df5d0ff7569 [2026-09-16T09:54:01.311027] Precompiling "src/gen/AdminService.Status_texts.hdbview"... ok (0s 9ms) (STDOUT, APP/TASK/deploy)#
#2026 09 16 09:54:10.585#Z#DEBUG#52171575-b1b4-11f1-bf33-eeee0a8e3dbc.incident-management-db-deployer#flowable-async-job-executor-thread-15220#
[PollExecuteTaskStatusExecution] 027cc582-38ad-4b77-9ea4-3df5d0ff7569 [2026-09-16T09:54:01.311034] Precompiling "src/gen/ProcessorService.Addresses.hdbview"... (STDOUT, APP/TASK/deploy)#
#2026 09 16 09:54:10.585#Z#DEBUG#52171575-b1b4-11f1-bf33-eeee0a8e3dbc.incident-management-db-deployer#flowable-async-job-executor-thread-15220#
[PollExecuteTaskStatusExecution] 027cc582-38ad-4b77-9ea4-3df5d0ff7569 [2026-09-16T09:54:01.311037] Precompiling "src/gen/ProcessorService.Customers.hdbview"... (STDOUT, APP/TASK/deploy)#
#2026 09 16 09:54:10.585#Z#DEBUG#52171575-b1b4-11f1-bf33-eeee0a8e3dbc.incident-management-db-deployer#flowable-async-job-executor-thread-15220#
[PollExecuteTaskStatusExecution] 027cc582-38ad-4b77-9ea4-3df5d0ff7569 [2026-09-16T09:54:01.311096] Precompiling "src/gen/AdminService.Urgency_texts.hdbview"... ok (0s 8ms) (STDOUT, APP/TASK/deploy)#
#2026 09 16 09:54:10.585#Z#DEBUG#52171575-b1b4-11f1-bf33-eeee0a8e3dbc.incident-management-db-deployer#flowable-async-job-executor-thread-15220#
[PollExecuteTaskStatusExecution] 027cc582-38ad-4b77-9ea4-3df5d0ff7569 [2026-09-16T09:54:01.311105] Precompiling "src/gen/ProcessorService.DraftAdministrativeData.hdbview"... (STDOUT, APP/TASK/deploy)#
#2026 09 16 09:54:10.585#Z#DEBUG#52171575-b1b4-11f1-bf33-eeee0a8e3dbc.incident-management-db-deployer#flowable-async-job-executor-thread-15220#
[PollExecuteTaskStatusExecution] 027cc582-38ad-4b77-9ea4-3df5d0ff7569 [2026-09-16T09:54:01.311161] Precompiling "src/gen/ProcessorService.DraftAdministrativeData.hdbview"... ok (0s 10ms) (STDOUT, APP/TASK/deploy)#
#2026 09 16 09:54:10.585#Z#DEBUG#52171575-b1b4-11f1-bf33-eeee0a8e3dbc.incident-management-db-deployer#flowable-async-job-executor-thread-15220#
[PollExecuteTaskStatusExecution] 027cc582-38ad-4b77-9ea4-3df5d0ff7569 [2026-09-16T09:54:01.311169] Precompiling "src/gen/ProcessorService.Addresses.hdbview"... ok (0s 10ms) (STDOUT, APP/TASK/deploy)#
#2026 09 16 09:54:10.585#Z#DEBUG#52171575-b1b4-11f1-bf33-eeee0a8e3dbc.incident-management-db-deployer#flowable-async-job-executor-thread-15220#
[PollExecuteTaskStatusExecution] 027cc582-38ad-4b77-9ea4-3df5d0ff7569 [2026-09-16T09:54:01.311236] Precompiling "src/gen/ProcessorService.Incidents.hdbview"... (STDOUT, APP/TASK/deploy)#
#2026 09 16 09:54:10.585#Z#DEBUG#52171575-b1b4-11f1-bf33-eeee0a8e3dbc.incident-management-db-deployer#flowable-async-job-executor-thread-15220#
[PollExecuteTaskStatusExecution] 027cc582-38ad-4b77-9ea4-3df5d0ff7569 [2026-09-16T09:54:01.311244] Precompiling "src/gen/ProcessorService.Incidents_conversation.hdbview"... (STDOUT, APP/TASK/deploy)#
#2026 09 16 09:54:10.585#Z#DEBUG#52171575-b1b4-11f1-bf33-eeee0a8e3dbc.incident-management-db-deployer#flowable-async-job-executor-thread-15220#
[PollExecuteTaskStatusExecution] 027cc582-38ad-4b77-9ea4-3df5d0ff7569 [2026-09-16T09:54:01.311246] Precompiling "src/gen/DRAFT.DraftAdministrativeData.hdbtable"... ok (0s 12ms) (STDOUT, APP/TASK/deploy)#
#2026 09 16 09:54:10.585#Z#DEBUG#52171575-b1b4-11f1-bf33-eeee0a8e3dbc.incident-management-db-deployer#flowable-async-job-executor-thread-15220#
[PollExecuteTaskStatusExecution] 027cc582-38ad-4b77-9ea4-3df5d0ff7569 [2026-09-16T09:54:01.311253] Precompiling "src/gen/ProcessorService.Incidents_conversation_drafts.hdbtable"... (STDOUT, APP/TASK/deploy)#
#2026 09 16 09:54:10.585#Z#DEBUG#52171575-b1b4-11f1-bf33-eeee0a8e3dbc.incident-management-db-deployer#flowable-async-job-executor-thread-15220#
[PollExecuteTaskStatusExecution] 027cc582-38ad-4b77-9ea4-3df5d0ff7569 [2026-09-16T09:54:01.311270] Precompiling "src/gen/ProcessorService.Customers.hdbview"... ok (0s 10ms) (STDOUT, APP/TASK/deploy)#
#2026 09 16 09:54:10.585#Z#DEBUG#52171575-b1b4-11f1-bf33-eeee0a8e3dbc.incident-management-db-deployer#flowable-async-job-executor-thread-15220#
[PollExecuteTaskStatusExecution] 027cc582-38ad-4b77-9ea4-3df5d0ff7569 [2026-09-16T09:54:01.311313] Precompiling "src/gen/ProcessorService.Incidents_drafts.hdbtable"... (STDOUT, APP/TASK/deploy)#
#2026 09 16 09:54:10.585#Z#DEBUG#52171575-b1b4-11f1-bf33-eeee0a8e3dbc.incident-management-db-deployer#flowable-async-job-executor-thread-15220#
[PollExecuteTaskStatusExecution] 027cc582-38ad-4b77-9ea4-3df5d0ff7569 [2026-09-16T09:54:01.311322] Precompiling "src/gen/ProcessorService.Incidents_conversation.hdbview"... ok (0s 9ms) (STDOUT, APP/TASK/deploy)#
#2026 09 16 09:54:10.585#Z#DEBUG#52171575-b1b4-11f1-bf33-eeee0a8e3dbc.incident-management-db-deployer#flowable-async-job-executor-thread-15220#
[PollExecuteTaskStatusExecution] 027cc582-38ad-4b77-9ea4-3df5d0ff7569 [2026-09-16T09:54:01.311382] Precompiling "src/gen/ProcessorService.Incidents.hdbview"... ok (0s 9ms) (STDOUT, APP/TASK/deploy)#
#2026 09 16 09:54:10.585#Z#DEBUG#52171575-b1b4-11f1-bf33-eeee0a8e3dbc.incident-management-db-deployer#flowable-async-job-executor-thread-15220#
[PollExecuteTaskStatusExecution] 027cc582-38ad-4b77-9ea4-3df5d0ff7569 [2026-09-16T09:54:01.311393] Precompiling "src/gen/ProcessorService.Status.hdbview"... (STDOUT, APP/TASK/deploy)#
#2026 09 16 09:54:10.585#Z#DEBUG#52171575-b1b4-11f1-bf33-eeee0a8e3dbc.incident-management-db-deployer#flowable-async-job-executor-thread-15220#
[PollExecuteTaskStatusExecution] 027cc582-38ad-4b77-9ea4-3df5d0ff7569 [2026-09-16T09:54:01.312503] Precompiling "src/gen/ProcessorService.Status_texts.hdbview"... (STDOUT, APP/TASK/deploy)#
#2026 09 16 09:54:10.585#Z#DEBUG#52171575-b1b4-11f1-bf33-eeee0a8e3dbc.incident-management-db-deployer#flowable-async-job-executor-thread-15220#
[PollExecuteTaskStatusExecution] 027cc582-38ad-4b77-9ea4-3df5d0ff7569 [2026-09-16T09:54:01.312511] Precompiling "src/gen/ProcessorService.Incidents_conversation_drafts.hdbtable"... ok (0s 10ms) (STDOUT, APP/TASK/deploy)#
#2026 09 16 09:54:10.585#Z#DEBUG#52171575-b1b4-11f1-bf33-eeee0a8e3dbc.incident-management-db-deployer#flowable-async-job-executor-thread-15220#
[PollExecuteTaskStatusExecution] 027cc582-38ad-4b77-9ea4-3df5d0ff7569 [2026-09-16T09:54:01.312533] Precompiling "src/gen/ProcessorService.Urgency.hdbview"... (STDOUT, APP/TASK/deploy)#
#2026 09 16 09:54:10.585#Z#DEBUG#52171575-b1b4-11f1-bf33-eeee0a8e3dbc.incident-management-db-deployer#flowable-async-job-executor-thread-15220#
[PollExecuteTaskStatusExecution] 027cc582-38ad-4b77-9ea4-3df5d0ff7569 [2026-09-16T09:54:01.312536] Precompiling "src/gen/ProcessorService.Incidents_drafts.hdbtable"... ok (0s 11ms) (STDOUT, APP/TASK/deploy)#
#2026 09 16 09:54:10.585#Z#DEBUG#52171575-b1b4-11f1-bf33-eeee0a8e3dbc.incident-management-db-deployer#flowable-async-job-executor-thread-15220#
[PollExecuteTaskStatusExecution] 027cc582-38ad-4b77-9ea4-3df5d0ff7569 [2026-09-16T09:54:01.312538] Precompiling "src/gen/ProcessorService.Urgency_texts.hdbview"... (STDOUT, APP/TASK/deploy)#
#2026 09 16 09:54:10.585#Z#DEBUG#52171575-b1b4-11f1-bf33-eeee0a8e3dbc.incident-management-db-deployer#flowable-async-job-executor-thread-15220#
[PollExecuteTaskStatusExecution] 027cc582-38ad-4b77-9ea4-3df5d0ff7569 [2026-09-16T09:54:01.312540] Precompiling "src/gen/ProcessorService.Status_texts.hdbview"... ok (0s 8ms) (STDOUT, APP/TASK/deploy)#
#2026 09 16 09:54:10.585#Z#DEBUG#52171575-b1b4-11f1-bf33-eeee0a8e3dbc.incident-management-db-deployer#flowable-async-job-executor-thread-15220#
[PollExecuteTaskStatusExecution] 027cc582-38ad-4b77-9ea4-3df5d0ff7569 [2026-09-16T09:54:01.312542] Precompiling "src/gen/cds.outbox.Messages.hdbtable"... (STDOUT, APP/TASK/deploy)#
#2026 09 16 09:54:10.585#Z#DEBUG#52171575-b1b4-11f1-bf33-eeee0a8e3dbc.incident-management-db-deployer#flowable-async-job-executor-thread-15220#
[PollExecuteTaskStatusExecution] 027cc582-38ad-4b77-9ea4-3df5d0ff7569 [2026-09-16T09:54:01.312547] Precompiling "src/gen/ProcessorService.Status.hdbview"... ok (0s 8ms) (STDOUT, APP/TASK/deploy)#
#2026 09 16 09:54:10.585#Z#DEBUG#52171575-b1b4-11f1-bf33-eeee0a8e3dbc.incident-management-db-deployer#flowable-async-job-executor-thread-15220#
[PollExecuteTaskStatusExecution] 027cc582-38ad-4b77-9ea4-3df5d0ff7569 [2026-09-16T09:54:01.312549] Precompiling "src/gen/data/sap.capire.incidents-Addresses.csv"... (STDOUT, APP/TASK/deploy)#
#2026 09 16 09:54:10.585#Z#DEBUG#52171575-b1b4-11f1-bf33-eeee0a8e3dbc.incident-management-db-deployer#flowable-async-job-executor-thread-15220#
[PollExecuteTaskStatusExecution] 027cc582-38ad-4b77-9ea4-3df5d0ff7569 [2026-09-16T09:54:01.312551] Precompiling "src/gen/data/sap.capire.incidents-Addresses.csv"... ok (0s 2ms) (STDOUT, APP/TASK/deploy)#
#2026 09 16 09:54:10.585#Z#DEBUG#52171575-b1b4-11f1-bf33-eeee0a8e3dbc.incident-management-db-deployer#flowable-async-job-executor-thread-15220#
[PollExecuteTaskStatusExecution] 027cc582-38ad-4b77-9ea4-3df5d0ff7569 [2026-09-16T09:54:01.312554] Precompiling "src/gen/data/sap.capire.incidents-Addresses.hdbtabledata"... (STDOUT, APP/TASK/deploy)#
#2026 09 16 09:54:10.585#Z#DEBUG#52171575-b1b4-11f1-bf33-eeee0a8e3dbc.incident-management-db-deployer#flowable-async-job-executor-thread-15220#
[PollExecuteTaskStatusExecution] 027cc582-38ad-4b77-9ea4-3df5d0ff7569 [2026-09-16T09:54:01.312556] Precompiling "src/gen/data/sap.capire.incidents-Addresses.hdbtabledata"... ok (0s 0ms) (STDOUT, APP/TASK/deploy)#
#2026 09 16 09:54:10.585#Z#DEBUG#52171575-b1b4-11f1-bf33-eeee0a8e3dbc.incident-management-db-deployer#flowable-async-job-executor-thread-15220#
[PollExecuteTaskStatusExecution] 027cc582-38ad-4b77-9ea4-3df5d0ff7569 [2026-09-16T09:54:01.312558] Precompiling "src/gen/data/sap.capire.incidents-Addresses.hdbtabledata$0.expand"... (STDOUT, APP/TASK/deploy)#
#2026 09 16 09:54:10.585#Z#DEBUG#52171575-b1b4-11f1-bf33-eeee0a8e3dbc.incident-management-db-deployer#flowable-async-job-executor-thread-15220#
[PollExecuteTaskStatusExecution] 027cc582-38ad-4b77-9ea4-3df5d0ff7569 [2026-09-16T09:54:01.312560] Expanded from "src/gen/data/sap.capire.incidents-Addresses.hdbtabledata" (STDOUT, APP/TASK/deploy)#
#2026 09 16 09:54:10.585#Z#DEBUG#52171575-b1b4-11f1-bf33-eeee0a8e3dbc.incident-management-db-deployer#flowable-async-job-executor-thread-15220#
[PollExecuteTaskStatusExecution] 027cc582-38ad-4b77-9ea4-3df5d0ff7569 [2026-09-16T09:54:01.312562] Precompiling "src/gen/ProcessorService.Urgency.hdbview"... ok (0s 9ms) (STDOUT, APP/TASK/deploy)#
#2026 09 16 09:54:10.585#Z#DEBUG#52171575-b1b4-11f1-bf33-eeee0a8e3dbc.incident-management-db-deployer#flowable-async-job-executor-thread-15220#
[PollExecuteTaskStatusExecution] 027cc582-38ad-4b77-9ea4-3df5d0ff7569 [2026-09-16T09:54:01.312564] Precompiling "src/gen/data/sap.capire.incidents-Customers.csv"... (STDOUT, APP/TASK/deploy)#
#2026 09 16 09:54:10.585#Z#DEBUG#52171575-b1b4-11f1-bf33-eeee0a8e3dbc.incident-management-db-deployer#flowable-async-job-executor-thread-15220#
[PollExecuteTaskStatusExecution] 027cc582-38ad-4b77-9ea4-3df5d0ff7569 [2026-09-16T09:54:01.312566] Precompiling "src/gen/data/sap.capire.incidents-Addresses.hdbtabledata$0.expand"... ok (0s 1ms) (STDOUT, APP/TASK/deploy)#
#2026 09 16 09:54:10.585#Z#DEBUG#52171575-b1b4-11f1-bf33-eeee0a8e3dbc.incident-management-db-deployer#flowable-async-job-executor-thread-15220#
[PollExecuteTaskStatusExecution] 027cc582-38ad-4b77-9ea4-3df5d0ff7569 [2026-09-16T09:54:01.312570] Precompiling "src/gen/data/sap.capire.incidents-Customers.hdbtabledata"... (STDOUT, APP/TASK/deploy)#
#2026 09 16 09:54:10.585#Z#DEBUG#52171575-b1b4-11f1-bf33-eeee0a8e3dbc.incident-management-db-deployer#flowable-async-job-executor-thread-15220#
[PollExecuteTaskStatusExecution] 027cc582-38ad-4b77-9ea4-3df5d0ff7569 [2026-09-16T09:54:01.312572] Precompiling "src/gen/data/sap.capire.incidents-Customers.hdbtabledata"... ok (0s 0ms) (STDOUT, APP/TASK/deploy)#
#2026 09 16 09:54:10.585#Z#DEBUG#52171575-b1b4-11f1-bf33-eeee0a8e3dbc.incident-management-db-deployer#flowable-async-job-executor-thread-15220#
[PollExecuteTaskStatusExecution] 027cc582-38ad-4b77-9ea4-3df5d0ff7569 [2026-09-16T09:54:01.312574] Precompiling "src/gen/data/sap.capire.incidents-Customers.hdbtabledata$0.expand"... (STDOUT, APP/TASK/deploy)#
#2026 09 16 09:54:10.585#Z#DEBUG#52171575-b1b4-11f1-bf33-eeee0a8e3dbc.incident-management-db-deployer#flowable-async-job-executor-thread-15220#
[PollExecuteTaskStatusExecution] 027cc582-38ad-4b77-9ea4-3df5d0ff7569 [2026-09-16T09:54:01.312576] Expanded from "src/gen/data/sap.capire.incidents-Customers.hdbtabledata" (STDOUT, APP/TASK/deploy)#
#2026 09 16 09:54:10.585#Z#DEBUG#52171575-b1b4-11f1-bf33-eeee0a8e3dbc.incident-management-db-deployer#flowable-async-job-executor-thread-15220#
[PollExecuteTaskStatusExecution] 027cc582-38ad-4b77-9ea4-3df5d0ff7569 [2026-09-16T09:54:01.312579] Precompiling "src/gen/data/sap.capire.incidents-Customers.csv"... ok (0s 2ms) (STDOUT, APP/TASK/deploy)#
#2026 09 16 09:54:10.585#Z#DEBUG#52171575-b1b4-11f1-bf33-eeee0a8e3dbc.incident-management-db-deployer#flowable-async-job-executor-thread-15220#
[PollExecuteTaskStatusExecution] 027cc582-38ad-4b77-9ea4-3df5d0ff7569 [2026-09-16T09:54:01.312581] Precompiling "src/gen/ProcessorService.Urgency_texts.hdbview"... ok (0s 10ms) (STDOUT, APP/TASK/deploy)#
#2026 09 16 09:54:10.585#Z#DEBUG#52171575-b1b4-11f1-bf33-eeee0a8e3dbc.incident-management-db-deployer#flowable-async-job-executor-thread-15220#
[PollExecuteTaskStatusExecution] 027cc582-38ad-4b77-9ea4-3df5d0ff7569 [2026-09-16T09:54:01.312582] Precompiling "src/gen/data/sap.capire.incidents-Incidents.conversation.csv"... (STDOUT, APP/TASK/deploy)#
#2026 09 16 09:54:10.585#Z#DEBUG#52171575-b1b4-11f1-bf33-eeee0a8e3dbc.incident-management-db-deployer#flowable-async-job-executor-thread-15220#
[PollExecuteTaskStatusExecution] 027cc582-38ad-4b77-9ea4-3df5d0ff7569 [2026-09-16T09:54:01.312584] Precompiling "src/gen/data/sap.capire.incidents-Customers.hdbtabledata$0.expand"... ok (0s 1ms) (STDOUT, APP/TASK/deploy)#
#2026 09 16 09:54:10.585#Z#DEBUG#52171575-b1b4-11f1-bf33-eeee0a8e3dbc.incident-management-db-deployer#flowable-async-job-executor-thread-15220#
[PollExecuteTaskStatusExecution] 027cc582-38ad-4b77-9ea4-3df5d0ff7569 [2026-09-16T09:54:01.312586] Precompiling "src/gen/data/sap.capire.incidents-Incidents.conversation.hdbtabledata"... (STDOUT, APP/TASK/deploy)#
#2026 09 16 09:54:10.585#Z#DEBUG#52171575-b1b4-11f1-bf33-eeee0a8e3dbc.incident-management-db-deployer#flowable-async-job-executor-thread-15220#
[PollExecuteTaskStatusExecution] 027cc582-38ad-4b77-9ea4-3df5d0ff7569 [2026-09-16T09:54:01.312590] Precompiling "src/gen/data/sap.capire.incidents-Incidents.conversation.hdbtabledata$0.expand"... (STDOUT, APP/TASK/deploy)#
#2026 09 16 09:54:10.585#Z#DEBUG#52171575-b1b4-11f1-bf33-eeee0a8e3dbc.incident-management-db-deployer#flowable-async-job-executor-thread-15220#
[PollExecuteTaskStatusExecution] 027cc582-38ad-4b77-9ea4-3df5d0ff7569 [2026-09-16T09:54:01.312593] Precompiling "src/gen/data/sap.capire.incidents-Incidents.conversation.hdbtabledata"... ok (0s 0ms) (STDOUT, APP/TASK/deploy)#
#2026 09 16 09:54:10.585#Z#DEBUG#52171575-b1b4-11f1-bf33-eeee0a8e3dbc.incident-management-db-deployer#flowable-async-job-executor-thread-15220#
[PollExecuteTaskStatusExecution] 027cc582-38ad-4b77-9ea4-3df5d0ff7569 [2026-09-16T09:54:01.312597] Expanded from "src/gen/data/sap.capire.incidents-Incidents.conversation.hdbtabledata" (STDOUT, APP/TASK/deploy)#
#2026 09 16 09:54:10.585#Z#DEBUG#52171575-b1b4-11f1-bf33-eeee0a8e3dbc.incident-management-db-deployer#flowable-async-job-executor-thread-15220#
[PollExecuteTaskStatusExecution] 027cc582-38ad-4b77-9ea4-3df5d0ff7569 [2026-09-16T09:54:01.312601] Precompiling "src/gen/data/sap.capire.incidents-Incidents.csv"... (STDOUT, APP/TASK/deploy)#
#2026 09 16 09:54:10.585#Z#DEBUG#52171575-b1b4-11f1-bf33-eeee0a8e3dbc.incident-management-db-deployer#flowable-async-job-executor-thread-15220#
[PollExecuteTaskStatusExecution] 027cc582-38ad-4b77-9ea4-3df5d0ff7569 [2026-09-16T09:54:01.312604] Precompiling "src/gen/data/sap.capire.incidents-Incidents.conversation.hdbtabledata$0.expand"... ok (0s 1ms) (STDOUT, APP/TASK/deploy)#
#2026 09 16 09:54:10.585#Z#DEBUG#52171575-b1b4-11f1-bf33-eeee0a8e3dbc.incident-management-db-deployer#flowable-async-job-executor-thread-15220#
[PollExecuteTaskStatusExecution] 027cc582-38ad-4b77-9ea4-3df5d0ff7569 [2026-09-16T09:54:01.312606] Precompiling "src/gen/data/sap.capire.incidents-Incidents.hdbtabledata"... (STDOUT, APP/TASK/deploy)#
#2026 09 16 09:54:10.585#Z#DEBUG#52171575-b1b4-11f1-bf33-eeee0a8e3dbc.incident-management-db-deployer#flowable-async-job-executor-thread-15220#
[PollExecuteTaskStatusExecution] 027cc582-38ad-4b77-9ea4-3df5d0ff7569 [2026-09-16T09:54:01.312610] Precompiling "src/gen/data/sap.capire.incidents-Incidents.hdbtabledata"... ok (0s 0ms) (STDOUT, APP/TASK/deploy)#
#2026 09 16 09:54:10.585#Z#DEBUG#52171575-b1b4-11f1-bf33-eeee0a8e3dbc.incident-management-db-deployer#flowable-async-job-executor-thread-15220#
[PollExecuteTaskStatusExecution] 027cc582-38ad-4b77-9ea4-3df5d0ff7569 [2026-09-16T09:54:01.312612] Precompiling "src/gen/data/sap.capire.incidents-Incidents.hdbtabledata$0.expand"... (STDOUT, APP/TASK/deploy)#
#2026 09 16 09:54:10.585#Z#DEBUG#52171575-b1b4-11f1-bf33-eeee0a8e3dbc.incident-management-db-deployer#flowable-async-job-executor-thread-15220#
[PollExecuteTaskStatusExecution] 027cc582-38ad-4b77-9ea4-3df5d0ff7569 [2026-09-16T09:54:01.312615] Expanded from "src/gen/data/sap.capire.incidents-Incidents.hdbtabledata" (STDOUT, APP/TASK/deploy)#
#2026 09 16 09:54:10.585#Z#DEBUG#52171575-b1b4-11f1-bf33-eeee0a8e3dbc.incident-management-db-deployer#flowable-async-job-executor-thread-15220#
[PollExecuteTaskStatusExecution] 027cc582-38ad-4b77-9ea4-3df5d0ff7569 [2026-09-16T09:54:01.312619] Precompiling "src/gen/data/sap.capire.incidents-Incidents.conversation.csv"... ok (0s 2ms) (STDOUT, APP/TASK/deploy)#
#2026 09 16 09:54:10.585#Z#DEBUG#52171575-b1b4-11f1-bf33-eeee0a8e3dbc.incident-management-db-deployer#flowable-async-job-executor-thread-15220#
[PollExecuteTaskStatusExecution] 027cc582-38ad-4b77-9ea4-3df5d0ff7569 [2026-09-16T09:54:01.312621] Precompiling "src/gen/data/sap.capire.incidents-Status.csv"... (STDOUT, APP/TASK/deploy)#
#2026 09 16 09:54:10.585#Z#DEBUG#52171575-b1b4-11f1-bf33-eeee0a8e3dbc.incident-management-db-deployer#flowable-async-job-executor-thread-15220#
[PollExecuteTaskStatusExecution] 027cc582-38ad-4b77-9ea4-3df5d0ff7569 [2026-09-16T09:54:01.312623] Precompiling "src/gen/data/sap.capire.incidents-Incidents.csv"... ok (0s 1ms) (STDOUT, APP/TASK/deploy)#
#2026 09 16 09:54:10.585#Z#DEBUG#52171575-b1b4-11f1-bf33-eeee0a8e3dbc.incident-management-db-deployer#flowable-async-job-executor-thread-15220#
[PollExecuteTaskStatusExecution] 027cc582-38ad-4b77-9ea4-3df5d0ff7569 [2026-09-16T09:54:01.312625] Precompiling "src/gen/data/sap.capire.incidents-Status.hdbtabledata"... (STDOUT, APP/TASK/deploy)#
#2026 09 16 09:54:10.585#Z#DEBUG#52171575-b1b4-11f1-bf33-eeee0a8e3dbc.incident-management-db-deployer#flowable-async-job-executor-thread-15220#
[PollExecuteTaskStatusExecution] 027cc582-38ad-4b77-9ea4-3df5d0ff7569 [2026-09-16T09:54:01.312627] Precompiling "src/gen/data/sap.capire.incidents-Status.hdbtabledata"... ok (0s 0ms) (STDOUT, APP/TASK/deploy)#
#2026 09 16 09:54:10.585#Z#DEBUG#52171575-b1b4-11f1-bf33-eeee0a8e3dbc.incident-management-db-deployer#flowable-async-job-executor-thread-15220#
[PollExecuteTaskStatusExecution] 027cc582-38ad-4b77-9ea4-3df5d0ff7569 [2026-09-16T09:54:01.312630] Precompiling "src/gen/data/sap.capire.incidents-Status.hdbtabledata$0.expand"... (STDOUT, APP/TASK/deploy)#
#2026 09 16 09:54:10.585#Z#DEBUG#52171575-b1b4-11f1-bf33-eeee0a8e3dbc.incident-management-db-deployer#flowable-async-job-executor-thread-15220#
[PollExecuteTaskStatusExecution] 027cc582-38ad-4b77-9ea4-3df5d0ff7569 [2026-09-16T09:54:01.312634] Expanded from "src/gen/data/sap.capire.incidents-Status.hdbtabledata" (STDOUT, APP/TASK/deploy)#
#2026 09 16 09:54:10.585#Z#DEBUG#52171575-b1b4-11f1-bf33-eeee0a8e3dbc.incident-management-db-deployer#flowable-async-job-executor-thread-15220#
[PollExecuteTaskStatusExecution] 027cc582-38ad-4b77-9ea4-3df5d0ff7569 [2026-09-16T09:54:01.312644] Precompiling "src/gen/data/sap.capire.incidents-Incidents.hdbtabledata$0.expand"... ok (0s 1ms) (STDOUT, APP/TASK/deploy)#
#2026 09 16 09:54:10.585#Z#DEBUG#52171575-b1b4-11f1-bf33-eeee0a8e3dbc.incident-management-db-deployer#flowable-async-job-executor-thread-15220#
[PollExecuteTaskStatusExecution] 027cc582-38ad-4b77-9ea4-3df5d0ff7569 [2026-09-16T09:54:01.312646] Precompiling "src/gen/data/sap.capire.incidents-Status.texts.csv"... (STDOUT, APP/TASK/deploy)#
#2026 09 16 09:54:10.585#Z#DEBUG#52171575-b1b4-11f1-bf33-eeee0a8e3dbc.incident-management-db-deployer#flowable-async-job-executor-thread-15220#
[PollExecuteTaskStatusExecution] 027cc582-38ad-4b77-9ea4-3df5d0ff7569 [2026-09-16T09:54:01.312648] Precompiling "src/gen/data/sap.capire.incidents-Status.csv"... ok (0s 2ms) (STDOUT, APP/TASK/deploy)#
#2026 09 16 09:54:10.585#Z#DEBUG#52171575-b1b4-11f1-bf33-eeee0a8e3dbc.incident-management-db-deployer#flowable-async-job-executor-thread-15220#
[PollExecuteTaskStatusExecution] 027cc582-38ad-4b77-9ea4-3df5d0ff7569 [2026-09-16T09:54:01.312673] Precompiling "src/gen/data/sap.capire.incidents-Status.texts.hdbtabledata"... (STDOUT, APP/TASK/deploy)#
#2026 09 16 09:54:10.585#Z#DEBUG#52171575-b1b4-11f1-bf33-eeee0a8e3dbc.incident-management-db-deployer#flowable-async-job-executor-thread-15220#
[PollExecuteTaskStatusExecution] 027cc582-38ad-4b77-9ea4-3df5d0ff7569 [2026-09-16T09:54:01.312675] Precompiling "src/gen/data/sap.capire.incidents-Status.texts.hdbtabledata"... ok (0s 0ms) (STDOUT, APP/TASK/deploy)#
#2026 09 16 09:54:10.585#Z#DEBUG#52171575-b1b4-11f1-bf33-eeee0a8e3dbc.incident-management-db-deployer#flowable-async-job-executor-thread-15220#
[PollExecuteTaskStatusExecution] 027cc582-38ad-4b77-9ea4-3df5d0ff7569 [2026-09-16T09:54:01.312719] Precompiling "src/gen/data/sap.capire.incidents-Status.texts.hdbtabledata$0.expand"... (STDOUT, APP/TASK/deploy)#
#2026 09 16 09:54:10.585#Z#DEBUG#52171575-b1b4-11f1-bf33-eeee0a8e3dbc.incident-management-db-deployer#flowable-async-job-executor-thread-15220#
[PollExecuteTaskStatusExecution] 027cc582-38ad-4b77-9ea4-3df5d0ff7569 [2026-09-16T09:54:01.313054] Expanded from "src/gen/data/sap.capire.incidents-Status.texts.hdbtabledata" (STDOUT, APP/TASK/deploy)#
#2026 09 16 09:54:10.585#Z#DEBUG#52171575-b1b4-11f1-bf33-eeee0a8e3dbc.incident-management-db-deployer#flowable-async-job-executor-thread-15220#
[PollExecuteTaskStatusExecution] 027cc582-38ad-4b77-9ea4-3df5d0ff7569 [2026-09-16T09:54:01.313296] Precompiling "src/gen/data/sap.capire.incidents-Status.hdbtabledata$0.expand"... ok (0s 1ms) (STDOUT, APP/TASK/deploy)#
#2026 09 16 09:54:10.585#Z#DEBUG#52171575-b1b4-11f1-bf33-eeee0a8e3dbc.incident-management-db-deployer#flowable-async-job-executor-thread-15220#
[PollExecuteTaskStatusExecution] 027cc582-38ad-4b77-9ea4-3df5d0ff7569 [2026-09-16T09:54:01.313427] Precompiling "src/gen/data/sap.capire.incidents-Urgency.csv"... (STDOUT, APP/TASK/deploy)#
#2026 09 16 09:54:10.585#Z#DEBUG#52171575-b1b4-11f1-bf33-eeee0a8e3dbc.incident-management-db-deployer#flowable-async-job-executor-thread-15220#
[PollExecuteTaskStatusExecution] 027cc582-38ad-4b77-9ea4-3df5d0ff7569 [2026-09-16T09:54:01.313496] Precompiling "src/gen/data/sap.capire.incidents-Status.texts.csv"... ok (0s 1ms) (STDOUT, APP/TASK/deploy)#
#2026 09 16 09:54:10.585#Z#DEBUG#52171575-b1b4-11f1-bf33-eeee0a8e3dbc.incident-management-db-deployer#flowable-async-job-executor-thread-15220#
[PollExecuteTaskStatusExecution] 027cc582-38ad-4b77-9ea4-3df5d0ff7569 [2026-09-16T09:54:01.313523] Precompiling "src/gen/data/sap.capire.incidents-Urgency.hdbtabledata"... (STDOUT, APP/TASK/deploy)#
#2026 09 16 09:54:10.585#Z#DEBUG#52171575-b1b4-11f1-bf33-eeee0a8e3dbc.incident-management-db-deployer#flowable-async-job-executor-thread-15220#
[PollExecuteTaskStatusExecution] 027cc582-38ad-4b77-9ea4-3df5d0ff7569 [2026-09-16T09:54:01.313604] Precompiling "src/gen/data/sap.capire.incidents-Urgency.hdbtabledata"... ok (0s 0ms) (STDOUT, APP/TASK/deploy)#
#2026 09 16 09:54:10.585#Z#DEBUG#52171575-b1b4-11f1-bf33-eeee0a8e3dbc.incident-management-db-deployer#flowable-async-job-executor-thread-15220#
[PollExecuteTaskStatusExecution] 027cc582-38ad-4b77-9ea4-3df5d0ff7569 [2026-09-16T09:54:01.313660] Precompiling "src/gen/data/sap.capire.incidents-Urgency.hdbtabledata$0.expand"... (STDOUT, APP/TASK/deploy)#
#2026 09 16 09:54:10.585#Z#DEBUG#52171575-b1b4-11f1-bf33-eeee0a8e3dbc.incident-management-db-deployer#flowable-async-job-executor-thread-15220#
[PollExecuteTaskStatusExecution] 027cc582-38ad-4b77-9ea4-3df5d0ff7569 [2026-09-16T09:54:01.313682] Expanded from "src/gen/data/sap.capire.incidents-Urgency.hdbtabledata" (STDOUT, APP/TASK/deploy)#
#2026 09 16 09:54:10.585#Z#DEBUG#52171575-b1b4-11f1-bf33-eeee0a8e3dbc.incident-management-db-deployer#flowable-async-job-executor-thread-15220#
[PollExecuteTaskStatusExecution] 027cc582-38ad-4b77-9ea4-3df5d0ff7569 [2026-09-16T09:54:01.313789] Precompiling "src/gen/cds.outbox.Messages.hdbtable"... ok (0s 9ms) (STDOUT, APP/TASK/deploy)#
#2026 09 16 09:54:10.585#Z#DEBUG#52171575-b1b4-11f1-bf33-eeee0a8e3dbc.incident-management-db-deployer#flowable-async-job-executor-thread-15220#
[PollExecuteTaskStatusExecution] 027cc582-38ad-4b77-9ea4-3df5d0ff7569 [2026-09-16T09:54:01.314440] Precompiling "src/gen/data/sap.capire.incidents-Urgency.texts.csv"... (STDOUT, APP/TASK/deploy)#
#2026 09 16 09:54:10.585#Z#DEBUG#52171575-b1b4-11f1-bf33-eeee0a8e3dbc.incident-management-db-deployer#flowable-async-job-executor-thread-15220#
[PollExecuteTaskStatusExecution] 027cc582-38ad-4b77-9ea4-3df5d0ff7569 [2026-09-16T09:54:01.314468] Precompiling "src/gen/data/sap.capire.incidents-Status.texts.hdbtabledata$0.expand"... ok (0s 1ms) (STDOUT, APP/TASK/deploy)#
#2026 09 16 09:54:10.585#Z#DEBUG#52171575-b1b4-11f1-bf33-eeee0a8e3dbc.incident-management-db-deployer#flowable-async-job-executor-thread-15220#
[PollExecuteTaskStatusExecution] 027cc582-38ad-4b77-9ea4-3df5d0ff7569 [2026-09-16T09:54:01.314474] Precompiling "src/gen/data/sap.capire.incidents-Urgency.texts.hdbtabledata"... (STDOUT, APP/TASK/deploy)#
#2026 09 16 09:54:10.585#Z#DEBUG#52171575-b1b4-11f1-bf33-eeee0a8e3dbc.incident-management-db-deployer#flowable-async-job-executor-thread-15220#
[PollExecuteTaskStatusExecution] 027cc582-38ad-4b77-9ea4-3df5d0ff7569 [2026-09-16T09:54:01.314476] Precompiling "src/gen/data/sap.capire.incidents-Urgency.texts.hdbtabledata"... ok (0s 0ms) (STDOUT, APP/TASK/deploy)#
#2026 09 16 09:54:10.585#Z#DEBUG#52171575-b1b4-11f1-bf33-eeee0a8e3dbc.incident-management-db-deployer#flowable-async-job-executor-thread-15220#
[PollExecuteTaskStatusExecution] 027cc582-38ad-4b77-9ea4-3df5d0ff7569 [2026-09-16T09:54:01.314478] Precompiling "src/gen/data/sap.capire.incidents-Urgency.texts.hdbtabledata$0.expand"... (STDOUT, APP/TASK/deploy)#
#2026 09 16 09:54:10.585#Z#DEBUG#52171575-b1b4-11f1-bf33-eeee0a8e3dbc.incident-management-db-deployer#flowable-async-job-executor-thread-15220#
[PollExecuteTaskStatusExecution] 027cc582-38ad-4b77-9ea4-3df5d0ff7569 [2026-09-16T09:54:01.314481] Expanded from "src/gen/data/sap.capire.incidents-Urgency.texts.hdbtabledata" (STDOUT, APP/TASK/deploy)#
#2026 09 16 09:54:10.585#Z#DEBUG#52171575-b1b4-11f1-bf33-eeee0a8e3dbc.incident-management-db-deployer#flowable-async-job-executor-thread-15220#
[PollExecuteTaskStatusExecution] 027cc582-38ad-4b77-9ea4-3df5d0ff7569 [2026-09-16T09:54:01.314483] Precompiling "src/gen/data/sap.capire.incidents-Urgency.hdbtabledata$0.expand"... ok (0s 1ms) (STDOUT, APP/TASK/deploy)#
#2026 09 16 09:54:10.585#Z#DEBUG#52171575-b1b4-11f1-bf33-eeee0a8e3dbc.incident-management-db-deployer#flowable-async-job-executor-thread-15220#
[PollExecuteTaskStatusExecution] 027cc582-38ad-4b77-9ea4-3df5d0ff7569 [2026-09-16T09:54:01.314523] Precompiling "src/gen/localized.AdminService.Status.hdbview"... (STDOUT, APP/TASK/deploy)#
#2026 09 16 09:54:10.585#Z#DEBUG#52171575-b1b4-11f1-bf33-eeee0a8e3dbc.incident-management-db-deployer#flowable-async-job-executor-thread-15220#
[PollExecuteTaskStatusExecution] 027cc582-38ad-4b77-9ea4-3df5d0ff7569 [2026-09-16T09:54:01.314526] Precompiling "src/gen/data/sap.capire.incidents-Urgency.csv"... ok (0s 2ms) (STDOUT, APP/TASK/deploy)#
#2026 09 16 09:54:10.585#Z#DEBUG#52171575-b1b4-11f1-bf33-eeee0a8e3dbc.incident-management-db-deployer#flowable-async-job-executor-thread-15220#
[PollExecuteTaskStatusExecution] 027cc582-38ad-4b77-9ea4-3df5d0ff7569 [2026-09-16T09:54:01.314621] Precompiling "src/gen/localized.AdminService.Urgency.hdbview"... (STDOUT, APP/TASK/deploy)#
#2026 09 16 09:54:10.585#Z#DEBUG#52171575-b1b4-11f1-bf33-eeee0a8e3dbc.incident-management-db-deployer#flowable-async-job-executor-thread-15220#
[PollExecuteTaskStatusExecution] 027cc582-38ad-4b77-9ea4-3df5d0ff7569 [2026-09-16T09:54:01.315027] Precompiling "src/gen/data/sap.capire.incidents-Urgency.texts.hdbtabledata$0.expand"... ok (0s 1ms) (STDOUT, APP/TASK/deploy)#
#2026 09 16 09:54:10.585#Z#DEBUG#52171575-b1b4-11f1-bf33-eeee0a8e3dbc.incident-management-db-deployer#flowable-async-job-executor-thread-15220#
[PollExecuteTaskStatusExecution] 027cc582-38ad-4b77-9ea4-3df5d0ff7569 [2026-09-16T09:54:01.315085] Precompiling "src/gen/localized.ProcessorService.Status.hdbview"... (STDOUT, APP/TASK/deploy)#
#2026 09 16 09:54:10.585#Z#DEBUG#52171575-b1b4-11f1-bf33-eeee0a8e3dbc.incident-management-db-deployer#flowable-async-job-executor-thread-15220#
[PollExecuteTaskStatusExecution] 027cc582-38ad-4b77-9ea4-3df5d0ff7569 [2026-09-16T09:54:01.315173] Precompiling "src/gen/data/sap.capire.incidents-Urgency.texts.csv"... ok (0s 1ms) (STDOUT, APP/TASK/deploy)#
#2026 09 16 09:54:10.585#Z#DEBUG#52171575-b1b4-11f1-bf33-eeee0a8e3dbc.incident-management-db-deployer#flowable-async-job-executor-thread-15220#
[PollExecuteTaskStatusExecution] 027cc582-38ad-4b77-9ea4-3df5d0ff7569 [2026-09-16T09:54:01.315176] Precompiling "src/gen/localized.ProcessorService.Urgency.hdbview"... (STDOUT, APP/TASK/deploy)#
#2026 09 16 09:54:10.585#Z#DEBUG#52171575-b1b4-11f1-bf33-eeee0a8e3dbc.incident-management-db-deployer#flowable-async-job-executor-thread-15220#
[PollExecuteTaskStatusExecution] 027cc582-38ad-4b77-9ea4-3df5d0ff7569 [2026-09-16T09:54:01.315222] Precompiling "src/gen/localized.ProcessorService.Status.hdbview"... ok (0s 8ms) (STDOUT, APP/TASK/deploy)#
#2026 09 16 09:54:10.585#Z#DEBUG#52171575-b1b4-11f1-bf33-eeee0a8e3dbc.incident-management-db-deployer#flowable-async-job-executor-thread-15220#
[PollExecuteTaskStatusExecution] 027cc582-38ad-4b77-9ea4-3df5d0ff7569 [2026-09-16T09:54:01.315281] Precompiling "src/gen/localized.sap.capire.incidents.Status.hdbview"... (STDOUT, APP/TASK/deploy)#
#2026 09 16 09:54:10.585#Z#DEBUG#52171575-b1b4-11f1-bf33-eeee0a8e3dbc.incident-management-db-deployer#flowable-async-job-executor-thread-15220#
[PollExecuteTaskStatusExecution] 027cc582-38ad-4b77-9ea4-3df5d0ff7569 [2026-09-16T09:54:01.315354] Precompiling "src/gen/localized.AdminService.Status.hdbview"... ok (0s 9ms) (STDOUT, APP/TASK/deploy)#
#2026 09 16 09:54:10.585#Z#DEBUG#52171575-b1b4-11f1-bf33-eeee0a8e3dbc.incident-management-db-deployer#flowable-async-job-executor-thread-15220#
[PollExecuteTaskStatusExecution] 027cc582-38ad-4b77-9ea4-3df5d0ff7569 [2026-09-16T09:54:01.315396] Precompiling "src/gen/localized.AdminService.Urgency.hdbview"... ok (0s 8ms) (STDOUT, APP/TASK/deploy)#
#2026 09 16 09:54:10.585#Z#DEBUG#52171575-b1b4-11f1-bf33-eeee0a8e3dbc.incident-management-db-deployer#flowable-async-job-executor-thread-15220#
[PollExecuteTaskStatusExecution] 027cc582-38ad-4b77-9ea4-3df5d0ff7569 [2026-09-16T09:54:01.315867] Precompiling "src/gen/localized.sap.capire.incidents.Urgency.hdbview"... (STDOUT, APP/TASK/deploy)#
#2026 09 16 09:54:10.585#Z#DEBUG#52171575-b1b4-11f1-bf33-eeee0a8e3dbc.incident-management-db-deployer#flowable-async-job-executor-thread-15220#
[PollExecuteTaskStatusExecution] 027cc582-38ad-4b77-9ea4-3df5d0ff7569 [2026-09-16T09:54:01.315887] Precompiling "src/gen/sap.capire.incidents.Addresses.hdbtable"... (STDOUT, APP/TASK/deploy)#
#2026 09 16 09:54:10.585#Z#DEBUG#52171575-b1b4-11f1-bf33-eeee0a8e3dbc.incident-management-db-deployer#flowable-async-job-executor-thread-15220#
[PollExecuteTaskStatusExecution] 027cc582-38ad-4b77-9ea4-3df5d0ff7569 [2026-09-16T09:54:01.315891] Precompiling "src/gen/localized.ProcessorService.Urgency.hdbview"... ok (0s 9ms) (STDOUT, APP/TASK/deploy)#
#2026 09 16 09:54:10.585#Z#DEBUG#52171575-b1b4-11f1-bf33-eeee0a8e3dbc.incident-management-db-deployer#flowable-async-job-executor-thread-15220#
[PollExecuteTaskStatusExecution] 027cc582-38ad-4b77-9ea4-3df5d0ff7569 [2026-09-16T09:54:01.315897] Precompiling "src/gen/sap.capire.incidents.Customers.hdbtable"... (STDOUT, APP/TASK/deploy)#
#2026 09 16 09:54:10.585#Z#DEBUG#52171575-b1b4-11f1-bf33-eeee0a8e3dbc.incident-management-db-deployer#flowable-async-job-executor-thread-15220#
[PollExecuteTaskStatusExecution] 027cc582-38ad-4b77-9ea4-3df5d0ff7569 [2026-09-16T09:54:01.315903] Precompiling "src/gen/localized.sap.capire.incidents.Urgency.hdbview"... ok (0s 8ms) (STDOUT, APP/TASK/deploy)#
#2026 09 16 09:54:10.585#Z#DEBUG#52171575-b1b4-11f1-bf33-eeee0a8e3dbc.incident-management-db-deployer#flowable-async-job-executor-thread-15220#
[PollExecuteTaskStatusExecution] 027cc582-38ad-4b77-9ea4-3df5d0ff7569 [2026-09-16T09:54:01.315906] Precompiling "src/gen/sap.capire.incidents.Incidents.hdbtable"... (STDOUT, APP/TASK/deploy)#
#2026 09 16 09:54:10.585#Z#DEBUG#52171575-b1b4-11f1-bf33-eeee0a8e3dbc.incident-management-db-deployer#flowable-async-job-executor-thread-15220#
[PollExecuteTaskStatusExecution] 027cc582-38ad-4b77-9ea4-3df5d0ff7569 [2026-09-16T09:54:01.315909] Precompiling "src/gen/localized.sap.capire.incidents.Status.hdbview"... ok (0s 9ms) (STDOUT, APP/TASK/deploy)#
#2026 09 16 09:54:10.585#Z#DEBUG#52171575-b1b4-11f1-bf33-eeee0a8e3dbc.incident-management-db-deployer#flowable-async-job-executor-thread-15220#
[PollExecuteTaskStatusExecution] 027cc582-38ad-4b77-9ea4-3df5d0ff7569 [2026-09-16T09:54:01.315911] Precompiling "src/gen/sap.capire.incidents.Incidents_conversation.hdbtable"... (STDOUT, APP/TASK/deploy)#
#2026 09 16 09:54:10.585#Z#DEBUG#52171575-b1b4-11f1-bf33-eeee0a8e3dbc.incident-management-db-deployer#flowable-async-job-executor-thread-15220#
[PollExecuteTaskStatusExecution] 027cc582-38ad-4b77-9ea4-3df5d0ff7569 [2026-09-16T09:54:01.315918] Precompiling "src/gen/sap.capire.incidents.Addresses.hdbtable"... ok (0s 10ms) (STDOUT, APP/TASK/deploy)#
#2026 09 16 09:54:10.585#Z#DEBUG#52171575-b1b4-11f1-bf33-eeee0a8e3dbc.incident-management-db-deployer#flowable-async-job-executor-thread-15220#
[PollExecuteTaskStatusExecution] 027cc582-38ad-4b77-9ea4-3df5d0ff7569 [2026-09-16T09:54:01.315920] Precompiling "src/gen/sap.capire.incidents.Status.hdbtable"... (STDOUT, APP/TASK/deploy)#
#2026 09 16 09:54:10.585#Z#DEBUG#52171575-b1b4-11f1-bf33-eeee0a8e3dbc.incident-management-db-deployer#flowable-async-job-executor-thread-15220#
[PollExecuteTaskStatusExecution] 027cc582-38ad-4b77-9ea4-3df5d0ff7569 [2026-09-16T09:54:01.315922] Precompiling "src/gen/sap.capire.incidents.Customers.hdbtable"... ok (0s 10ms) (STDOUT, APP/TASK/deploy)#
#2026 09 16 09:54:10.585#Z#DEBUG#52171575-b1b4-11f1-bf33-eeee0a8e3dbc.incident-management-db-deployer#flowable-async-job-executor-thread-15220#
[PollExecuteTaskStatusExecution] 027cc582-38ad-4b77-9ea4-3df5d0ff7569 [2026-09-16T09:54:01.316606] Precompiling "src/gen/sap.capire.incidents.Status_texts.hdbtable"... (STDOUT, APP/TASK/deploy)#
#2026 09 16 09:54:10.585#Z#DEBUG#52171575-b1b4-11f1-bf33-eeee0a8e3dbc.incident-management-db-deployer#flowable-async-job-executor-thread-15220#
[PollExecuteTaskStatusExecution] 027cc582-38ad-4b77-9ea4-3df5d0ff7569 [2026-09-16T09:54:01.316620] Precompiling "src/gen/sap.capire.incidents.Incidents_conversation.hdbtable"... ok (0s 8ms) (STDOUT, APP/TASK/deploy)#
#2026 09 16 09:54:10.585#Z#DEBUG#52171575-b1b4-11f1-bf33-eeee0a8e3dbc.incident-management-db-deployer#flowable-async-job-executor-thread-15220#
[PollExecuteTaskStatusExecution] 027cc582-38ad-4b77-9ea4-3df5d0ff7569 [2026-09-16T09:54:01.316623] Precompiling "src/gen/sap.capire.incidents.Urgency.hdbtable"... (STDOUT, APP/TASK/deploy)#
#2026 09 16 09:54:10.585#Z#DEBUG#52171575-b1b4-11f1-bf33-eeee0a8e3dbc.incident-management-db-deployer#flowable-async-job-executor-thread-15220#
[PollExecuteTaskStatusExecution] 027cc582-38ad-4b77-9ea4-3df5d0ff7569 [2026-09-16T09:54:01.316626] Precompiling "src/gen/sap.capire.incidents.Urgency_texts.hdbtable"... (STDOUT, APP/TASK/deploy)#
#2026 09 16 09:54:10.585#Z#DEBUG#52171575-b1b4-11f1-bf33-eeee0a8e3dbc.incident-management-db-deployer#flowable-async-job-executor-thread-15220#
[PollExecuteTaskStatusExecution] 027cc582-38ad-4b77-9ea4-3df5d0ff7569 [2026-09-16T09:54:02.329370] Precompiling "src/gen/sap.capire.incidents.Incidents.hdbtable"... ok (0s 9ms) (STDOUT, APP/TASK/deploy)#
#2026 09 16 09:54:10.585#Z#DEBUG#52171575-b1b4-11f1-bf33-eeee0a8e3dbc.incident-management-db-deployer#flowable-async-job-executor-thread-15220#
[PollExecuteTaskStatusExecution] 027cc582-38ad-4b77-9ea4-3df5d0ff7569 [2026-09-16T09:54:02.329402] Precompiling "src/gen/sap.capire.incidents.Status_texts.hdbtable"... ok (0s 7ms) (STDOUT, APP/TASK/deploy)#
#2026 09 16 09:54:10.585#Z#DEBUG#52171575-b1b4-11f1-bf33-eeee0a8e3dbc.incident-management-db-deployer#flowable-async-job-executor-thread-15220#
[PollExecuteTaskStatusExecution] 027cc582-38ad-4b77-9ea4-3df5d0ff7569 [2026-09-16T09:54:02.329415] Precompiling "src/gen/sap.capire.incidents.Urgency.hdbtable"... ok (0s 6ms) (STDOUT, APP/TASK/deploy)#
#2026 09 16 09:54:10.585#Z#DEBUG#52171575-b1b4-11f1-bf33-eeee0a8e3dbc.incident-management-db-deployer#flowable-async-job-executor-thread-15220#
[PollExecuteTaskStatusExecution] 027cc582-38ad-4b77-9ea4-3df5d0ff7569 [2026-09-16T09:54:02.329418] Precompiling "src/gen/sap.capire.incidents.Urgency_texts.hdbtable"... ok (0s 6ms) (STDOUT, APP/TASK/deploy)#
#2026 09 16 09:54:10.585#Z#DEBUG#52171575-b1b4-11f1-bf33-eeee0a8e3dbc.incident-management-db-deployer#flowable-async-job-executor-thread-15220#
[PollExecuteTaskStatusExecution] 027cc582-38ad-4b77-9ea4-3df5d0ff7569 [2026-09-16T09:54:02.329422] Precompiling... ok (0s 113ms) (STDOUT, APP/TASK/deploy)#
#2026 09 16 09:54:10.585#Z#DEBUG#52171575-b1b4-11f1-bf33-eeee0a8e3dbc.incident-management-db-deployer#flowable-async-job-executor-thread-15220#
[PollExecuteTaskStatusExecution] 027cc582-38ad-4b77-9ea4-3df5d0ff7569 [2026-09-16T09:54:02.329425] Merging... (STDOUT, APP/TASK/deploy)#
#2026 09 16 09:54:10.585#Z#DEBUG#52171575-b1b4-11f1-bf33-eeee0a8e3dbc.incident-management-db-deployer#flowable-async-job-executor-thread-15220#
[PollExecuteTaskStatusExecution] 027cc582-38ad-4b77-9ea4-3df5d0ff7569 [2026-09-16T09:54:02.329429] Merging... ok (0s 23ms) (STDOUT, APP/TASK/deploy)#
#2026 09 16 09:54:10.585#Z#DEBUG#52171575-b1b4-11f1-bf33-eeee0a8e3dbc.incident-management-db-deployer#flowable-async-job-executor-thread-15220#
[PollExecuteTaskStatusExecution] 027cc582-38ad-4b77-9ea4-3df5d0ff7569 [2026-09-16T09:54:02.329454] Calculating dependencies... ok (0s 289ms) (STDOUT, APP/TASK/deploy)#
#2026 09 16 09:54:10.585#Z#DEBUG#52171575-b1b4-11f1-bf33-eeee0a8e3dbc.incident-management-db-deployer#flowable-async-job-executor-thread-15220#
[PollExecuteTaskStatusExecution] 027cc582-38ad-4b77-9ea4-3df5d0ff7569 [2026-09-16T09:54:02.329456] Processing work list... (STDOUT, APP/TASK/deploy)#
#2026 09 16 09:54:10.585#Z#DEBUG#52171575-b1b4-11f1-bf33-eeee0a8e3dbc.incident-management-db-deployer#flowable-async-job-executor-thread-15220#
[PollExecuteTaskStatusExecution] 027cc582-38ad-4b77-9ea4-3df5d0ff7569 [2026-09-16T09:54:02.329459] Deploying "src/gen/DRAFT.DraftAdministrativeData.hdbtable"... (STDOUT, APP/TASK/deploy)#
#2026 09 16 09:54:10.585#Z#DEBUG#52171575-b1b4-11f1-bf33-eeee0a8e3dbc.incident-management-db-deployer#flowable-async-job-executor-thread-15220#
[PollExecuteTaskStatusExecution] 027cc582-38ad-4b77-9ea4-3df5d0ff7569 [2026-09-16T09:54:02.329466] Deploying "src/gen/ProcessorService.Incidents_conversation_drafts.hdbtable"... (STDOUT, APP/TASK/deploy)#
#2026 09 16 09:54:10.585#Z#DEBUG#52171575-b1b4-11f1-bf33-eeee0a8e3dbc.incident-management-db-deployer#flowable-async-job-executor-thread-15220#
[PollExecuteTaskStatusExecution] 027cc582-38ad-4b77-9ea4-3df5d0ff7569 [2026-09-16T09:54:02.329541] Deploying "src/gen/ProcessorService.Incidents_drafts.hdbtable"... (STDOUT, APP/TASK/deploy)#
#2026 09 16 09:54:10.585#Z#DEBUG#52171575-b1b4-11f1-bf33-eeee0a8e3dbc.incident-management-db-deployer#flowable-async-job-executor-thread-15220#
[PollExecuteTaskStatusExecution] 027cc582-38ad-4b77-9ea4-3df5d0ff7569 [2026-09-16T09:54:02.329547] Deploying "src/gen/DRAFT.DraftAdministrativeData.hdbtable"... ok (0s 191ms) (STDOUT, APP/TASK/deploy)#
#2026 09 16 09:54:10.585#Z#DEBUG#52171575-b1b4-11f1-bf33-eeee0a8e3dbc.incident-management-db-deployer#flowable-async-job-executor-thread-15220#
[PollExecuteTaskStatusExecution] 027cc582-38ad-4b77-9ea4-3df5d0ff7569 [2026-09-16T09:54:02.329692] Deploying "src/gen/ProcessorService.Incidents_conversation_drafts.hdbtable"... ok (0s 189ms) (STDOUT, APP/TASK/deploy)#
#2026 09 16 09:54:10.585#Z#DEBUG#52171575-b1b4-11f1-bf33-eeee0a8e3dbc.incident-management-db-deployer#flowable-async-job-executor-thread-15220#
[PollExecuteTaskStatusExecution] 027cc582-38ad-4b77-9ea4-3df5d0ff7569 [2026-09-16T09:54:02.329713] Deploying "src/gen/cds.outbox.Messages.hdbtable"... (STDOUT, APP/TASK/deploy)#
#2026 09 16 09:54:10.585#Z#DEBUG#52171575-b1b4-11f1-bf33-eeee0a8e3dbc.incident-management-db-deployer#flowable-async-job-executor-thread-15220#
[PollExecuteTaskStatusExecution] 027cc582-38ad-4b77-9ea4-3df5d0ff7569 [2026-09-16T09:54:02.329717] Deploying "src/gen/data/sap.capire.incidents-Addresses.csv"... (STDOUT, APP/TASK/deploy)#
#2026 09 16 09:54:10.585#Z#DEBUG#52171575-b1b4-11f1-bf33-eeee0a8e3dbc.incident-management-db-deployer#flowable-async-job-executor-thread-15220#
[PollExecuteTaskStatusExecution] 027cc582-38ad-4b77-9ea4-3df5d0ff7569 [2026-09-16T09:54:02.329723] Deploying "src/gen/ProcessorService.Incidents_drafts.hdbtable"... ok (0s 189ms) (STDOUT, APP/TASK/deploy)#
#2026 09 16 09:54:10.585#Z#DEBUG#52171575-b1b4-11f1-bf33-eeee0a8e3dbc.incident-management-db-deployer#flowable-async-job-executor-thread-15220#
[PollExecuteTaskStatusExecution] 027cc582-38ad-4b77-9ea4-3df5d0ff7569 [2026-09-16T09:54:02.329726] Deploying "src/gen/data/sap.capire.incidents-Addresses.hdbtabledata"... (STDOUT, APP/TASK/deploy)#
#2026 09 16 09:54:10.585#Z#DEBUG#52171575-b1b4-11f1-bf33-eeee0a8e3dbc.incident-management-db-deployer#flowable-async-job-executor-thread-15220#
[PollExecuteTaskStatusExecution] 027cc582-38ad-4b77-9ea4-3df5d0ff7569 [2026-09-16T09:54:02.329729] Deploying "src/gen/data/sap.capire.incidents-Addresses.hdbtabledata"... ok (0s 0ms) (STDOUT, APP/TASK/deploy)#
#2026 09 16 09:54:10.585#Z#DEBUG#52171575-b1b4-11f1-bf33-eeee0a8e3dbc.incident-management-db-deployer#flowable-async-job-executor-thread-15220#
[PollExecuteTaskStatusExecution] 027cc582-38ad-4b77-9ea4-3df5d0ff7569 [2026-09-16T09:54:02.329732] Deploying "src/gen/data/sap.capire.incidents-Customers.csv"... (STDOUT, APP/TASK/deploy)#
#2026 09 16 09:54:10.585#Z#DEBUG#52171575-b1b4-11f1-bf33-eeee0a8e3dbc.incident-management-db-deployer#flowable-async-job-executor-thread-15220#
[PollExecuteTaskStatusExecution] 027cc582-38ad-4b77-9ea4-3df5d0ff7569 [2026-09-16T09:54:02.329735] Deploying "src/gen/data/sap.capire.incidents-Addresses.csv"... ok (0s 10ms) (STDOUT, APP/TASK/deploy)#
#2026 09 16 09:54:10.585#Z#DEBUG#52171575-b1b4-11f1-bf33-eeee0a8e3dbc.incident-management-db-deployer#flowable-async-job-executor-thread-15220#
[PollExecuteTaskStatusExecution] 027cc582-38ad-4b77-9ea4-3df5d0ff7569 [2026-09-16T09:54:02.329737] Deploying "src/gen/data/sap.capire.incidents-Customers.hdbtabledata"... (STDOUT, APP/TASK/deploy)#
#2026 09 16 09:54:10.585#Z#DEBUG#52171575-b1b4-11f1-bf33-eeee0a8e3dbc.incident-management-db-deployer#flowable-async-job-executor-thread-15220#
[PollExecuteTaskStatusExecution] 027cc582-38ad-4b77-9ea4-3df5d0ff7569 [2026-09-16T09:54:02.329744] Deploying "src/gen/data/sap.capire.incidents-Customers.hdbtabledata"... ok (0s 0ms) (STDOUT, APP/TASK/deploy)#
#2026 09 16 09:54:10.585#Z#DEBUG#52171575-b1b4-11f1-bf33-eeee0a8e3dbc.incident-management-db-deployer#flowable-async-job-executor-thread-15220#
[PollExecuteTaskStatusExecution] 027cc582-38ad-4b77-9ea4-3df5d0ff7569 [2026-09-16T09:54:02.329746] Deploying "src/gen/data/sap.capire.incidents-Incidents.conversation.csv"... (STDOUT, APP/TASK/deploy)#
#2026 09 16 09:54:10.585#Z#DEBUG#52171575-b1b4-11f1-bf33-eeee0a8e3dbc.incident-management-db-deployer#flowable-async-job-executor-thread-15220#
[PollExecuteTaskStatusExecution] 027cc582-38ad-4b77-9ea4-3df5d0ff7569 [2026-09-16T09:54:02.329761] Deploying "src/gen/data/sap.capire.incidents-Customers.csv"... ok (0s 10ms) (STDOUT, APP/TASK/deploy)#
#2026 09 16 09:54:10.585#Z#DEBUG#52171575-b1b4-11f1-bf33-eeee0a8e3dbc.incident-management-db-deployer#flowable-async-job-executor-thread-15220#
[PollExecuteTaskStatusExecution] 027cc582-38ad-4b77-9ea4-3df5d0ff7569 [2026-09-16T09:54:02.329764] Deploying "src/gen/data/sap.capire.incidents-Incidents.conversation.hdbtabledata"... (STDOUT, APP/TASK/deploy)#
#2026 09 16 09:54:10.585#Z#DEBUG#52171575-b1b4-11f1-bf33-eeee0a8e3dbc.incident-management-db-deployer#flowable-async-job-executor-thread-15220#
[PollExecuteTaskStatusExecution] 027cc582-38ad-4b77-9ea4-3df5d0ff7569 [2026-09-16T09:54:02.329778] Deploying "src/gen/data/sap.capire.incidents-Incidents.conversation.hdbtabledata"... ok (0s 0ms) (STDOUT, APP/TASK/deploy)#
#2026 09 16 09:54:10.585#Z#DEBUG#52171575-b1b4-11f1-bf33-eeee0a8e3dbc.incident-management-db-deployer#flowable-async-job-executor-thread-15220#
[PollExecuteTaskStatusExecution] 027cc582-38ad-4b77-9ea4-3df5d0ff7569 [2026-09-16T09:54:02.329870] Deploying "src/gen/data/sap.capire.incidents-Incidents.csv"... (STDOUT, APP/TASK/deploy)#
#2026 09 16 09:54:10.585#Z#DEBUG#52171575-b1b4-11f1-bf33-eeee0a8e3dbc.incident-management-db-deployer#flowable-async-job-executor-thread-15220#
[PollExecuteTaskStatusExecution] 027cc582-38ad-4b77-9ea4-3df5d0ff7569 [2026-09-16T09:54:02.329879] Deploying "src/gen/data/sap.capire.incidents-Incidents.conversation.csv"... ok (0s 7ms) (STDOUT, APP/TASK/deploy)#
#2026 09 16 09:54:10.585#Z#DEBUG#52171575-b1b4-11f1-bf33-eeee0a8e3dbc.incident-management-db-deployer#flowable-async-job-executor-thread-15220#
[PollExecuteTaskStatusExecution] 027cc582-38ad-4b77-9ea4-3df5d0ff7569 [2026-09-16T09:54:02.329939] Deploying "src/gen/data/sap.capire.incidents-Incidents.hdbtabledata"... (STDOUT, APP/TASK/deploy)#
#2026 09 16 09:54:10.585#Z#DEBUG#52171575-b1b4-11f1-bf33-eeee0a8e3dbc.incident-management-db-deployer#flowable-async-job-executor-thread-15220#
[PollExecuteTaskStatusExecution] 027cc582-38ad-4b77-9ea4-3df5d0ff7569 [2026-09-16T09:54:02.329976] Deploying "src/gen/data/sap.capire.incidents-Incidents.hdbtabledata"... ok (0s 0ms) (STDOUT, APP/TASK/deploy)#
#2026 09 16 09:54:10.585#Z#DEBUG#52171575-b1b4-11f1-bf33-eeee0a8e3dbc.incident-management-db-deployer#flowable-async-job-executor-thread-15220#
[PollExecuteTaskStatusExecution] 027cc582-38ad-4b77-9ea4-3df5d0ff7569 [2026-09-16T09:54:02.330196] Deploying "src/gen/data/sap.capire.incidents-Status.csv"... (STDOUT, APP/TASK/deploy)#
#2026 09 16 09:54:10.585#Z#DEBUG#52171575-b1b4-11f1-bf33-eeee0a8e3dbc.incident-management-db-deployer#flowable-async-job-executor-thread-15220#
[PollExecuteTaskStatusExecution] 027cc582-38ad-4b77-9ea4-3df5d0ff7569 [2026-09-16T09:54:02.331648] Deploying "src/gen/data/sap.capire.incidents-Incidents.csv"... ok (0s 8ms) (STDOUT, APP/TASK/deploy)#
#2026 09 16 09:54:10.585#Z#DEBUG#52171575-b1b4-11f1-bf33-eeee0a8e3dbc.incident-management-db-deployer#flowable-async-job-executor-thread-15220#
[PollExecuteTaskStatusExecution] 027cc582-38ad-4b77-9ea4-3df5d0ff7569 [2026-09-16T09:54:02.331665] Deploying "src/gen/cds.outbox.Messages.hdbtable"... ok (0s 18ms) (STDOUT, APP/TASK/deploy)#
#2026 09 16 09:54:10.585#Z#DEBUG#52171575-b1b4-11f1-bf33-eeee0a8e3dbc.incident-management-db-deployer#flowable-async-job-executor-thread-15220#
[PollExecuteTaskStatusExecution] 027cc582-38ad-4b77-9ea4-3df5d0ff7569 [2026-09-16T09:54:02.331668] Deploying "src/gen/data/sap.capire.incidents-Status.hdbtabledata"... (STDOUT, APP/TASK/deploy)#
#2026 09 16 09:54:10.585#Z#DEBUG#52171575-b1b4-11f1-bf33-eeee0a8e3dbc.incident-management-db-deployer#flowable-async-job-executor-thread-15220#
[PollExecuteTaskStatusExecution] 027cc582-38ad-4b77-9ea4-3df5d0ff7569 [2026-09-16T09:54:02.331674] Deploying "src/gen/data/sap.capire.incidents-Status.hdbtabledata"... ok (0s 0ms) (STDOUT, APP/TASK/deploy)#
#2026 09 16 09:54:10.585#Z#DEBUG#52171575-b1b4-11f1-bf33-eeee0a8e3dbc.incident-management-db-deployer#flowable-async-job-executor-thread-15220#
[PollExecuteTaskStatusExecution] 027cc582-38ad-4b77-9ea4-3df5d0ff7569 [2026-09-16T09:54:02.331677] Deploying "src/gen/data/sap.capire.incidents-Status.texts.csv"... (STDOUT, APP/TASK/deploy)#
#2026 09 16 09:54:10.585#Z#DEBUG#52171575-b1b4-11f1-bf33-eeee0a8e3dbc.incident-management-db-deployer#flowable-async-job-executor-thread-15220#
[PollExecuteTaskStatusExecution] 027cc582-38ad-4b77-9ea4-3df5d0ff7569 [2026-09-16T09:54:02.331679] Deploying "src/gen/data/sap.capire.incidents-Status.texts.hdbtabledata"... (STDOUT, APP/TASK/deploy)#
#2026 09 16 09:54:10.585#Z#DEBUG#52171575-b1b4-11f1-bf33-eeee0a8e3dbc.incident-management-db-deployer#flowable-async-job-executor-thread-15220#
[PollExecuteTaskStatusExecution] 027cc582-38ad-4b77-9ea4-3df5d0ff7569 [2026-09-16T09:54:02.331691] Deploying "src/gen/data/sap.capire.incidents-Status.texts.hdbtabledata"... ok (0s 0ms) (STDOUT, APP/TASK/deploy)#
#2026 09 16 09:54:10.585#Z#DEBUG#52171575-b1b4-11f1-bf33-eeee0a8e3dbc.incident-management-db-deployer#flowable-async-job-executor-thread-15220#
[PollExecuteTaskStatusExecution] 027cc582-38ad-4b77-9ea4-3df5d0ff7569 [2026-09-16T09:54:02.331693] Deploying "src/gen/data/sap.capire.incidents-Urgency.csv"... (STDOUT, APP/TASK/deploy)#
#2026 09 16 09:54:10.585#Z#DEBUG#52171575-b1b4-11f1-bf33-eeee0a8e3dbc.incident-management-db-deployer#flowable-async-job-executor-thread-15220#
[PollExecuteTaskStatusExecution] 027cc582-38ad-4b77-9ea4-3df5d0ff7569 [2026-09-16T09:54:02.331695] Deploying "src/gen/data/sap.capire.incidents-Status.csv"... ok (0s 2ms) (STDOUT, APP/TASK/deploy)#
#2026 09 16 09:54:10.585#Z#DEBUG#52171575-b1b4-11f1-bf33-eeee0a8e3dbc.incident-management-db-deployer#flowable-async-job-executor-thread-15220#
[PollExecuteTaskStatusExecution] 027cc582-38ad-4b77-9ea4-3df5d0ff7569 [2026-09-16T09:54:02.331708] Deploying "src/gen/data/sap.capire.incidents-Urgency.hdbtabledata"... (STDOUT, APP/TASK/deploy)#
#2026 09 16 09:54:10.585#Z#DEBUG#52171575-b1b4-11f1-bf33-eeee0a8e3dbc.incident-management-db-deployer#flowable-async-job-executor-thread-15220#
[PollExecuteTaskStatusExecution] 027cc582-38ad-4b77-9ea4-3df5d0ff7569 [2026-09-16T09:54:02.331710] Deploying "src/gen/data/sap.capire.incidents-Urgency.hdbtabledata"... ok (0s 0ms) (STDOUT, APP/TASK/deploy)#
#2026 09 16 09:54:10.585#Z#DEBUG#52171575-b1b4-11f1-bf33-eeee0a8e3dbc.incident-management-db-deployer#flowable-async-job-executor-thread-15220#
[PollExecuteTaskStatusExecution] 027cc582-38ad-4b77-9ea4-3df5d0ff7569 [2026-09-16T09:54:02.331713] Deploying "src/gen/data/sap.capire.incidents-Urgency.texts.csv"... (STDOUT, APP/TASK/deploy)#
#2026 09 16 09:54:10.585#Z#DEBUG#52171575-b1b4-11f1-bf33-eeee0a8e3dbc.incident-management-db-deployer#flowable-async-job-executor-thread-15220#
[PollExecuteTaskStatusExecution] 027cc582-38ad-4b77-9ea4-3df5d0ff7569 [2026-09-16T09:54:02.331808] Deploying "src/gen/data/sap.capire.incidents-Urgency.csv"... ok (0s 2ms) (STDOUT, APP/TASK/deploy)#
#2026 09 16 09:54:10.585#Z#DEBUG#52171575-b1b4-11f1-bf33-eeee0a8e3dbc.incident-management-db-deployer#flowable-async-job-executor-thread-15220#
[PollExecuteTaskStatusExecution] 027cc582-38ad-4b77-9ea4-3df5d0ff7569 [2026-09-16T09:54:02.331886] Deploying "src/gen/data/sap.capire.incidents-Urgency.texts.hdbtabledata"... (STDOUT, APP/TASK/deploy)#
#2026 09 16 09:54:10.585#Z#DEBUG#52171575-b1b4-11f1-bf33-eeee0a8e3dbc.incident-management-db-deployer#flowable-async-job-executor-thread-15220#
[PollExecuteTaskStatusExecution] 027cc582-38ad-4b77-9ea4-3df5d0ff7569 [2026-09-16T09:54:02.331941] Deploying "src/gen/data/sap.capire.incidents-Urgency.texts.hdbtabledata"... ok (0s 0ms) (STDOUT, APP/TASK/deploy)#
#2026 09 16 09:54:10.585#Z#DEBUG#52171575-b1b4-11f1-bf33-eeee0a8e3dbc.incident-management-db-deployer#flowable-async-job-executor-thread-15220#
[PollExecuteTaskStatusExecution] 027cc582-38ad-4b77-9ea4-3df5d0ff7569 [2026-09-16T09:54:02.331981] Deploying "src/gen/sap.capire.incidents.Addresses.hdbtable"... (STDOUT, APP/TASK/deploy)#
#2026 09 16 09:54:10.585#Z#DEBUG#52171575-b1b4-11f1-bf33-eeee0a8e3dbc.incident-management-db-deployer#flowable-async-job-executor-thread-15220#
[PollExecuteTaskStatusExecution] 027cc582-38ad-4b77-9ea4-3df5d0ff7569 [2026-09-16T09:54:02.332019] Deploying "src/gen/data/sap.capire.incidents-Status.texts.csv"... ok (0s 3ms) (STDOUT, APP/TASK/deploy)#
#2026 09 16 09:54:10.585#Z#DEBUG#52171575-b1b4-11f1-bf33-eeee0a8e3dbc.incident-management-db-deployer#flowable-async-job-executor-thread-15220#
[PollExecuteTaskStatusExecution] 027cc582-38ad-4b77-9ea4-3df5d0ff7569 [2026-09-16T09:54:02.332066] Deploying "src/gen/sap.capire.incidents.Customers.hdbtable"... (STDOUT, APP/TASK/deploy)#
#2026 09 16 09:54:10.585#Z#DEBUG#52171575-b1b4-11f1-bf33-eeee0a8e3dbc.incident-management-db-deployer#flowable-async-job-executor-thread-15220#
[PollExecuteTaskStatusExecution] 027cc582-38ad-4b77-9ea4-3df5d0ff7569 [2026-09-16T09:54:02.332114] Deploying "src/gen/data/sap.capire.incidents-Urgency.texts.csv"... ok (0s 2ms) (STDOUT, APP/TASK/deploy)#
#2026 09 16 09:54:10.585#Z#DEBUG#52171575-b1b4-11f1-bf33-eeee0a8e3dbc.incident-management-db-deployer#flowable-async-job-executor-thread-15220#
[PollExecuteTaskStatusExecution] 027cc582-38ad-4b77-9ea4-3df5d0ff7569 [2026-09-16T09:54:02.332157] Deploying "src/gen/sap.capire.incidents.Incidents.hdbtable"... (STDOUT, APP/TASK/deploy)#
#2026 09 16 09:54:10.585#Z#DEBUG#52171575-b1b4-11f1-bf33-eeee0a8e3dbc.incident-management-db-deployer#flowable-async-job-executor-thread-15220#
[PollExecuteTaskStatusExecution] 027cc582-38ad-4b77-9ea4-3df5d0ff7569 [2026-09-16T09:54:02.332202] Deploying "src/gen/sap.capire.incidents.Addresses.hdbtable"... ok (0s 27ms) (STDOUT, APP/TASK/deploy)#
#2026 09 16 09:54:10.585#Z#DEBUG#52171575-b1b4-11f1-bf33-eeee0a8e3dbc.incident-management-db-deployer#flowable-async-job-executor-thread-15220#
[PollExecuteTaskStatusExecution] 027cc582-38ad-4b77-9ea4-3df5d0ff7569 [2026-09-16T09:54:02.332245] Deploying "src/gen/sap.capire.incidents.Customers.hdbtable"... ok (0s 28ms) (STDOUT, APP/TASK/deploy)#
#2026 09 16 09:54:10.585#Z#DEBUG#52171575-b1b4-11f1-bf33-eeee0a8e3dbc.incident-management-db-deployer#flowable-async-job-executor-thread-15220#
[PollExecuteTaskStatusExecution] 027cc582-38ad-4b77-9ea4-3df5d0ff7569 [2026-09-16T09:54:02.332289] Deploying "src/gen/sap.capire.incidents.Incidents_conversation.hdbtable"... (STDOUT, APP/TASK/deploy)#
#2026 09 16 09:54:10.585#Z#DEBUG#52171575-b1b4-11f1-bf33-eeee0a8e3dbc.incident-management-db-deployer#flowable-async-job-executor-thread-15220#
[PollExecuteTaskStatusExecution] 027cc582-38ad-4b77-9ea4-3df5d0ff7569 [2026-09-16T09:54:02.332337] Deploying "src/gen/sap.capire.incidents.Status.hdbtable"... (STDOUT, APP/TASK/deploy)#
#2026 09 16 09:54:10.585#Z#DEBUG#52171575-b1b4-11f1-bf33-eeee0a8e3dbc.incident-management-db-deployer#flowable-async-job-executor-thread-15220#
[PollExecuteTaskStatusExecution] 027cc582-38ad-4b77-9ea4-3df5d0ff7569 [2026-09-16T09:54:02.332376] Deploying "src/gen/sap.capire.incidents.Incidents.hdbtable"... ok (0s 27ms) (STDOUT, APP/TASK/deploy)#
#2026 09 16 09:54:10.585#Z#DEBUG#52171575-b1b4-11f1-bf33-eeee0a8e3dbc.incident-management-db-deployer#flowable-async-job-executor-thread-15220#
[PollExecuteTaskStatusExecution] 027cc582-38ad-4b77-9ea4-3df5d0ff7569 [2026-09-16T09:54:02.332414] Deploying "src/gen/sap.capire.incidents.Status_texts.hdbtable"... (STDOUT, APP/TASK/deploy)#
#2026 09 16 09:54:10.585#Z#DEBUG#52171575-b1b4-11f1-bf33-eeee0a8e3dbc.incident-management-db-deployer#flowable-async-job-executor-thread-15220#
[PollExecuteTaskStatusExecution] 027cc582-38ad-4b77-9ea4-3df5d0ff7569 [2026-09-16T09:54:02.332457] Deploying "src/gen/sap.capire.incidents.Status_texts.hdbtable"... ok (0s 21ms) (STDOUT, APP/TASK/deploy)#
#2026 09 16 09:54:10.585#Z#DEBUG#52171575-b1b4-11f1-bf33-eeee0a8e3dbc.incident-management-db-deployer#flowable-async-job-executor-thread-15220#
[PollExecuteTaskStatusExecution] 027cc582-38ad-4b77-9ea4-3df5d0ff7569 [2026-09-16T09:54:02.332494] Deploying "src/gen/sap.capire.incidents.Status.hdbtable"... ok (0s 21ms) (STDOUT, APP/TASK/deploy)#
#2026 09 16 09:54:10.585#Z#DEBUG#52171575-b1b4-11f1-bf33-eeee0a8e3dbc.incident-management-db-deployer#flowable-async-job-executor-thread-15220#
[PollExecuteTaskStatusExecution] 027cc582-38ad-4b77-9ea4-3df5d0ff7569 [2026-09-16T09:54:02.332546] Deploying "src/gen/sap.capire.incidents.Urgency.hdbtable"... (STDOUT, APP/TASK/deploy)#
#2026 09 16 09:54:10.585#Z#DEBUG#52171575-b1b4-11f1-bf33-eeee0a8e3dbc.incident-management-db-deployer#flowable-async-job-executor-thread-15220#
[PollExecuteTaskStatusExecution] 027cc582-38ad-4b77-9ea4-3df5d0ff7569 [2026-09-16T09:54:02.332580] Deploying "src/gen/sap.capire.incidents.Urgency_texts.hdbtable"... (STDOUT, APP/TASK/deploy)#
#2026 09 16 09:54:10.585#Z#DEBUG#52171575-b1b4-11f1-bf33-eeee0a8e3dbc.incident-management-db-deployer#flowable-async-job-executor-thread-15220#
[PollExecuteTaskStatusExecution] 027cc582-38ad-4b77-9ea4-3df5d0ff7569 [2026-09-16T09:54:02.332616] Deploying "src/gen/sap.capire.incidents.Incidents_conversation.hdbtable"... ok (0s 23ms) (STDOUT, APP/TASK/deploy)#
#2026 09 16 09:54:10.585#Z#DEBUG#52171575-b1b4-11f1-bf33-eeee0a8e3dbc.incident-management-db-deployer#flowable-async-job-executor-thread-15220#
[PollExecuteTaskStatusExecution] 027cc582-38ad-4b77-9ea4-3df5d0ff7569 [2026-09-16T09:54:02.332649] Deploying "src/gen/ProcessorService.DraftAdministrativeData.hdbview"... (STDOUT, APP/TASK/deploy)#
#2026 09 16 09:54:10.585#Z#DEBUG#52171575-b1b4-11f1-bf33-eeee0a8e3dbc.incident-management-db-deployer#flowable-async-job-executor-thread-15220#
[PollExecuteTaskStatusExecution] 027cc582-38ad-4b77-9ea4-3df5d0ff7569 [2026-09-16T09:54:02.332681] Deploying "src/gen/sap.capire.incidents.Urgency.hdbtable"... ok (0s 28ms) (STDOUT, APP/TASK/deploy)#
#2026 09 16 09:54:10.585#Z#DEBUG#52171575-b1b4-11f1-bf33-eeee0a8e3dbc.incident-management-db-deployer#flowable-async-job-executor-thread-15220#
[PollExecuteTaskStatusExecution] 027cc582-38ad-4b77-9ea4-3df5d0ff7569 [2026-09-16T09:54:02.332715] Deploying "src/gen/data/sap.capire.incidents-Addresses.hdbtabledata$0.expand"... (STDOUT, APP/TASK/deploy)#
#2026 09 16 09:54:10.585#Z#DEBUG#52171575-b1b4-11f1-bf33-eeee0a8e3dbc.incident-management-db-deployer#flowable-async-job-executor-thread-15220#
[PollExecuteTaskStatusExecution] 027cc582-38ad-4b77-9ea4-3df5d0ff7569 [2026-09-16T09:54:02.332753] Expanded from "src/gen/data/sap.capire.incidents-Addresses.hdbtabledata" (STDOUT, APP/TASK/deploy)#
#2026 09 16 09:54:10.585#Z#DEBUG#52171575-b1b4-11f1-bf33-eeee0a8e3dbc.incident-management-db-deployer#flowable-async-job-executor-thread-15220#
[PollExecuteTaskStatusExecution] 027cc582-38ad-4b77-9ea4-3df5d0ff7569 [2026-09-16T09:54:02.332900] Deploying "src/gen/sap.capire.incidents.Urgency_texts.hdbtable"... ok (0s 55ms) (STDOUT, APP/TASK/deploy)#
#2026 09 16 09:54:10.585#Z#DEBUG#52171575-b1b4-11f1-bf33-eeee0a8e3dbc.incident-management-db-deployer#flowable-async-job-executor-thread-15220#
[PollExecuteTaskStatusExecution] 027cc582-38ad-4b77-9ea4-3df5d0ff7569 [2026-09-16T09:54:02.332956] Deploying "src/gen/data/sap.capire.incidents-Customers.hdbtabledata$0.expand"... (STDOUT, APP/TASK/deploy)#
#2026 09 16 09:54:10.585#Z#DEBUG#52171575-b1b4-11f1-bf33-eeee0a8e3dbc.incident-management-db-deployer#flowable-async-job-executor-thread-15220#
[PollExecuteTaskStatusExecution] 027cc582-38ad-4b77-9ea4-3df5d0ff7569 [2026-09-16T09:54:02.332965] Expanded from "src/gen/data/sap.capire.incidents-Customers.hdbtabledata" (STDOUT, APP/TASK/deploy)#
#2026 09 16 09:54:10.585#Z#DEBUG#52171575-b1b4-11f1-bf33-eeee0a8e3dbc.incident-management-db-deployer#flowable-async-job-executor-thread-15220#
[PollExecuteTaskStatusExecution] 027cc582-38ad-4b77-9ea4-3df5d0ff7569 [2026-09-16T09:54:02.332999] Deploying "src/gen/ProcessorService.DraftAdministrativeData.hdbview"... ok (0s 64ms) (STDOUT, APP/TASK/deploy)#
#2026 09 16 09:54:10.585#Z#DEBUG#52171575-b1b4-11f1-bf33-eeee0a8e3dbc.incident-management-db-deployer#flowable-async-job-executor-thread-15220#
[PollExecuteTaskStatusExecution] 027cc582-38ad-4b77-9ea4-3df5d0ff7569 [2026-09-16T09:54:02.333038] Deploying "src/gen/data/sap.capire.incidents-Incidents.hdbtabledata$0.expand"... (STDOUT, APP/TASK/deploy)#
#2026 09 16 09:54:10.585#Z#DEBUG#52171575-b1b4-11f1-bf33-eeee0a8e3dbc.incident-management-db-deployer#flowable-async-job-executor-thread-15220#
[PollExecuteTaskStatusExecution] 027cc582-38ad-4b77-9ea4-3df5d0ff7569 [2026-09-16T09:54:02.333085] Expanded from "src/gen/data/sap.capire.incidents-Incidents.hdbtabledata" (STDOUT, APP/TASK/deploy)#
#2026 09 16 09:54:10.585#Z#DEBUG#52171575-b1b4-11f1-bf33-eeee0a8e3dbc.incident-management-db-deployer#flowable-async-job-executor-thread-15220#
[PollExecuteTaskStatusExecution] 027cc582-38ad-4b77-9ea4-3df5d0ff7569 [2026-09-16T09:54:02.333093] Inserted 4 records of the data source file "sap.capire.incidents-Incidents.csv" into the target table "SAP_CAPIRE_INCIDENTS_INCIDENTS" (STDOUT, APP/TASK/deploy)#
#2026 09 16 09:54:10.585#Z#DEBUG#52171575-b1b4-11f1-bf33-eeee0a8e3dbc.incident-management-db-deployer#flowable-async-job-executor-thread-15220#
[PollExecuteTaskStatusExecution] 027cc582-38ad-4b77-9ea4-3df5d0ff7569 [2026-09-16T09:54:02.333135] Deploying "src/gen/data/sap.capire.incidents-Incidents.hdbtabledata$0.expand"... ok (0s 493ms) (STDOUT, APP/TASK/deploy)#
#2026 09 16 09:54:10.585#Z#DEBUG#52171575-b1b4-11f1-bf33-eeee0a8e3dbc.incident-management-db-deployer#flowable-async-job-executor-thread-15220#
[PollExecuteTaskStatusExecution] 027cc582-38ad-4b77-9ea4-3df5d0ff7569 [2026-09-16T09:54:02.333178] Deploying "src/gen/data/sap.capire.incidents-Status.texts.hdbtabledata$0.expand"... (STDOUT, APP/TASK/deploy)#
#2026 09 16 09:54:10.585#Z#DEBUG#52171575-b1b4-11f1-bf33-eeee0a8e3dbc.incident-management-db-deployer#flowable-async-job-executor-thread-15220#
[PollExecuteTaskStatusExecution] 027cc582-38ad-4b77-9ea4-3df5d0ff7569 [2026-09-16T09:54:02.333218] Expanded from "src/gen/data/sap.capire.incidents-Status.texts.hdbtabledata" (STDOUT, APP/TASK/deploy)#
#2026 09 16 09:54:10.585#Z#DEBUG#52171575-b1b4-11f1-bf33-eeee0a8e3dbc.incident-management-db-deployer#flowable-async-job-executor-thread-15220#
[PollExecuteTaskStatusExecution] 027cc582-38ad-4b77-9ea4-3df5d0ff7569 [2026-09-16T09:54:02.333259] Inserted 3 records of the data source file "sap.capire.incidents-Addresses.csv" into the target table "SAP_CAPIRE_INCIDENTS_ADDRESSES" (STDOUT, APP/TASK/deploy)#
#2026 09 16 09:54:10.585#Z#DEBUG#52171575-b1b4-11f1-bf33-eeee0a8e3dbc.incident-management-db-deployer#flowable-async-job-executor-thread-15220#
[PollExecuteTaskStatusExecution] 027cc582-38ad-4b77-9ea4-3df5d0ff7569 [2026-09-16T09:54:02.333299] Deploying "src/gen/data/sap.capire.incidents-Addresses.hdbtabledata$0.expand"... ok (0s 531ms) (STDOUT, APP/TASK/deploy)#
#2026 09 16 09:54:10.585#Z#DEBUG#52171575-b1b4-11f1-bf33-eeee0a8e3dbc.incident-management-db-deployer#flowable-async-job-executor-thread-15220#
[PollExecuteTaskStatusExecution] 027cc582-38ad-4b77-9ea4-3df5d0ff7569 [2026-09-16T09:54:02.333338] Deploying "src/gen/data/sap.capire.incidents-Status.hdbtabledata$0.expand"... (STDOUT, APP/TASK/deploy)#
#2026 09 16 09:54:10.585#Z#DEBUG#52171575-b1b4-11f1-bf33-eeee0a8e3dbc.incident-management-db-deployer#flowable-async-job-executor-thread-15220#
[PollExecuteTaskStatusExecution] 027cc582-38ad-4b77-9ea4-3df5d0ff7569 [2026-09-16T09:54:02.333378] Expanded from "src/gen/data/sap.capire.incidents-Status.hdbtabledata" (STDOUT, APP/TASK/deploy)#
#2026 09 16 09:54:10.585#Z#DEBUG#52171575-b1b4-11f1-bf33-eeee0a8e3dbc.incident-management-db-deployer#flowable-async-job-executor-thread-15220#
[PollExecuteTaskStatusExecution] 027cc582-38ad-4b77-9ea4-3df5d0ff7569 [2026-09-16T09:54:02.333386] Inserted 3 records of the data source file "sap.capire.incidents-Customers.csv" into the target table "SAP_CAPIRE_INCIDENTS_CUSTOMERS" (STDOUT, APP/TASK/deploy)#
#2026 09 16 09:54:10.585#Z#DEBUG#52171575-b1b4-11f1-bf33-eeee0a8e3dbc.incident-management-db-deployer#flowable-async-job-executor-thread-15220#
[PollExecuteTaskStatusExecution] 027cc582-38ad-4b77-9ea4-3df5d0ff7569 [2026-09-16T09:54:02.333423] Deploying "src/gen/data/sap.capire.incidents-Customers.hdbtabledata$0.expand"... ok (0s 506ms) (STDOUT, APP/TASK/deploy)#
#2026 09 16 09:54:10.585#Z#DEBUG#52171575-b1b4-11f1-bf33-eeee0a8e3dbc.incident-management-db-deployer#flowable-async-job-executor-thread-15220#
[PollExecuteTaskStatusExecution] 027cc582-38ad-4b77-9ea4-3df5d0ff7569 [2026-09-16T09:54:02.333465] Deploying "src/gen/data/sap.capire.incidents-Incidents.conversation.hdbtabledata$0.expand"... (STDOUT, APP/TASK/deploy)#
#2026 09 16 09:54:10.585#Z#DEBUG#52171575-b1b4-11f1-bf33-eeee0a8e3dbc.incident-management-db-deployer#flowable-async-job-executor-thread-15220#
[PollExecuteTaskStatusExecution] 027cc582-38ad-4b77-9ea4-3df5d0ff7569 [2026-09-16T09:54:02.333506] Expanded from "src/gen/data/sap.capire.incidents-Incidents.conversation.hdbtabledata" (STDOUT, APP/TASK/deploy)#
#2026 09 16 09:54:10.585#Z#DEBUG#52171575-b1b4-11f1-bf33-eeee0a8e3dbc.incident-management-db-deployer#flowable-async-job-executor-thread-15220#
[PollExecuteTaskStatusExecution] 027cc582-38ad-4b77-9ea4-3df5d0ff7569 [2026-09-16T09:54:02.333514] Inserted 0 records of the data source file "sap.capire.incidents-Status.texts.csv" into the target table "SAP_CAPIRE_INCIDENTS_STATUS_TEXTS" (STDOUT, APP/TASK/deploy)#
#2026 09 16 09:54:10.585#Z#DEBUG#52171575-b1b4-11f1-bf33-eeee0a8e3dbc.incident-management-db-deployer#flowable-async-job-executor-thread-15220#
[PollExecuteTaskStatusExecution] 027cc582-38ad-4b77-9ea4-3df5d0ff7569 [2026-09-16T09:54:02.333550] Deploying "src/gen/data/sap.capire.incidents-Status.texts.hdbtabledata$0.expand"... ok (0s 45ms) (STDOUT, APP/TASK/deploy)#
#2026 09 16 09:54:10.585#Z#DEBUG#52171575-b1b4-11f1-bf33-eeee0a8e3dbc.incident-management-db-deployer#flowable-async-job-executor-thread-15220#
[PollExecuteTaskStatusExecution] 027cc582-38ad-4b77-9ea4-3df5d0ff7569 [2026-09-16T09:54:02.333590] Deploying "src/gen/data/sap.capire.incidents-Urgency.hdbtabledata$0.expand"... (STDOUT, APP/TASK/deploy)#
#2026 09 16 09:54:10.585#Z#DEBUG#52171575-b1b4-11f1-bf33-eeee0a8e3dbc.incident-management-db-deployer#flowable-async-job-executor-thread-15220#
[PollExecuteTaskStatusExecution] 027cc582-38ad-4b77-9ea4-3df5d0ff7569 [2026-09-16T09:54:02.333628] Expanded from "src/gen/data/sap.capire.incidents-Urgency.hdbtabledata" (STDOUT, APP/TASK/deploy)#
#2026 09 16 09:54:10.585#Z#DEBUG#52171575-b1b4-11f1-bf33-eeee0a8e3dbc.incident-management-db-deployer#flowable-async-job-executor-thread-15220#
[PollExecuteTaskStatusExecution] 027cc582-38ad-4b77-9ea4-3df5d0ff7569 [2026-09-16T09:54:02.333635] Inserted 6 records of the data source file "sap.capire.incidents-Status.csv" into the target table "SAP_CAPIRE_INCIDENTS_STATUS" (STDOUT, APP/TASK/deploy)#
#2026 09 16 09:54:10.585#Z#DEBUG#52171575-b1b4-11f1-bf33-eeee0a8e3dbc.incident-management-db-deployer#flowable-async-job-executor-thread-15220#
[PollExecuteTaskStatusExecution] 027cc582-38ad-4b77-9ea4-3df5d0ff7569 [2026-09-16T09:54:02.333670] Deploying "src/gen/data/sap.capire.incidents-Status.hdbtabledata$0.expand"... ok (0s 53ms) (STDOUT, APP/TASK/deploy)#
#2026 09 16 09:54:10.585#Z#DEBUG#52171575-b1b4-11f1-bf33-eeee0a8e3dbc.incident-management-db-deployer#flowable-async-job-executor-thread-15220#
[PollExecuteTaskStatusExecution] 027cc582-38ad-4b77-9ea4-3df5d0ff7569 [2026-09-16T09:54:02.333711] Deploying "src/gen/data/sap.capire.incidents-Urgency.texts.hdbtabledata$0.expand"... (STDOUT, APP/TASK/deploy)#
#2026 09 16 09:54:10.585#Z#DEBUG#52171575-b1b4-11f1-bf33-eeee0a8e3dbc.incident-management-db-deployer#flowable-async-job-executor-thread-15220#
[PollExecuteTaskStatusExecution] 027cc582-38ad-4b77-9ea4-3df5d0ff7569 [2026-09-16T09:54:02.333756] Expanded from "src/gen/data/sap.capire.incidents-Urgency.texts.hdbtabledata" (STDOUT, APP/TASK/deploy)#
#2026 09 16 09:54:10.585#Z#DEBUG#52171575-b1b4-11f1-bf33-eeee0a8e3dbc.incident-management-db-deployer#flowable-async-job-executor-thread-15220#
[PollExecuteTaskStatusExecution] 027cc582-38ad-4b77-9ea4-3df5d0ff7569 [2026-09-16T09:54:02.333764] Inserted 4 records of the data source file "sap.capire.incidents-Incidents.conversation.csv" into the target table "SAP_CAPIRE_INCIDENTS_INCIDENTS_CONVERSATION" (STDOUT, APP/TASK/deploy)#
#2026 09 16 09:54:10.585#Z#DEBUG#52171575-b1b4-11f1-bf33-eeee0a8e3dbc.incident-management-db-deployer#flowable-async-job-executor-thread-15220#
[PollExecuteTaskStatusExecution] 027cc582-38ad-4b77-9ea4-3df5d0ff7569 [2026-09-16T09:54:02.333800] Deploying "src/gen/data/sap.capire.incidents-Incidents.conversation.hdbtabledata$0.expand"... ok (0s 69ms) (STDOUT, APP/TASK/deploy)#
#2026 09 16 09:54:10.585#Z#DEBUG#52171575-b1b4-11f1-bf33-eeee0a8e3dbc.incident-management-db-deployer#flowable-async-job-executor-thread-15220#
[PollExecuteTaskStatusExecution] 027cc582-38ad-4b77-9ea4-3df5d0ff7569 [2026-09-16T09:54:02.333838] Deploying "src/gen/AdminService.Incidents.hdbview"... (STDOUT, APP/TASK/deploy)#
#2026 09 16 09:54:10.585#Z#DEBUG#52171575-b1b4-11f1-bf33-eeee0a8e3dbc.incident-management-db-deployer#flowable-async-job-executor-thread-15220#
[PollExecuteTaskStatusExecution] 027cc582-38ad-4b77-9ea4-3df5d0ff7569 [2026-09-16T09:54:02.333880] Deploying "src/gen/AdminService.Incidents.hdbview"... ok (0s 21ms) (STDOUT, APP/TASK/deploy)#
#2026 09 16 09:54:10.585#Z#DEBUG#52171575-b1b4-11f1-bf33-eeee0a8e3dbc.incident-management-db-deployer#flowable-async-job-executor-thread-15220#
[PollExecuteTaskStatusExecution] 027cc582-38ad-4b77-9ea4-3df5d0ff7569 [2026-09-16T09:54:02.796493] Deploying "src/gen/ProcessorService.Incidents.hdbview"... (STDOUT, APP/TASK/deploy)#
#2026 09 16 09:54:10.585#Z#DEBUG#52171575-b1b4-11f1-bf33-eeee0a8e3dbc.incident-management-db-deployer#flowable-async-job-executor-thread-15220#
[PollExecuteTaskStatusExecution] 027cc582-38ad-4b77-9ea4-3df5d0ff7569 [2026-09-16T09:54:02.796548] Inserted 3 records of the data source file "sap.capire.incidents-Urgency.csv" into the target table "SAP_CAPIRE_INCIDENTS_URGENCY" (STDOUT, APP/TASK/deploy)#
#2026 09 16 09:54:10.585#Z#DEBUG#52171575-b1b4-11f1-bf33-eeee0a8e3dbc.incident-management-db-deployer#flowable-async-job-executor-thread-15220#
[PollExecuteTaskStatusExecution] 027cc582-38ad-4b77-9ea4-3df5d0ff7569 [2026-09-16T09:54:02.796554] Deploying "src/gen/data/sap.capire.incidents-Urgency.hdbtabledata$0.expand"... ok (0s 66ms) (STDOUT, APP/TASK/deploy)#
#2026 09 16 09:54:10.585#Z#DEBUG#52171575-b1b4-11f1-bf33-eeee0a8e3dbc.incident-management-db-deployer#flowable-async-job-executor-thread-15220#
[PollExecuteTaskStatusExecution] 027cc582-38ad-4b77-9ea4-3df5d0ff7569 [2026-09-16T09:54:02.796560] Deploying "src/gen/AdminService.Addresses.hdbview"... (STDOUT, APP/TASK/deploy)#
#2026 09 16 09:54:10.585#Z#DEBUG#52171575-b1b4-11f1-bf33-eeee0a8e3dbc.incident-management-db-deployer#flowable-async-job-executor-thread-15220#
[PollExecuteTaskStatusExecution] 027cc582-38ad-4b77-9ea4-3df5d0ff7569 [2026-09-16T09:54:02.796563] Deploying "src/gen/ProcessorService.Incidents.hdbview"... ok (0s 26ms) (STDOUT, APP/TASK/deploy)#
#2026 09 16 09:54:10.585#Z#DEBUG#52171575-b1b4-11f1-bf33-eeee0a8e3dbc.incident-management-db-deployer#flowable-async-job-executor-thread-15220#
[PollExecuteTaskStatusExecution] 027cc582-38ad-4b77-9ea4-3df5d0ff7569 [2026-09-16T09:54:02.796565] Deploying "src/gen/ProcessorService.Addresses.hdbview"... (STDOUT, APP/TASK/deploy)#
#2026 09 16 09:54:10.585#Z#DEBUG#52171575-b1b4-11f1-bf33-eeee0a8e3dbc.incident-management-db-deployer#flowable-async-job-executor-thread-15220#
[PollExecuteTaskStatusExecution] 027cc582-38ad-4b77-9ea4-3df5d0ff7569 [2026-09-16T09:54:02.796570] Inserted 0 records of the data source file "sap.capire.incidents-Urgency.texts.csv" into the target table "SAP_CAPIRE_INCIDENTS_URGENCY_TEXTS" (STDOUT, APP/TASK/deploy)#
#2026 09 16 09:54:10.585#Z#DEBUG#52171575-b1b4-11f1-bf33-eeee0a8e3dbc.incident-management-db-deployer#flowable-async-job-executor-thread-15220#
[PollExecuteTaskStatusExecution] 027cc582-38ad-4b77-9ea4-3df5d0ff7569 [2026-09-16T09:54:02.796573] Deploying "src/gen/data/sap.capire.incidents-Urgency.texts.hdbtabledata$0.expand"... ok (0s 80ms) (STDOUT, APP/TASK/deploy)#
#2026 09 16 09:54:10.585#Z#DEBUG#52171575-b1b4-11f1-bf33-eeee0a8e3dbc.incident-management-db-deployer#flowable-async-job-executor-thread-15220#
[PollExecuteTaskStatusExecution] 027cc582-38ad-4b77-9ea4-3df5d0ff7569 [2026-09-16T09:54:02.796575] Deploying "src/gen/AdminService.Customers.hdbview"... (STDOUT, APP/TASK/deploy)#
#2026 09 16 09:54:10.585#Z#DEBUG#52171575-b1b4-11f1-bf33-eeee0a8e3dbc.incident-management-db-deployer#flowable-async-job-executor-thread-15220#
[PollExecuteTaskStatusExecution] 027cc582-38ad-4b77-9ea4-3df5d0ff7569 [2026-09-16T09:54:02.796596] Deploying "src/gen/AdminService.Addresses.hdbview"... ok (0s 36ms) (STDOUT, APP/TASK/deploy)#
#2026 09 16 09:54:10.585#Z#DEBUG#52171575-b1b4-11f1-bf33-eeee0a8e3dbc.incident-management-db-deployer#flowable-async-job-executor-thread-15220#
[PollExecuteTaskStatusExecution] 027cc582-38ad-4b77-9ea4-3df5d0ff7569 [2026-09-16T09:54:02.796599] Deploying "src/gen/ProcessorService.Customers.hdbview"... (STDOUT, APP/TASK/deploy)#
#2026 09 16 09:54:10.585#Z#DEBUG#52171575-b1b4-11f1-bf33-eeee0a8e3dbc.incident-management-db-deployer#flowable-async-job-executor-thread-15220#
[PollExecuteTaskStatusExecution] 027cc582-38ad-4b77-9ea4-3df5d0ff7569 [2026-09-16T09:54:02.796602] Deploying "src/gen/ProcessorService.Addresses.hdbview"... ok (0s 41ms) (STDOUT, APP/TASK/deploy)#
#2026 09 16 09:54:10.585#Z#DEBUG#52171575-b1b4-11f1-bf33-eeee0a8e3dbc.incident-management-db-deployer#flowable-async-job-executor-thread-15220#
[PollExecuteTaskStatusExecution] 027cc582-38ad-4b77-9ea4-3df5d0ff7569 [2026-09-16T09:54:02.796604] Deploying "src/gen/AdminService.Status_texts.hdbview"... (STDOUT, APP/TASK/deploy)#
#2026 09 16 09:54:10.585#Z#DEBUG#52171575-b1b4-11f1-bf33-eeee0a8e3dbc.incident-management-db-deployer#flowable-async-job-executor-thread-15220#
[PollExecuteTaskStatusExecution] 027cc582-38ad-4b77-9ea4-3df5d0ff7569 [2026-09-16T09:54:02.796606] Deploying "src/gen/AdminService.Customers.hdbview"... ok (0s 40ms) (STDOUT, APP/TASK/deploy)#
#2026 09 16 09:54:10.585#Z#DEBUG#52171575-b1b4-11f1-bf33-eeee0a8e3dbc.incident-management-db-deployer#flowable-async-job-executor-thread-15220#
[PollExecuteTaskStatusExecution] 027cc582-38ad-4b77-9ea4-3df5d0ff7569 [2026-09-16T09:54:02.796608] Deploying "src/gen/ProcessorService.Status_texts.hdbview"... (STDOUT, APP/TASK/deploy)#
#2026 09 16 09:54:10.585#Z#DEBUG#52171575-b1b4-11f1-bf33-eeee0a8e3dbc.incident-management-db-deployer#flowable-async-job-executor-thread-15220#
[PollExecuteTaskStatusExecution] 027cc582-38ad-4b77-9ea4-3df5d0ff7569 [2026-09-16T09:54:02.796615] Deploying "src/gen/ProcessorService.Customers.hdbview"... ok (0s 37ms) (STDOUT, APP/TASK/deploy)#
#2026 09 16 09:54:10.585#Z#DEBUG#52171575-b1b4-11f1-bf33-eeee0a8e3dbc.incident-management-db-deployer#flowable-async-job-executor-thread-15220#
[PollExecuteTaskStatusExecution] 027cc582-38ad-4b77-9ea4-3df5d0ff7569 [2026-09-16T09:54:02.796617] Deploying "src/gen/AdminService.Status.hdbview"... (STDOUT, APP/TASK/deploy)#
#2026 09 16 09:54:10.585#Z#DEBUG#52171575-b1b4-11f1-bf33-eeee0a8e3dbc.incident-management-db-deployer#flowable-async-job-executor-thread-15220#
[PollExecuteTaskStatusExecution] 027cc582-38ad-4b77-9ea4-3df5d0ff7569 [2026-09-16T09:54:02.796619] Deploying "src/gen/AdminService.Status_texts.hdbview"... ok (0s 34ms) (STDOUT, APP/TASK/deploy)#
#2026 09 16 09:54:10.585#Z#DEBUG#52171575-b1b4-11f1-bf33-eeee0a8e3dbc.incident-management-db-deployer#flowable-async-job-executor-thread-15220#
[PollExecuteTaskStatusExecution] 027cc582-38ad-4b77-9ea4-3df5d0ff7569 [2026-09-16T09:54:02.796622] Deploying "src/gen/ProcessorService.Status.hdbview"... (STDOUT, APP/TASK/deploy)#
#2026 09 16 09:54:10.585#Z#DEBUG#52171575-b1b4-11f1-bf33-eeee0a8e3dbc.incident-management-db-deployer#flowable-async-job-executor-thread-15220#
[PollExecuteTaskStatusExecution] 027cc582-38ad-4b77-9ea4-3df5d0ff7569 [2026-09-16T09:54:02.796624] Deploying "src/gen/ProcessorService.Status_texts.hdbview"... ok (0s 21ms) (STDOUT, APP/TASK/deploy)#
#2026 09 16 09:54:10.585#Z#DEBUG#52171575-b1b4-11f1-bf33-eeee0a8e3dbc.incident-management-db-deployer#flowable-async-job-executor-thread-15220#
[PollExecuteTaskStatusExecution] 027cc582-38ad-4b77-9ea4-3df5d0ff7569 [2026-09-16T09:54:02.796641] Deploying "src/gen/localized.sap.capire.incidents.Status.hdbview"... (STDOUT, APP/TASK/deploy)#
#2026 09 16 09:54:10.585#Z#DEBUG#52171575-b1b4-11f1-bf33-eeee0a8e3dbc.incident-management-db-deployer#flowable-async-job-executor-thread-15220#
[PollExecuteTaskStatusExecution] 027cc582-38ad-4b77-9ea4-3df5d0ff7569 [2026-09-16T09:54:02.796643] Deploying "src/gen/AdminService.Status.hdbview"... ok (0s 41ms) (STDOUT, APP/TASK/deploy)#
#2026 09 16 09:54:10.585#Z#DEBUG#52171575-b1b4-11f1-bf33-eeee0a8e3dbc.incident-management-db-deployer#flowable-async-job-executor-thread-15220#
[PollExecuteTaskStatusExecution] 027cc582-38ad-4b77-9ea4-3df5d0ff7569 [2026-09-16T09:54:02.796959] Deploying "src/gen/AdminService.Incidents_conversation.hdbview"... (STDOUT, APP/TASK/deploy)#
#2026 09 16 09:54:10.585#Z#DEBUG#52171575-b1b4-11f1-bf33-eeee0a8e3dbc.incident-management-db-deployer#flowable-async-job-executor-thread-15220#
[PollExecuteTaskStatusExecution] 027cc582-38ad-4b77-9ea4-3df5d0ff7569 [2026-09-16T09:54:02.797054] Deploying "src/gen/localized.sap.capire.incidents.Status.hdbview"... ok (0s 31ms) (STDOUT, APP/TASK/deploy)#
#2026 09 16 09:54:10.585#Z#DEBUG#52171575-b1b4-11f1-bf33-eeee0a8e3dbc.incident-management-db-deployer#flowable-async-job-executor-thread-15220#
[PollExecuteTaskStatusExecution] 027cc582-38ad-4b77-9ea4-3df5d0ff7569 [2026-09-16T09:54:02.797101] Deploying "src/gen/ProcessorService.Incidents_conversation.hdbview"... (STDOUT, APP/TASK/deploy)#
#2026 09 16 09:54:10.585#Z#DEBUG#52171575-b1b4-11f1-bf33-eeee0a8e3dbc.incident-management-db-deployer#flowable-async-job-executor-thread-15220#
[PollExecuteTaskStatusExecution] 027cc582-38ad-4b77-9ea4-3df5d0ff7569 [2026-09-16T09:54:02.797140] Deploying "src/gen/ProcessorService.Status.hdbview"... ok (0s 32ms) (STDOUT, APP/TASK/deploy)#
#2026 09 16 09:54:10.585#Z#DEBUG#52171575-b1b4-11f1-bf33-eeee0a8e3dbc.incident-management-db-deployer#flowable-async-job-executor-thread-15220#
[PollExecuteTaskStatusExecution] 027cc582-38ad-4b77-9ea4-3df5d0ff7569 [2026-09-16T09:54:02.797174] Deploying "src/gen/AdminService.Urgency.hdbview"... (STDOUT, APP/TASK/deploy)#
#2026 09 16 09:54:10.585#Z#DEBUG#52171575-b1b4-11f1-bf33-eeee0a8e3dbc.incident-management-db-deployer#flowable-async-job-executor-thread-15220#
[PollExecuteTaskStatusExecution] 027cc582-38ad-4b77-9ea4-3df5d0ff7569 [2026-09-16T09:54:02.797213] Deploying "src/gen/AdminService.Incidents_conversation.hdbview"... ok (0s 29ms) (STDOUT, APP/TASK/deploy)#
#2026 09 16 09:54:10.585#Z#DEBUG#52171575-b1b4-11f1-bf33-eeee0a8e3dbc.incident-management-db-deployer#flowable-async-job-executor-thread-15220#
[PollExecuteTaskStatusExecution] 027cc582-38ad-4b77-9ea4-3df5d0ff7569 [2026-09-16T09:54:02.797245] Deploying "src/gen/ProcessorService.Urgency.hdbview"... (STDOUT, APP/TASK/deploy)#
#2026 09 16 09:54:10.585#Z#DEBUG#52171575-b1b4-11f1-bf33-eeee0a8e3dbc.incident-management-db-deployer#flowable-async-job-executor-thread-15220#
[PollExecuteTaskStatusExecution] 027cc582-38ad-4b77-9ea4-3df5d0ff7569 [2026-09-16T09:54:02.797280] Deploying "src/gen/ProcessorService.Incidents_conversation.hdbview"... ok (0s 29ms) (STDOUT, APP/TASK/deploy)#
#2026 09 16 09:54:10.585#Z#DEBUG#52171575-b1b4-11f1-bf33-eeee0a8e3dbc.incident-management-db-deployer#flowable-async-job-executor-thread-15220#
[PollExecuteTaskStatusExecution] 027cc582-38ad-4b77-9ea4-3df5d0ff7569 [2026-09-16T09:54:02.797338] Deploying "src/gen/AdminService.Urgency_texts.hdbview"... (STDOUT, APP/TASK/deploy)#
#2026 09 16 09:54:10.585#Z#DEBUG#52171575-b1b4-11f1-bf33-eeee0a8e3dbc.incident-management-db-deployer#flowable-async-job-executor-thread-15220#
[PollExecuteTaskStatusExecution] 027cc582-38ad-4b77-9ea4-3df5d0ff7569 [2026-09-16T09:54:02.797375] Deploying "src/gen/AdminService.Urgency.hdbview"... ok (0s 29ms) (STDOUT, APP/TASK/deploy)#
#2026 09 16 09:54:10.585#Z#DEBUG#52171575-b1b4-11f1-bf33-eeee0a8e3dbc.incident-management-db-deployer#flowable-async-job-executor-thread-15220#
[PollExecuteTaskStatusExecution] 027cc582-38ad-4b77-9ea4-3df5d0ff7569 [2026-09-16T09:54:02.797462] Deploying "src/gen/ProcessorService.Urgency_texts.hdbview"... (STDOUT, APP/TASK/deploy)#
#2026 09 16 09:54:10.585#Z#DEBUG#52171575-b1b4-11f1-bf33-eeee0a8e3dbc.incident-management-db-deployer#flowable-async-job-executor-thread-15220#
[PollExecuteTaskStatusExecution] 027cc582-38ad-4b77-9ea4-3df5d0ff7569 [2026-09-16T09:54:02.797513] Deploying "src/gen/ProcessorService.Urgency.hdbview"... ok (0s 30ms) (STDOUT, APP/TASK/deploy)#
#2026 09 16 09:54:10.585#Z#DEBUG#52171575-b1b4-11f1-bf33-eeee0a8e3dbc.incident-management-db-deployer#flowable-async-job-executor-thread-15220#
[PollExecuteTaskStatusExecution] 027cc582-38ad-4b77-9ea4-3df5d0ff7569 [2026-09-16T09:54:02.797583] Deploying "src/gen/localized.sap.capire.incidents.Urgency.hdbview"... (STDOUT, APP/TASK/deploy)#
#2026 09 16 09:54:10.585#Z#DEBUG#52171575-b1b4-11f1-bf33-eeee0a8e3dbc.incident-management-db-deployer#flowable-async-job-executor-thread-15220#
[PollExecuteTaskStatusExecution] 027cc582-38ad-4b77-9ea4-3df5d0ff7569 [2026-09-16T09:54:02.797620] Deploying "src/gen/AdminService.Urgency_texts.hdbview"... ok (0s 30ms) (STDOUT, APP/TASK/deploy)#
#2026 09 16 09:54:10.585#Z#DEBUG#52171575-b1b4-11f1-bf33-eeee0a8e3dbc.incident-management-db-deployer#flowable-async-job-executor-thread-15220#
[PollExecuteTaskStatusExecution] 027cc582-38ad-4b77-9ea4-3df5d0ff7569 [2026-09-16T09:54:02.797654] Deploying "src/gen/localized.AdminService.Status.hdbview"... (STDOUT, APP/TASK/deploy)#
#2026 09 16 09:54:10.585#Z#DEBUG#52171575-b1b4-11f1-bf33-eeee0a8e3dbc.incident-management-db-deployer#flowable-async-job-executor-thread-15220#
[PollExecuteTaskStatusExecution] 027cc582-38ad-4b77-9ea4-3df5d0ff7569 [2026-09-16T09:54:02.797691] Deploying "src/gen/ProcessorService.Urgency_texts.hdbview"... ok (0s 30ms) (STDOUT, APP/TASK/deploy)#
#2026 09 16 09:54:10.585#Z#DEBUG#52171575-b1b4-11f1-bf33-eeee0a8e3dbc.incident-management-db-deployer#flowable-async-job-executor-thread-15220#
[PollExecuteTaskStatusExecution] 027cc582-38ad-4b77-9ea4-3df5d0ff7569 [2026-09-16T09:54:02.797723] Deploying "src/gen/localized.ProcessorService.Status.hdbview"... (STDOUT, APP/TASK/deploy)#
#2026 09 16 09:54:10.585#Z#DEBUG#52171575-b1b4-11f1-bf33-eeee0a8e3dbc.incident-management-db-deployer#flowable-async-job-executor-thread-15220#
[PollExecuteTaskStatusExecution] 027cc582-38ad-4b77-9ea4-3df5d0ff7569 [2026-09-16T09:54:02.797755] Deploying "src/gen/localized.sap.capire.incidents.Urgency.hdbview"... ok (0s 44ms) (STDOUT, APP/TASK/deploy)#
#2026 09 16 09:54:10.585#Z#DEBUG#52171575-b1b4-11f1-bf33-eeee0a8e3dbc.incident-management-db-deployer#flowable-async-job-executor-thread-15220#
[PollExecuteTaskStatusExecution] 027cc582-38ad-4b77-9ea4-3df5d0ff7569 [2026-09-16T09:54:02.797793] Deploying "src/gen/localized.AdminService.Urgency.hdbview"... (STDOUT, APP/TASK/deploy)#
#2026 09 16 09:54:10.585#Z#DEBUG#52171575-b1b4-11f1-bf33-eeee0a8e3dbc.incident-management-db-deployer#flowable-async-job-executor-thread-15220#
[PollExecuteTaskStatusExecution] 027cc582-38ad-4b77-9ea4-3df5d0ff7569 [2026-09-16T09:54:02.797829] Deploying "src/gen/localized.ProcessorService.Status.hdbview"... ok (0s 45ms) (STDOUT, APP/TASK/deploy)#
#2026 09 16 09:54:10.585#Z#DEBUG#52171575-b1b4-11f1-bf33-eeee0a8e3dbc.incident-management-db-deployer#flowable-async-job-executor-thread-15220#
[PollExecuteTaskStatusExecution] 027cc582-38ad-4b77-9ea4-3df5d0ff7569 [2026-09-16T09:54:02.797872] Deploying "src/gen/localized.ProcessorService.Urgency.hdbview"... (STDOUT, APP/TASK/deploy)#
#2026 09 16 09:54:10.585#Z#DEBUG#52171575-b1b4-11f1-bf33-eeee0a8e3dbc.incident-management-db-deployer#flowable-async-job-executor-thread-15220#
[PollExecuteTaskStatusExecution] 027cc582-38ad-4b77-9ea4-3df5d0ff7569 [2026-09-16T09:54:02.797967] Deploying "src/gen/localized.AdminService.Status.hdbview"... ok (0s 45ms) (STDOUT, APP/TASK/deploy)#
#2026 09 16 09:54:10.585#Z#DEBUG#52171575-b1b4-11f1-bf33-eeee0a8e3dbc.incident-management-db-deployer#flowable-async-job-executor-thread-15220#
[PollExecuteTaskStatusExecution] 027cc582-38ad-4b77-9ea4-3df5d0ff7569 [2026-09-16T09:54:02.798036] Deploying "src/gen/localized.AdminService.Urgency.hdbview"... ok (0s 31ms) (STDOUT, APP/TASK/deploy)#
#2026 09 16 09:54:10.585#Z#DEBUG#52171575-b1b4-11f1-bf33-eeee0a8e3dbc.incident-management-db-deployer#flowable-async-job-executor-thread-15220#
[PollExecuteTaskStatusExecution] 027cc582-38ad-4b77-9ea4-3df5d0ff7569 [2026-09-16T09:54:02.798068] Deploying "src/gen/localized.ProcessorService.Urgency.hdbview"... ok (0s 31ms) (STDOUT, APP/TASK/deploy)#
#2026 09 16 09:54:10.585#Z#DEBUG#52171575-b1b4-11f1-bf33-eeee0a8e3dbc.incident-management-db-deployer#flowable-async-job-executor-thread-15220#
[PollExecuteTaskStatusExecution] 027cc582-38ad-4b77-9ea4-3df5d0ff7569 [2026-09-16T09:54:02.798170] Processing work list... ok (1s 205ms) (STDOUT, APP/TASK/deploy)#
#2026 09 16 09:54:10.585#Z#DEBUG#52171575-b1b4-11f1-bf33-eeee0a8e3dbc.incident-management-db-deployer#flowable-async-job-executor-thread-15220#
[PollExecuteTaskStatusExecution] 027cc582-38ad-4b77-9ea4-3df5d0ff7569 [2026-09-16T09:54:02.798379] Finalizing... (STDOUT, APP/TASK/deploy)#
#2026 09 16 09:54:10.585#Z#DEBUG#52171575-b1b4-11f1-bf33-eeee0a8e3dbc.incident-management-db-deployer#flowable-async-job-executor-thread-15220#
[PollExecuteTaskStatusExecution] 027cc582-38ad-4b77-9ea4-3df5d0ff7569 [2026-09-16T09:54:02.798449] Finalizing... ok (0s 105ms) (STDOUT, APP/TASK/deploy)#
#2026 09 16 09:54:10.585#Z#DEBUG#52171575-b1b4-11f1-bf33-eeee0a8e3dbc.incident-management-db-deployer#flowable-async-job-executor-thread-15220#
[PollExecuteTaskStatusExecution] 027cc582-38ad-4b77-9ea4-3df5d0ff7569 [2026-09-16T09:54:02.798493] Make succeeded (0 warnings): 53 files deployed (effective 61), 0 files undeployed (effective 0), 0 dependent files redeployed (STDOUT, APP/TASK/deploy)#
#2026 09 16 09:54:10.585#Z#DEBUG#52171575-b1b4-11f1-bf33-eeee0a8e3dbc.incident-management-db-deployer#flowable-async-job-executor-thread-15220#
[PollExecuteTaskStatusExecution] 027cc582-38ad-4b77-9ea4-3df5d0ff7569 [2026-09-16T09:54:02.798529] Making... ok (2s 758ms) (STDOUT, APP/TASK/deploy)#
#2026 09 16 09:54:10.585#Z#DEBUG#52171575-b1b4-11f1-bf33-eeee0a8e3dbc.incident-management-db-deployer#flowable-async-job-executor-thread-15220#
[PollExecuteTaskStatusExecution] 027cc582-38ad-4b77-9ea4-3df5d0ff7569 [2026-09-16T09:54:02.798566] Enabling table replication for the container schema "5FF7A647377A44D6A05255F1EC04CE54"... (STDOUT, APP/TASK/deploy)#
#2026 09 16 09:54:10.585#Z#DEBUG#52171575-b1b4-11f1-bf33-eeee0a8e3dbc.incident-management-db-deployer#flowable-async-job-executor-thread-15220#
[PollExecuteTaskStatusExecution] 027cc582-38ad-4b77-9ea4-3df5d0ff7569 [2026-09-16T09:54:02.798673] Enabling table replication for the container schema "5FF7A647377A44D6A05255F1EC04CE54"... ok (0s 9ms) (STDOUT, APP/TASK/deploy)#
#2026 09 16 09:54:10.585#Z#DEBUG#52171575-b1b4-11f1-bf33-eeee0a8e3dbc.incident-management-db-deployer#flowable-async-job-executor-thread-15220#
[PollExecuteTaskStatusExecution] 027cc582-38ad-4b77-9ea4-3df5d0ff7569 [2026-09-16T09:54:02.798727] Starting make in the container "5FF7A647377A44D6A05255F1EC04CE54" with 53 files to deploy, 0 files to undeploy... ok (2s 833ms) (STDOUT, APP/TASK/deploy)#
#2026 09 16 09:54:10.585#Z#DEBUG#52171575-b1b4-11f1-bf33-eeee0a8e3dbc.incident-management-db-deployer#flowable-async-job-executor-thread-15220#
[PollExecuteTaskStatusExecution] 027cc582-38ad-4b77-9ea4-3df5d0ff7569 [2026-09-16T09:54:02.799083] Deploying to the container "5FF7A647377A44D6A05255F1EC04CE54"... ok (3s 334ms) (STDOUT, APP/TASK/deploy)#
#2026 09 16 09:54:10.585#Z#DEBUG#52171575-b1b4-11f1-bf33-eeee0a8e3dbc.incident-management-db-deployer#flowable-async-job-executor-thread-15220#
[PollExecuteTaskStatusExecution] 027cc582-38ad-4b77-9ea4-3df5d0ff7569 [2026-09-16T09:54:02.799971] No default-access-role handling needed; global role "5FF7A647377A44D6A05255F1EC04CE54::access_role" will not be adapted (STDOUT, APP/TASK/deploy)#
#2026 09 16 09:54:10.585#Z#DEBUG#52171575-b1b4-11f1-bf33-eeee0a8e3dbc.incident-management-db-deployer#flowable-async-job-executor-thread-15220#
[PollExecuteTaskStatusExecution] 027cc582-38ad-4b77-9ea4-3df5d0ff7569 [2026-09-16T09:54:02.800380] Unlocking the container "5FF7A647377A44D6A05255F1EC04CE54"... (STDOUT, APP/TASK/deploy)#
#2026 09 16 09:54:10.585#Z#DEBUG#52171575-b1b4-11f1-bf33-eeee0a8e3dbc.incident-management-db-deployer#flowable-async-job-executor-thread-15220#
[PollExecuteTaskStatusExecution] 027cc582-38ad-4b77-9ea4-3df5d0ff7569 [2026-09-16T09:54:02.801484] Unlocking the container "5FF7A647377A44D6A05255F1EC04CE54"... ok (0s 1ms) (STDOUT, APP/TASK/deploy)#
#2026 09 16 09:54:10.585#Z#DEBUG#52171575-b1b4-11f1-bf33-eeee0a8e3dbc.incident-management-db-deployer#flowable-async-job-executor-thread-15220#
[PollExecuteTaskStatusExecution] 027cc582-38ad-4b77-9ea4-3df5d0ff7569 [2026-09-16T09:54:02.801828] Deployment to container 5FF7A647377A44D6A05255F1EC04CE54 done [Deployment ID: none]. (STDOUT, APP/TASK/deploy)#
#2026 09 16 09:54:10.585#Z#DEBUG#52171575-b1b4-11f1-bf33-eeee0a8e3dbc.incident-management-db-deployer#flowable-async-job-executor-thread-15220#
[PollExecuteTaskStatusExecution] 027cc582-38ad-4b77-9ea4-3df5d0ff7569 [2026-09-16T09:54:02.802705] Deployment ended at 2026-09-16 09:54:02 (STDOUT, APP/TASK/deploy)#
#2026 09 16 09:54:10.585#Z#DEBUG#52171575-b1b4-11f1-bf33-eeee0a8e3dbc.incident-management-db-deployer#flowable-async-job-executor-thread-15220#
[PollExecuteTaskStatusExecution] 027cc582-38ad-4b77-9ea4-3df5d0ff7569 [2026-09-16T09:54:02.803220] (5s 693ms) (STDOUT, APP/TASK/deploy)#
#2026 09 16 09:54:10.585#Z#DEBUG#52171575-b1b4-11f1-bf33-eeee0a8e3dbc.incident-management-db-deployer#flowable-async-job-executor-thread-15220#
[PollExecuteTaskStatusExecution] 027cc582-38ad-4b77-9ea4-3df5d0ff7569 [2026-09-16T09:54:02.820786] npm notice (STDERR, APP/TASK/deploy)#
#2026 09 16 09:54:10.585#Z#DEBUG#52171575-b1b4-11f1-bf33-eeee0a8e3dbc.incident-management-db-deployer#flowable-async-job-executor-thread-15220#
[PollExecuteTaskStatusExecution] 027cc582-38ad-4b77-9ea4-3df5d0ff7569 [2026-09-16T09:54:02.820854] npm notice New major version of npm available! 11.16.0 -> 12.0.2 (STDERR, APP/TASK/deploy)#
#2026 09 16 09:54:10.585#Z#DEBUG#52171575-b1b4-11f1-bf33-eeee0a8e3dbc.incident-management-db-deployer#flowable-async-job-executor-thread-15220#
[PollExecuteTaskStatusExecution] 027cc582-38ad-4b77-9ea4-3df5d0ff7569 [2026-09-16T09:54:02.820858] npm notice Changelog: https://github.com/npm/cli/releases/tag/v12.0.2 (STDERR, APP/TASK/deploy)#
#2026 09 16 09:54:10.585#Z#DEBUG#52171575-b1b4-11f1-bf33-eeee0a8e3dbc.incident-management-db-deployer#flowable-async-job-executor-thread-15220#
[PollExecuteTaskStatusExecution] 027cc582-38ad-4b77-9ea4-3df5d0ff7569 [2026-09-16T09:54:02.820862] npm notice To update run: npm install -g npm@12.0.2 (STDERR, APP/TASK/deploy)#
#2026 09 16 09:54:10.585#Z#DEBUG#52171575-b1b4-11f1-bf33-eeee0a8e3dbc.incident-management-db-deployer#flowable-async-job-executor-thread-15220#
[PollExecuteTaskStatusExecution] 027cc582-38ad-4b77-9ea4-3df5d0ff7569 [2026-09-16T09:54:02.820865] npm notice (STDERR, APP/TASK/deploy)#
#2026 09 16 09:54:10.585#Z#DEBUG#52171575-b1b4-11f1-bf33-eeee0a8e3dbc.incident-management-db-deployer#flowable-async-job-executor-thread-15220#
[PollExecuteTaskStatusExecution] 027cc582-38ad-4b77-9ea4-3df5d0ff7569 [2026-09-16T09:54:02.889647] Exit status 0 (STDOUT, APP/TASK/deploy)#
#2026 09 16 09:54:10.585#Z#DEBUG#52171575-b1b4-11f1-bf33-eeee0a8e3dbc.incident-management-db-deployer#flowable-async-job-executor-thread-15220#
[PollExecuteTaskStatusExecution] 027cc582-38ad-4b77-9ea4-3df5d0ff7569 [2026-09-16T09:54:03.592544] Cell 77283d80-dfa7-40ba-ba4e-265aef112085 stopping instance 65fd2f72-ed88-4d1b-ac9a-4326ea320a3c (STDOUT, CELL)#
#2026 09 16 09:54:10.585#Z#DEBUG#52171575-b1b4-11f1-bf33-eeee0a8e3dbc.incident-management-db-deployer#flowable-async-job-executor-thread-15220#
[PollExecuteTaskStatusExecution] 027cc582-38ad-4b77-9ea4-3df5d0ff7569 [2026-09-16T09:54:03.592592] Cell 77283d80-dfa7-40ba-ba4e-265aef112085 destroying container for instance 65fd2f72-ed88-4d1b-ac9a-4326ea320a3c (STDOUT, CELL)#
#2026 09 16 09:54:10.585#Z#DEBUG#52171575-b1b4-11f1-bf33-eeee0a8e3dbc.incident-management-db-deployer#flowable-async-job-executor-thread-15220#
[PollExecuteTaskStatusExecution] 027cc582-38ad-4b77-9ea4-3df5d0ff7569 [2026-09-16T09:54:05.831075] Cell 77283d80-dfa7-40ba-ba4e-265aef112085 successfully destroyed container for instance 65fd2f72-ed88-4d1b-ac9a-4326ea320a3c (STDOUT, CELL)#
