#2026 09 16 09:52:25.468#Z#INFO#52171575-b1b4-11f1-bf33-eeee0a8e3dbc.OPERATION#http-nio-0.0.0.0-8080-exec-11#
[XS2StartProcessListener] Operation ID: 52171575-b1b4-11f1-bf33-eeee0a8e3dbc#
#2026 09 16 09:52:25.485#Z#DEBUG#52171575-b1b4-11f1-bf33-eeee0a8e3dbc.OPERATION#http-nio-0.0.0.0-8080-exec-11#
[XS2StartProcessListener] Process environment: {
  "SKIP_SSL_VALIDATION" : "false",
  "FLOWABLE_JOB_EXECUTOR_MAX_THREADS" : "32",
  "VERSION" : "2.54.0",
  "BASIC_AUTH_ENABLED" : "true",
  "FLOWABLE_JOB_EXECUTOR_QUEUE_CAPACITY" : "16",
  "FLOWABLE_JOB_EXECUTOR_CORE_THREADS" : "8"
}#
#2026 09 16 09:52:25.485#Z#DEBUG#52171575-b1b4-11f1-bf33-eeee0a8e3dbc.OPERATION#http-nio-0.0.0.0-8080-exec-11#
[XS2StartProcessListener] Current user: irfan.d.khan@capgemini.com#
#2026 09 16 09:52:25.485#Z#DEBUG#52171575-b1b4-11f1-bf33-eeee0a8e3dbc.OPERATION#http-nio-0.0.0.0-8080-exec-11#
[XS2StartProcessListener] Client space: dev#
#2026 09 16 09:52:25.485#Z#DEBUG#52171575-b1b4-11f1-bf33-eeee0a8e3dbc.OPERATION#http-nio-0.0.0.0-8080-exec-11#
[XS2StartProcessListener] Client organization: f6fb8b98trial#
#2026 09 16 09:52:25.486#Z#INFO#52171575-b1b4-11f1-bf33-eeee0a8e3dbc.OPERATION#http-nio-0.0.0.0-8080-exec-11#
[XS2StartProcessListener] Process variables: {
  "keepFiles" : false,
  "skipAppDigestCalculation" : false,
  "abortOnError" : false,
  "mtaId" : "incident-management",
  "noFailOnMissingPermissions" : false,
  "isSecurityEnabled" : false,
  "apiRequestPath" : "https://deploy-service.cf.us10-001.hana.ondemand.com/api/v1/spaces/d54729ef-3276-4aae-bbf1-9ffea9c4a940/operations",
  "deleteServiceBrokers" : false,
  "appArchiveId" : "3bb275b9-0587-407b-99d6-f4982145fb6e",
  "isDisposableUserProvidedServiceEnabled" : false,
  "deleteServiceKeys" : false,
  "noRestartSubscribedApps" : false,
  "noStart" : false,
  "deleteServices" : false
}#
#2026 09 16 09:52:25.913#Z#DEBUG#52171575-b1b4-11f1-bf33-eeee0a8e3dbc.OPERATION#flowable-async-job-executor-thread-15135#
[ValidateDeployParametersStep] Executing task "validateParametersTask" of process "5217159b-b1b4-11f1-bf33-eeee0a8e3dbc"...#
#2026 09 16 09:52:25.913#Z#DEBUG#52171575-b1b4-11f1-bf33-eeee0a8e3dbc.OPERATION#flowable-async-job-executor-thread-15135#
[ValidateDeployParametersStep] Validating parameters...#
#2026 09 16 09:52:25.915#Z#INFO#52171575-b1b4-11f1-bf33-eeee0a8e3dbc.OPERATION#flowable-async-job-executor-thread-15135#
[ValidateDeployParametersStep] Size of mtars is 5,723,919 and size of extension descriptors is 0#
#2026 09 16 09:52:25.940#Z#INFO#52171575-b1b4-11f1-bf33-eeee0a8e3dbc.OPERATION#flowable-async-job-executor-thread-15135#
[ValidateDeployParametersStep] Archive was not split! Total size in bytes: 5,723,919#
#2026 09 16 09:52:25.940#Z#INFO#52171575-b1b4-11f1-bf33-eeee0a8e3dbc.OPERATION#flowable-async-job-executor-thread-15135#
[ValidateDeployParametersStep] Deploying in org "f6fb8b98trial" and space "dev"#
#2026 09 16 09:52:25.953#Z#DEBUG#52171575-b1b4-11f1-bf33-eeee0a8e3dbc.OPERATION#flowable-async-job-executor-thread-15135#
[ValidateDeployParametersStep] Parameters validated#
#2026 09 16 09:52:25.953#Z#DEBUG#52171575-b1b4-11f1-bf33-eeee0a8e3dbc.OPERATION#flowable-async-job-executor-thread-15135#
Step "Validate Parameters" finished#
#2026 09 16 09:52:25.981#Z#DEBUG#52171575-b1b4-11f1-bf33-eeee0a8e3dbc.OPERATION#flowable-async-job-executor-thread-15136#
[DeleteRemainingFileParts] Executing task "deleteRemainingFileParts" of process "5217159b-b1b4-11f1-bf33-eeee0a8e3dbc"...#
#2026 09 16 09:52:25.982#Z#DEBUG#52171575-b1b4-11f1-bf33-eeee0a8e3dbc.OPERATION#flowable-async-job-executor-thread-15136#
Step "Delete Remaining File Parts" finished#
#2026 09 16 09:52:26.010#Z#DEBUG#52171575-b1b4-11f1-bf33-eeee0a8e3dbc.OPERATION#flowable-async-job-executor-thread-15137#
[XS2ProcessMtaArchiveStep] Executing task "processArchiveTask" of process "5217159b-b1b4-11f1-bf33-eeee0a8e3dbc"...#
#2026 09 16 09:52:26.011#Z#DEBUG#52171575-b1b4-11f1-bf33-eeee0a8e3dbc.OPERATION#flowable-async-job-executor-thread-15137#
[XS2ProcessMtaArchiveStep] Processing MTA archive...#
#2026 09 16 09:52:26.011#Z#DEBUG#52171575-b1b4-11f1-bf33-eeee0a8e3dbc.OPERATION#flowable-async-job-executor-thread-15137#
[XS2ProcessMtaArchiveStep] MTA Archive ID: 3bb275b9-0587-407b-99d6-f4982145fb6e#
#2026 09 16 09:52:26.207#Z#DEBUG#52171575-b1b4-11f1-bf33-eeee0a8e3dbc.OPERATION#flowable-async-job-executor-thread-15137#
[XS2ProcessMtaArchiveStep] MTA Descriptor length: 3,972#
#2026 09 16 09:52:26.207#Z#DEBUG#52171575-b1b4-11f1-bf33-eeee0a8e3dbc.OPERATION#flowable-async-job-executor-thread-15137#
[XS2ProcessMtaArchiveStep] MTA Archive Modules: [incident-management-app-deployer, incident-management-db-deployer, incident-management-srv]#
#2026 09 16 09:52:26.207#Z#DEBUG#52171575-b1b4-11f1-bf33-eeee0a8e3dbc.OPERATION#flowable-async-job-executor-thread-15137#
[XS2ProcessMtaArchiveStep] MTA Archive Requires: []#
#2026 09 16 09:52:26.207#Z#DEBUG#52171575-b1b4-11f1-bf33-eeee0a8e3dbc.OPERATION#flowable-async-job-executor-thread-15137#
[XS2ProcessMtaArchiveStep] MTA Archive Resources: [incident-management-auth]#
#2026 09 16 09:52:26.216#Z#DEBUG#52171575-b1b4-11f1-bf33-eeee0a8e3dbc.OPERATION#flowable-async-job-executor-thread-15137#
[XS2ProcessMtaArchiveStep] MTA archive processed#
#2026 09 16 09:52:26.217#Z#DEBUG#52171575-b1b4-11f1-bf33-eeee0a8e3dbc.OPERATION#flowable-async-job-executor-thread-15137#
Step "Process Archive" finished#
#2026 09 16 09:52:26.252#Z#DEBUG#52171575-b1b4-11f1-bf33-eeee0a8e3dbc.OPERATION#flowable-async-job-executor-thread-15138#
[ProcessMtaExtensionDescriptorsStep] Executing task "processExtensionDescriptorsTask" of process "5217159b-b1b4-11f1-bf33-eeee0a8e3dbc"...#
#2026 09 16 09:52:26.253#Z#DEBUG#52171575-b1b4-11f1-bf33-eeee0a8e3dbc.OPERATION#flowable-async-job-executor-thread-15138#
[ProcessMtaExtensionDescriptorsStep] Processing MTA extension descriptors...#
#2026 09 16 09:52:26.254#Z#DEBUG#52171575-b1b4-11f1-bf33-eeee0a8e3dbc.OPERATION#flowable-async-job-executor-thread-15138#
[ProcessMtaExtensionDescriptorsStep] Provided extension descriptors: [ ]#
#2026 09 16 09:52:26.254#Z#DEBUG#52171575-b1b4-11f1-bf33-eeee0a8e3dbc.OPERATION#flowable-async-job-executor-thread-15138#
[ProcessMtaExtensionDescriptorsStep] No extension descriptors in use#
#2026 09 16 09:52:26.254#Z#DEBUG#52171575-b1b4-11f1-bf33-eeee0a8e3dbc.OPERATION#flowable-async-job-executor-thread-15138#
[ProcessMtaExtensionDescriptorsStep] MTA extension descriptors processed#
#2026 09 16 09:52:26.254#Z#DEBUG#52171575-b1b4-11f1-bf33-eeee0a8e3dbc.OPERATION#flowable-async-job-executor-thread-15138#
Step "Process Extension Descriptors" finished#
#2026 09 16 09:52:26.284#Z#DEBUG#52171575-b1b4-11f1-bf33-eeee0a8e3dbc.OPERATION#flowable-async-job-executor-thread-15139#
[XS2DetectMtaSchemaVersionStep] Executing task "detectSchemaVersionTask" of process "5217159b-b1b4-11f1-bf33-eeee0a8e3dbc"...#
#2026 09 16 09:52:26.285#Z#DEBUG#52171575-b1b4-11f1-bf33-eeee0a8e3dbc.OPERATION#flowable-async-job-executor-thread-15139#
[XS2DetectMtaSchemaVersionStep] Detecting MTA major schema version...#
#2026 09 16 09:52:26.287#Z#INFO#52171575-b1b4-11f1-bf33-eeee0a8e3dbc.OPERATION#flowable-async-job-executor-thread-15139#
[XS2DetectMtaSchemaVersionStep] Detected MTA schema version: "3"#
#2026 09 16 09:52:26.291#Z#DEBUG#52171575-b1b4-11f1-bf33-eeee0a8e3dbc.OPERATION#flowable-async-job-executor-thread-15139#
Step "Detect Schema Version" finished#
#2026 09 16 09:52:26.319#Z#DEBUG#52171575-b1b4-11f1-bf33-eeee0a8e3dbc.OPERATION#flowable-async-job-executor-thread-15140#
[MergeDescriptorsStep] Executing task "mergeDescriptorsTask" of process "5217159b-b1b4-11f1-bf33-eeee0a8e3dbc"...#
#2026 09 16 09:52:26.320#Z#DEBUG#52171575-b1b4-11f1-bf33-eeee0a8e3dbc.OPERATION#flowable-async-job-executor-thread-15140#
[MergeDescriptorsStep] Validating and merging descriptors...#
#2026 09 16 09:52:26.323#Z#DEBUG#52171575-b1b4-11f1-bf33-eeee0a8e3dbc.OPERATION#flowable-async-job-executor-thread-15140#
[MergeDescriptorsStep] Merged deployment descriptor: {
  "majorSchemaVersion" : 3,
  "schemaVersion" : "3.3.0",
  "id" : "incident-management",
  "version" : "1.0.0",
  "modules" : [ {
    "majorSchemaVersion" : 3,
    "name" : "incident-management-srv",
    "type" : "javascript.nodejs",
    "path" : "incident-management-srv",
    "properties" : { },
    "parameters" : {
      "buildpack" : "nodejs_buildpack",
      "instances" : 1
    },
    "requiredDependencies" : [ {
      "majorSchemaVersion" : 3,
      "name" : "********",
      "properties" : { },
      "parameters" : { },
      "propertiesMetadata" : {
        "metadata" : { }
      },
      "parametersMetadata" : {
        "metadata" : { }
      }
    }, {
      "majorSchemaVersion" : 3,
      "name" : "incident-management-db",
      "properties" : { },
      "parameters" : { },
      "propertiesMetadata" : {
        "metadata" : { }
      },
      "parametersMetadata" : {
        "metadata" : { }
      }
    }, {
      "majorSchemaVersion" : 3,
      "name" : "incident-management-destination",
      "properties" : { },
      "parameters" : { },
      "propertiesMetadata" : {
        "metadata" : { }
      },
      "parametersMetadata" : {
        "metadata" : { }
      }
    } ],
    "providedDependencies" : [ {
      "majorSchemaVersion" : 3,
      "name" : "srv-api",
      "isPublic" : false,
      "properties" : {
        "srv-url" : "${default-url}"
      },
      "parameters" : { },
      "propertiesMetadata" : {
        "metadata" : { }
      },
      "parametersMetadata" : {
        "metadata" : { }
      }
    }, {
      "majorSchemaVersion" : 3,
      "name" : "incident-management-srv",
      "isPublic" : false,
      "properties" : { },
      "parameters" : { },
      "propertiesMetadata" : {
        "metadata" : { }
      },
      "parametersMetadata" : {
        "metadata" : { }
      }
    } ],
    "propertiesMetadata" : {
      "metadata" : { }
    },
    "parametersMetadata" : {
      "metadata" : { }
    },
    "hooks" : [ ]
  }, {
    "majorSchemaVersion" : 3,
    "name" : "incident-management-db-deployer",
    "type" : "com.sap.xs.hdi",
    "path" : "incident-management-db-deployer",
    "properties" : {
      "EXIT" : 1
    },
    "parameters" : {
      "memory" : "256M",
      "buildpack" : "nodejs_buildpack",
      "no-route" : true,
      "dependency-type" : "hard",
      "tasks" : [ {
        "name" : "deploy",
        "memory" : "256M",
        "command" : "npm start"
      } ],
      "no-start" : true
    },
    "requiredDependencies" : [ {
      "majorSchemaVersion" : 3,
      "name" : "incident-management-db",
      "properties" : { },
      "parameters" : { },
      "propertiesMetadata" : {
        "metadata" : { }
      },
      "parametersMetadata" : {
        "metadata" : { }
      }
    } ],
    "providedDependencies" : [ {
      "majorSchemaVersion" : 3,
      "name" : "incident-management-db-deployer",
      "isPublic" : false,
      "properties" : { },
      "parameters" : { },
      "propertiesMetadata" : {
        "metadata" : { }
      },
      "parametersMetadata" : {
        "metadata" : { }
      }
    } ],
    "propertiesMetadata" : {
      "metadata" : { }
    },
    "parametersMetadata" : {
      "metadata" : { }
    },
    "hooks" : [ ]
  }, {
    "majorSchemaVersion" : 3,
    "name" : "incident-management-app-deployer",
    "type" : "com.sap.application.content",
    "path" : "incident-management-app-deployer",
    "properties" : { },
    "parameters" : {
      "config" : {
        "destinations" : [ {
          "Authentication" : "********",
          "DynamicDestination" : true,
          "ForwardAuthToken" : "********",
          "Name" : "srv-api",
          "ProxyType" : "Internet",
          "Type" : "HTTP",
          "URL" : "~{srv-api/srv-url}"
        } ]
      }
    },
    "requiredDependencies" : [ {
      "majorSchemaVersion" : 3,
      "name" : "********",
      "properties" : { },
      "parameters" : { },
      "propertiesMetadata" : {
        "metadata" : { }
      },
      "parametersMetadata" : {
        "metadata" : { }
      }
    }, {
      "majorSchemaVersion" : 3,
      "name" : "srv-api",
      "properties" : { },
      "parameters" : { },
      "propertiesMetadata" : {
        "metadata" : { }
      },
      "parametersMetadata" : {
        "metadata" : { }
      }
    }, {
      "majorSchemaVersion" : 3,
      "name" : "incident-management-html5-repo-host",
      "properties" : { },
      "parameters" : {
        "config" : {
          "HTML5Runtime_enabled" : true
        },
        "content-target" : true
      },
      "propertiesMetadata" : {
        "metadata" : { }
      },
      "parametersMetadata" : {
        "metadata" : { }
      }
    } ],
    "providedDependencies" : [ {
      "majorSchemaVersion" : 3,
      "name" : "incident-management-app-deployer",
      "isPublic" : false,
      "properties" : { },
      "parameters" : { },
      "propertiesMetadata" : {
        "metadata" : { }
      },
      "parametersMetadata" : {
        "metadata" : { }
      }
    } ],
    "propertiesMetadata" : {
      "metadata" : { }
    },
    "parametersMetadata" : {
      "metadata" : { }
    },
    "hooks" : [ ]
  }, {
    "majorSchemaVersion" : 3,
    "name" : "incident-management-destinations",
    "type" : "com.sap.application.content",
    "properties" : { },
    "parameters" : {
      "content" : {
        "instance" : {
          "destinations" : [ {
            "Name" : "incident-management-html5-repository",
            "ServiceInstanceName" : "incident-management-html5-repo-host",
            "ServiceKeyName" : "********",
            "sap.cloud.service" : "incidentmanagement.service"
          }, {
            "Authentication" : "********",
            "Name" : "********",
            "ServiceInstanceName" : "********",
            "ServiceKeyName" : "********",
            "sap.cloud.service" : "incidentmanagement.service"
          } ],
          "existing_destinations_policy" : "update"
        }
      }
    },
    "requiredDependencies" : [ {
      "majorSchemaVersion" : 3,
      "name" : "********",
      "properties" : { },
      "parameters" : {
        "service-key" : "********"
      },
      "propertiesMetadata" : {
        "metadata" : { }
      },
      "parametersMetadata" : {
        "metadata" : { }
      }
    }, {
      "majorSchemaVersion" : 3,
      "name" : "incident-management-html5-repo-host",
      "properties" : { },
      "parameters" : {
        "service-key" : "********"
      },
      "propertiesMetadata" : {
        "metadata" : { }
      },
      "parametersMetadata" : {
        "metadata" : { }
      }
    }, {
      "majorSchemaVersion" : 3,
      "name" : "srv-api",
      "properties" : { },
      "parameters" : { },
      "propertiesMetadata" : {
        "metadata" : { }
      },
      "parametersMetadata" : {
        "metadata" : { }
      }
    }, {
      "majorSchemaVersion" : 3,
      "name" : "incident-management-destination",
      "properties" : { },
      "parameters" : {
        "content-target" : true
      },
      "propertiesMetadata" : {
        "metadata" : { }
      },
      "parametersMetadata" : {
        "metadata" : { }
      }
    } ],
    "providedDependencies" : [ {
      "majorSchemaVersion" : 3,
      "name" : "incident-management-destinations",
      "isPublic" : false,
      "properties" : { },
      "parameters" : { },
      "propertiesMetadata" : {
        "metadata" : { }
      },
      "parametersMetadata" : {
        "metadata" : { }
      }
    } ],
    "propertiesMetadata" : {
      "metadata" : { }
    },
    "parametersMetadata" : {
      "metadata" : { }
    },
    "hooks" : [ ]
  } ],
  "resources" : [ {
    "majorSchemaVersion" : 3,
    "name" : "********",
    "type" : "org.cloudfoundry.managed-service",
    "properties" : { },
    "parameters" : {
      "path" : "./xs-security.json",
      "service-plan" : "application",
      "type" : "managed-service",
      "config" : {
        "oauth2-configuration" : "********",
        "role-collections" : [ {
          "description" : "generated",
          "name" : "support (incident-management ${org}-${space})",
          "role-template-references" : [ "$XSAPPNAME.support" ]
        }, {
          "description" : "generated",
          "name" : "admin (incident-management ${org}-${space})",
          "role-template-references" : [ "$XSAPPNAME.admin" ]
        } ],
        "tenant-mode" : "dedicated",
        "xsappname" : "incident-management-${org}-${space}"
      },
      "service" : "xsuaa"
    },
    "isActive" : true,
    "isOptional" : false,
    "propertiesMetadata" : {
      "metadata" : { }
    },
    "parametersMetadata" : {
      "metadata" : { }
    },
    "requiredDependencies" : [ ],
    "processedAfter" : [ ]
  }, {
    "majorSchemaVersion" : 3,
    "name" : "incident-management-db",
    "type" : "com.sap.xs.hdi-container",
    "properties" : { },
    "parameters" : {
      "type" : "managed-service",
      "service" : "hana",
      "service-plan" : "hdi-shared"
    },
    "isActive" : true,
    "isOptional" : false,
    "propertiesMetadata" : {
      "metadata" : { }
    },
    "parametersMetadata" : {
      "metadata" : { }
    },
    "requiredDependencies" : [ ],
    "processedAfter" : [ ]
  }, {
    "majorSchemaVersion" : 3,
    "name" : "incident-management-destination",
    "type" : "org.cloudfoundry.managed-service",
    "properties" : { },
    "parameters" : {
      "HTML5Runtime_enabled" : true,
      "service-plan" : "lite",
      "type" : "managed-service",
      "init_data" : {
        "instance" : {
          "destinations" : [ {
            "Authentication" : "********",
            "DynamicDestination" : true,
            "ForwardAuthToken" : "********",
            "Name" : "srv-api",
            "ProxyType" : "Internet",
            "Type" : "HTTP",
            "URL" : "~{srv-api/srv-url}"
          } ],
          "existing_destinations_policy" : "update"
        }
      },
      "service" : "destination"
    },
    "isActive" : true,
    "isOptional" : false,
    "propertiesMetadata" : {
      "metadata" : { }
    },
    "parametersMetadata" : {
      "metadata" : { }
    },
    "requiredDependencies" : [ {
      "majorSchemaVersion" : 3,
      "name" : "srv-api",
      "properties" : { },
      "parameters" : { },
      "propertiesMetadata" : {
        "metadata" : { }
      },
      "parametersMetadata" : {
        "metadata" : { }
      }
    } ],
    "processedAfter" : [ ]
  }, {
    "majorSchemaVersion" : 3,
    "name" : "incident-management-html5-repo-host",
    "type" : "org.cloudfoundry.managed-service",
    "properties" : { },
    "parameters" : {
      "type" : "managed-service",
      "service" : "html5-apps-repo",
      "service-plan" : "app-host"
    },
    "isActive" : true,
    "isOptional" : false,
    "propertiesMetadata" : {
      "metadata" : { }
    },
    "parametersMetadata" : {
      "metadata" : { }
    },
    "requiredDependencies" : [ ],
    "processedAfter" : [ ]
  } ],
  "parameters" : {
    "enable-parallel-deployments" : true,
    "deploy_mode" : "html5-repo"
  },
  "parametersMetadata" : {
    "metadata" : { }
  }
}#
#2026 09 16 09:52:26.326#Z#WARN#52171575-b1b4-11f1-bf33-eeee0a8e3dbc.OPERATION#flowable-async-job-executor-thread-15140#
[MergeDescriptorsStep] Parameter(s) "{incident-management-destination=[HTML5Runtime_enabled, init_data]}" are not supported in the specified scope, or referenced by any other entities. These parameters are not processed and will be lost after the operation completes. Further usage of these parameters might lead to unexpected results. Use at your own risk.#
#2026 09 16 09:52:26.330#Z#DEBUG#52171575-b1b4-11f1-bf33-eeee0a8e3dbc.OPERATION#flowable-async-job-executor-thread-15140#
[MergeDescriptorsStep] Descriptors validated and merged#
#2026 09 16 09:52:26.330#Z#DEBUG#52171575-b1b4-11f1-bf33-eeee0a8e3dbc.OPERATION#flowable-async-job-executor-thread-15140#
Step "Merge Descriptors" finished#
#2026 09 16 09:52:26.364#Z#DEBUG#52171575-b1b4-11f1-bf33-eeee0a8e3dbc.OPERATION#flowable-async-job-executor-thread-15141#
[CollectCloudLoggingServiceParametersStep] Executing task "sid-9C5714DF-CEC8-4019-8873-CBBA99AC459A" of process "5217159b-b1b4-11f1-bf33-eeee0a8e3dbc"...#
#2026 09 16 09:52:26.368#Z#DEBUG#52171575-b1b4-11f1-bf33-eeee0a8e3dbc.OPERATION#flowable-async-job-executor-thread-15141#
Step "Collect Cloud Logging Service Parameters" finished#
#2026 09 16 09:52:26.395#Z#DEBUG#52171575-b1b4-11f1-bf33-eeee0a8e3dbc.OPERATION#flowable-async-job-executor-thread-15142#
[DetectDeployedMtaStep] Executing task "detectDeployedMtaTask" of process "5217159b-b1b4-11f1-bf33-eeee0a8e3dbc"...#
#2026 09 16 09:52:26.396#Z#DEBUG#52171575-b1b4-11f1-bf33-eeee0a8e3dbc.OPERATION#flowable-async-job-executor-thread-15142#
[DetectDeployedMtaStep] Detecting deployed MTA...#
#2026 09 16 09:52:26.454#Z#DEBUG#52171575-b1b4-11f1-bf33-eeee0a8e3dbc.OPERATION#flowable-async-job-executor-thread-15142#
[DetectDeployedMtaStep] Detecting MTA by id incident-management and namespace null#
#2026 09 16 09:52:26.454#Z#DEBUG#52171575-b1b4-11f1-bf33-eeee0a8e3dbc.OPERATION#flowable-async-job-executor-thread-15142#
[DetectDeployedMtaStep] Getting applications by metadata label selector "mta_id=65411f2f607a75efbe525f81cfecafad,!mta_namespace"...#
#2026 09 16 09:52:26.489#Z#DEBUG#52171575-b1b4-11f1-bf33-eeee0a8e3dbc.OPERATION#flowable-async-job-executor-thread-15142#
[DetectDeployedMtaStep] Getting service instances by metadata label selector "mta_id=65411f2f607a75efbe525f81cfecafad,!mta_namespace"...#
#2026 09 16 09:52:26.513#Z#INFO#52171575-b1b4-11f1-bf33-eeee0a8e3dbc.OPERATION#flowable-async-job-executor-thread-15142#
[DetectDeployedMtaStep] No deployed MTA detected - this is initial deployment of MTA with ID "incident-management"#
#2026 09 16 09:52:26.517#Z#DEBUG#52171575-b1b4-11f1-bf33-eeee0a8e3dbc.OPERATION#flowable-async-job-executor-thread-15142#
[DetectDeployedMtaStep] Detecting backup mta by id "incident-management" and namespace "null"#
#2026 09 16 09:52:26.518#Z#DEBUG#52171575-b1b4-11f1-bf33-eeee0a8e3dbc.OPERATION#flowable-async-job-executor-thread-15142#
[DetectDeployedMtaStep] Getting applications by metadata label selector "mta_id=65411f2f607a75efbe525f81cfecafad,mta_namespace=b698114a0995e936895b9598a6c19a2c"...#
#2026 09 16 09:52:26.544#Z#DEBUG#52171575-b1b4-11f1-bf33-eeee0a8e3dbc.OPERATION#flowable-async-job-executor-thread-15142#
[DetectDeployedMtaStep] Getting service instances by metadata label selector "mta_id=65411f2f607a75efbe525f81cfecafad,mta_namespace=b698114a0995e936895b9598a6c19a2c"...#
#2026 09 16 09:52:26.574#Z#DEBUG#52171575-b1b4-11f1-bf33-eeee0a8e3dbc.OPERATION#flowable-async-job-executor-thread-15142#
[DetectDeployedMtaStep] Deployed MTA service keys: [ ]#
#2026 09 16 09:52:26.574#Z#DEBUG#52171575-b1b4-11f1-bf33-eeee0a8e3dbc.OPERATION#flowable-async-job-executor-thread-15142#
Step "Detect Deployed MTA" finished#
#2026 09 16 09:52:26.607#Z#DEBUG#52171575-b1b4-11f1-bf33-eeee0a8e3dbc.OPERATION#flowable-async-job-executor-thread-15142#
[XS2CollectSystemParametersStep] Executing task "collectSystemParametersTask" of process "5217159b-b1b4-11f1-bf33-eeee0a8e3dbc"...#
#2026 09 16 09:52:26.608#Z#DEBUG#52171575-b1b4-11f1-bf33-eeee0a8e3dbc.OPERATION#flowable-async-job-executor-thread-15142#
[XS2CollectSystemParametersStep] Collecting system parameters...#
#2026 09 16 09:52:26.608#Z#DEBUG#52171575-b1b4-11f1-bf33-eeee0a8e3dbc.OPERATION#flowable-async-job-executor-thread-15142#
[XS2CollectSystemParametersStep] Getting default domain...#
#2026 09 16 09:52:26.634#Z#DEBUG#52171575-b1b4-11f1-bf33-eeee0a8e3dbc.OPERATION#flowable-async-job-executor-thread-15142#
[XS2CollectSystemParametersStep] Default domain: cfapps.us10-001.hana.ondemand.com#
#2026 09 16 09:52:26.635#Z#DEBUG#52171575-b1b4-11f1-bf33-eeee0a8e3dbc.OPERATION#flowable-async-job-executor-thread-15142#
[XS2CollectSystemParametersStep] Checking for overwriting read-only parameters for mta with id: "incident-management"#
#2026 09 16 09:52:26.635#Z#DEBUG#52171575-b1b4-11f1-bf33-eeee0a8e3dbc.OPERATION#flowable-async-job-executor-thread-15142#
[XS2CollectSystemParametersStep] No read-only parameters are overwritten#
#2026 09 16 09:52:26.649#Z#DEBUG#52171575-b1b4-11f1-bf33-eeee0a8e3dbc.OPERATION#flowable-async-job-executor-thread-15142#
[XS2CollectSystemParametersStep] Descriptor with system parameters: {
  "majorSchemaVersion" : 3,
  "schemaVersion" : "3.3.0",
  "id" : "incident-management",
  "version" : "1.0.0",
  "modules" : [ {
    "majorSchemaVersion" : 3,
    "name" : "incident-management-srv",
    "type" : "javascript.nodejs",
    "path" : "incident-management-srv",
    "properties" : { },
    "parameters" : {
      "default-url" : "${protocol}://${default-uri}",
      "default-app-name" : "incident-management-srv",
      "generated-password" : "********",
      "default-live-url" : "${protocol}://${default-live-uri}",
      "default-uri" : "${host}.${domain}",
      "default-instances" : 1,
      "default-live-host" : "f6fb8b98trial-dev-incident-management-srv",
      "instances" : 1,
      "buildpack" : "nodejs_buildpack",
      "default-host" : "f6fb8b98trial-dev-incident-management-srv",
      "app-name" : "${default-app-name}",
      "default-live-uri" : "f6fb8b98trial-dev-incident-management-srv.${domain}",
      "protocol" : "https",
      "default-live-app-name" : "incident-management-srv",
      "default-live-domain" : "cfapps.us10-001.hana.ondemand.com",
      "domain" : "${default-domain}",
      "host" : "${default-host}",
      "generated-user" : "********"
    },
    "requiredDependencies" : [ {
      "majorSchemaVersion" : 3,
      "name" : "********",
      "properties" : { },
      "parameters" : { },
      "propertiesMetadata" : {
        "metadata" : { }
      },
      "parametersMetadata" : {
        "metadata" : { }
      }
    }, {
      "majorSchemaVersion" : 3,
      "name" : "incident-management-db",
      "properties" : { },
      "parameters" : { },
      "propertiesMetadata" : {
        "metadata" : { }
      },
      "parametersMetadata" : {
        "metadata" : { }
      }
    }, {
      "majorSchemaVersion" : 3,
      "name" : "incident-management-destination",
      "properties" : { },
      "parameters" : { },
      "propertiesMetadata" : {
        "metadata" : { }
      },
      "parametersMetadata" : {
        "metadata" : { }
      }
    } ],
    "providedDependencies" : [ {
      "majorSchemaVersion" : 3,
      "name" : "srv-api",
      "isPublic" : false,
      "properties" : {
        "srv-url" : "${default-url}"
      },
      "parameters" : { },
      "propertiesMetadata" : {
        "metadata" : { }
      },
      "parametersMetadata" : {
        "metadata" : { }
      }
    }, {
      "majorSchemaVersion" : 3,
      "name" : "incident-management-srv",
      "isPublic" : false,
      "properties" : { },
      "parameters" : { },
      "propertiesMetadata" : {
        "metadata" : { }
      },
      "parametersMetadata" : {
        "metadata" : { }
      }
    } ],
    "propertiesMetadata" : {
      "metadata" : { }
    },
    "parametersMetadata" : {
      "metadata" : { }
    },
    "hooks" : [ ]
  }, {
    "majorSchemaVersion" : 3,
    "name" : "incident-management-db-deployer",
    "type" : "com.sap.xs.hdi",
    "path" : "incident-management-db-deployer",
    "properties" : {
      "EXIT" : 1
    },
    "parameters" : {
      "default-url" : "${protocol}://${default-uri}",
      "default-app-name" : "incident-management-db-deployer",
      "generated-password" : "********",
      "default-live-url" : "${protocol}://${default-live-uri}",
      "default-uri" : "${host}.${domain}",
      "memory" : "256M",
      "default-instances" : 1,
      "no-route" : true,
      "default-live-host" : "f6fb8b98trial-dev-incident-management-db-deployer",
      "instances" : "${default-instances}",
      "buildpack" : "nodejs_buildpack",
      "default-host" : "f6fb8b98trial-dev-incident-management-db-deployer",
      "app-name" : "${default-app-name}",
      "default-live-uri" : "f6fb8b98trial-dev-incident-management-db-deployer.${domain}",
      "protocol" : "https",
      "default-live-app-name" : "incident-management-db-deployer",
      "default-live-domain" : "cfapps.us10-001.hana.ondemand.com",
      "dependency-type" : "hard",
      "domain" : "${default-domain}",
      "host" : "${default-host}",
      "generated-user" : "********",
      "tasks" : [ {
        "name" : "deploy",
        "memory" : "256M",
        "command" : "npm start"
      } ],
      "no-start" : true
    },
    "requiredDependencies" : [ {
      "majorSchemaVersion" : 3,
      "name" : "incident-management-db",
      "properties" : { },
      "parameters" : { },
      "propertiesMetadata" : {
        "metadata" : { }
      },
      "parametersMetadata" : {
        "metadata" : { }
      }
    } ],
    "providedDependencies" : [ {
      "majorSchemaVersion" : 3,
      "name" : "incident-management-db-deployer",
      "isPublic" : false,
      "properties" : { },
      "parameters" : { },
      "propertiesMetadata" : {
        "metadata" : { }
      },
      "parametersMetadata" : {
        "metadata" : { }
      }
    } ],
    "propertiesMetadata" : {
      "metadata" : { }
    },
    "parametersMetadata" : {
      "metadata" : { }
    },
    "hooks" : [ ]
  }, {
    "majorSchemaVersion" : 3,
    "name" : "incident-management-app-deployer",
    "type" : "com.sap.application.content",
    "path" : "incident-management-app-deployer",
    "properties" : { },
    "parameters" : {
      "default-url" : "${protocol}://${default-uri}",
      "default-app-name" : "incident-management-app-deployer",
      "generated-password" : "********",
      "default-live-url" : "${protocol}://${default-live-uri}",
      "default-uri" : "${host}.${domain}",
      "default-instances" : 1,
      "default-live-host" : "f6fb8b98trial-dev-incident-management-app-deployer",
      "instances" : "${default-instances}",
      "default-host" : "f6fb8b98trial-dev-incident-management-app-deployer",
      "app-name" : "${default-app-name}",
      "default-live-uri" : "f6fb8b98trial-dev-incident-management-app-deployer.${domain}",
      "protocol" : "https",
      "default-live-app-name" : "incident-management-app-deployer",
      "default-live-domain" : "cfapps.us10-001.hana.ondemand.com",
      "domain" : "${default-domain}",
      "host" : "${default-host}",
      "generated-user" : "********",
      "config" : {
        "destinations" : [ {
          "Authentication" : "********",
          "DynamicDestination" : true,
          "ForwardAuthToken" : "********",
          "Name" : "srv-api",
          "ProxyType" : "Internet",
          "Type" : "HTTP",
          "URL" : "~{srv-api/srv-url}"
        } ]
      }
    },
    "requiredDependencies" : [ {
      "majorSchemaVersion" : 3,
      "name" : "********",
      "properties" : { },
      "parameters" : { },
      "propertiesMetadata" : {
        "metadata" : { }
      },
      "parametersMetadata" : {
        "metadata" : { }
      }
    }, {
      "majorSchemaVersion" : 3,
      "name" : "srv-api",
      "properties" : { },
      "parameters" : { },
      "propertiesMetadata" : {
        "metadata" : { }
      },
      "parametersMetadata" : {
        "metadata" : { }
      }
    }, {
      "majorSchemaVersion" : 3,
      "name" : "incident-management-html5-repo-host",
      "properties" : { },
      "parameters" : {
        "config" : {
          "HTML5Runtime_enabled" : true
        },
        "content-target" : true
      },
      "propertiesMetadata" : {
        "metadata" : { }
      },
      "parametersMetadata" : {
        "metadata" : { }
      }
    } ],
    "providedDependencies" : [ {
      "majorSchemaVersion" : 3,
      "name" : "incident-management-app-deployer",
      "isPublic" : false,
      "properties" : { },
      "parameters" : { },
      "propertiesMetadata" : {
        "metadata" : { }
      },
      "parametersMetadata" : {
        "metadata" : { }
      }
    } ],
    "propertiesMetadata" : {
      "metadata" : { }
    },
    "parametersMetadata" : {
      "metadata" : { }
    },
    "hooks" : [ ]
  }, {
    "majorSchemaVersion" : 3,
    "name" : "incident-management-destinations",
    "type" : "com.sap.application.content",
    "properties" : { },
    "parameters" : {
      "default-url" : "${protocol}://${default-uri}",
      "default-app-name" : "incident-management-destinations",
      "generated-password" : "********",
      "default-live-url" : "${protocol}://${default-live-uri}",
      "default-uri" : "${host}.${domain}",
      "default-instances" : 1,
      "default-live-host" : "f6fb8b98trial-dev-incident-management-destinations",
      "instances" : "${default-instances}",
      "default-host" : "f6fb8b98trial-dev-incident-management-destinations",
      "content" : {
        "instance" : {
          "destinations" : [ {
            "Name" : "incident-management-html5-repository",
            "ServiceInstanceName" : "incident-management-html5-repo-host",
            "ServiceKeyName" : "********",
            "sap.cloud.service" : "incidentmanagement.service"
          }, {
            "Authentication" : "********",
            "Name" : "********",
            "ServiceInstanceName" : "********",
            "ServiceKeyName" : "********",
            "sap.cloud.service" : "incidentmanagement.service"
          } ],
          "existing_destinations_policy" : "update"
        }
      },
      "app-name" : "${default-app-name}",
      "default-live-uri" : "f6fb8b98trial-dev-incident-management-destinations.${domain}",
      "protocol" : "https",
      "default-live-app-name" : "incident-management-destinations",
      "default-live-domain" : "cfapps.us10-001.hana.ondemand.com",
      "domain" : "${default-domain}",
      "host" : "${default-host}",
      "generated-user" : "********"
    },
    "requiredDependencies" : [ {
      "majorSchemaVersion" : 3,
      "name" : "********",
      "properties" : { },
      "parameters" : {
        "service-key" : "********"
      },
      "propertiesMetadata" : {
        "metadata" : { }
      },
      "parametersMetadata" : {
        "metadata" : { }
      }
    }, {
      "majorSchemaVersion" : 3,
      "name" : "incident-management-html5-repo-host",
      "properties" : { },
      "parameters" : {
        "service-key" : "********"
      },
      "propertiesMetadata" : {
        "metadata" : { }
      },
      "parametersMetadata" : {
        "metadata" : { }
      }
    }, {
      "majorSchemaVersion" : 3,
      "name" : "srv-api",
      "properties" : { },
      "parameters" : { },
      "propertiesMetadata" : {
        "metadata" : { }
      },
      "parametersMetadata" : {
        "metadata" : { }
      }
    }, {
      "majorSchemaVersion" : 3,
      "name" : "incident-management-destination",
      "properties" : { },
      "parameters" : {
        "content-target" : true
      },
      "propertiesMetadata" : {
        "metadata" : { }
      },
      "parametersMetadata" : {
        "metadata" : { }
      }
    } ],
    "providedDependencies" : [ {
      "majorSchemaVersion" : 3,
      "name" : "incident-management-destinations",
      "isPublic" : false,
      "properties" : { },
      "parameters" : { },
      "propertiesMetadata" : {
        "metadata" : { }
      },
      "parametersMetadata" : {
        "metadata" : { }
      }
    } ],
    "propertiesMetadata" : {
      "metadata" : { }
    },
    "parametersMetadata" : {
      "metadata" : { }
    },
    "hooks" : [ ]
  } ],
  "resources" : [ {
    "majorSchemaVersion" : 3,
    "name" : "********",
    "type" : "org.cloudfoundry.managed-service",
    "properties" : { },
    "parameters" : {
      "generated-password" : "********",
      "path" : "./xs-security.json",
      "service-name" : "${default-service-name}",
      "service-plan" : "application",
      "service" : "xsuaa",
      "generated-user" : "********",
      "default-xsappname" : "********",
      "type" : "managed-service",
      "config" : {
        "oauth2-configuration" : "********",
        "role-collections" : [ {
          "description" : "generated",
          "name" : "support (incident-management ${org}-${space})",
          "role-template-references" : [ "$XSAPPNAME.support" ]
        }, {
          "description" : "generated",
          "name" : "admin (incident-management ${org}-${space})",
          "role-template-references" : [ "$XSAPPNAME.admin" ]
        } ],
        "tenant-mode" : "dedicated",
        "xsappname" : "incident-management-${org}-${space}"
      },
      "default-service-name" : "********",
      "default-container-name" : "********"
    },
    "isActive" : true,
    "isOptional" : false,
    "propertiesMetadata" : {
      "metadata" : { }
    },
    "parametersMetadata" : {
      "metadata" : { }
    },
    "requiredDependencies" : [ ],
    "processedAfter" : [ ]
  }, {
    "majorSchemaVersion" : 3,
    "name" : "incident-management-db",
    "type" : "com.sap.xs.hdi-container",
    "properties" : { },
    "parameters" : {
      "generated-password" : "********",
      "service-name" : "${default-service-name}",
      "service-plan" : "hdi-shared",
      "service" : "hana",
      "generated-user" : "********",
      "default-xsappname" : "incident-management-db",
      "type" : "managed-service",
      "default-service-name" : "incident-management-db",
      "default-container-name" : "F6FB8B98TRIAL_DEV_INCIDENT_MANAGEMENT_DB"
    },
    "isActive" : true,
    "isOptional" : false,
    "propertiesMetadata" : {
      "metadata" : { }
    },
    "parametersMetadata" : {
      "metadata" : { }
    },
    "requiredDependencies" : [ ],
    "processedAfter" : [ ]
  }, {
    "majorSchemaVersion" : 3,
    "name" : "incident-management-destination",
    "type" : "org.cloudfoundry.managed-service",
    "properties" : { },
    "parameters" : {
      "HTML5Runtime_enabled" : true,
      "generated-password" : "********",
      "service-name" : "${default-service-name}",
      "service-plan" : "lite",
      "init_data" : {
        "instance" : {
          "destinations" : [ {
            "Authentication" : "********",
            "DynamicDestination" : true,
            "ForwardAuthToken" : "********",
            "Name" : "srv-api",
            "ProxyType" : "Internet",
            "Type" : "HTTP",
            "URL" : "~{srv-api/srv-url}"
          } ],
          "existing_destinations_policy" : "update"
        }
      },
      "service" : "destination",
      "generated-user" : "********",
      "default-xsappname" : "incident-management-destination",
      "type" : "managed-service",
      "default-service-name" : "incident-management-destination",
      "default-container-name" : "F6FB8B98TRIAL_DEV_INCIDENT_MANAGEMENT_DESTINATION"
    },
    "isActive" : true,
    "isOptional" : false,
    "propertiesMetadata" : {
      "metadata" : { }
    },
    "parametersMetadata" : {
      "metadata" : { }
    },
    "requiredDependencies" : [ {
      "majorSchemaVersion" : 3,
      "name" : "srv-api",
      "properties" : { },
      "parameters" : { },
      "propertiesMetadata" : {
        "metadata" : { }
      },
      "parametersMetadata" : {
        "metadata" : { }
      }
    } ],
    "processedAfter" : [ ]
  }, {
    "majorSchemaVersion" : 3,
    "name" : "incident-management-html5-repo-host",
    "type" : "org.cloudfoundry.managed-service",
    "properties" : { },
    "parameters" : {
      "generated-password" : "********",
      "service-name" : "${default-service-name}",
      "service-plan" : "app-host",
      "service" : "html5-apps-repo",
      "generated-user" : "********",
      "default-xsappname" : "incident-management-html5-repo-host",
      "type" : "managed-service",
      "default-service-name" : "incident-management-html5-repo-host",
      "default-container-name" : "F6FB8B98TRIAL_DEV_INCIDENT_MANAGEMENT_HTML5_REPO_HOST"
    },
    "isActive" : true,
    "isOptional" : false,
    "propertiesMetadata" : {
      "metadata" : { }
    },
    "parametersMetadata" : {
      "metadata" : { }
    },
    "requiredDependencies" : [ ],
    "processedAfter" : [ ]
  } ],
  "parameters" : {
    "deploy_mode" : "html5-repo",
    "mta-id" : "incident-management",
    "authorization-url" : "********",
    "org-guid" : "51770469-196a-4637-af29-36b1d314a5fa",
    "org" : "f6fb8b98trial",
    "deploy-target" : "f6fb8b98trial dev",
    "enable-parallel-deployments" : true,
    "space" : "dev",
    "xs-api-url" : "https://api.cf.us10-001.hana.ondemand.com",
    "deploy-url" : "deploy-service.cfapps.us10-001.hana.ondemand.com",
    "xs-type" : "CF",
    "default-domain" : "cfapps.us10-001.hana.ondemand.com",
    "mta-version" : "1.0.0",
    "xs-auth-url" : "********",
    "space-guid" : "d54729ef-3276-4aae-bbf1-9ffea9c4a940",
    "user" : "********",
    "controller-url" : "https://api.cf.us10-001.hana.ondemand.com",
    "timestamp" : "20260916095225"
  },
  "parametersMetadata" : {
    "metadata" : { }
  }
}#
#2026 09 16 09:52:26.649#Z#DEBUG#52171575-b1b4-11f1-bf33-eeee0a8e3dbc.OPERATION#flowable-async-job-executor-thread-15142#
[XS2CollectSystemParametersStep] Version rule: SAME_HIGHER#
#2026 09 16 09:52:26.649#Z#INFO#52171575-b1b4-11f1-bf33-eeee0a8e3dbc.OPERATION#flowable-async-job-executor-thread-15142#
[XS2CollectSystemParametersStep] Detected new MTA version: "1.0.0"#
#2026 09 16 09:52:26.654#Z#DEBUG#52171575-b1b4-11f1-bf33-eeee0a8e3dbc.OPERATION#flowable-async-job-executor-thread-15142#
[XS2CollectSystemParametersStep] MTA accepted for deployment#
#2026 09 16 09:52:26.654#Z#DEBUG#52171575-b1b4-11f1-bf33-eeee0a8e3dbc.OPERATION#flowable-async-job-executor-thread-15142#
[XS2CollectSystemParametersStep] System parameters collected#
#2026 09 16 09:52:26.654#Z#DEBUG#52171575-b1b4-11f1-bf33-eeee0a8e3dbc.OPERATION#flowable-async-job-executor-thread-15142#
Step "Collect System Parameters" finished#
#2026 09 16 09:52:26.686#Z#DEBUG#52171575-b1b4-11f1-bf33-eeee0a8e3dbc.OPERATION#flowable-async-job-executor-thread-15136#
[ProcessDescriptorStep] Executing task "processDescriptorTask" of process "5217159b-b1b4-11f1-bf33-eeee0a8e3dbc"...#
#2026 09 16 09:52:26.687#Z#DEBUG#52171575-b1b4-11f1-bf33-eeee0a8e3dbc.OPERATION#flowable-async-job-executor-thread-15136#
[ProcessDescriptorStep] Resolving properties and parameters in merged descriptor...#
#2026 09 16 09:52:26.691#Z#DEBUG#52171575-b1b4-11f1-bf33-eeee0a8e3dbc.OPERATION#flowable-async-job-executor-thread-15136#
[ProcessDescriptorStep] Subscriptions: [ ]#
#2026 09 16 09:52:26.691#Z#DEBUG#52171575-b1b4-11f1-bf33-eeee0a8e3dbc.OPERATION#flowable-async-job-executor-thread-15136#
[ProcessDescriptorStep] MTA modules: [incident-management-app-deployer, incident-management-db-deployer, incident-management-srv, incident-management-destinations]#
#2026 09 16 09:52:26.692#Z#DEBUG#52171575-b1b4-11f1-bf33-eeee0a8e3dbc.OPERATION#flowable-async-job-executor-thread-15136#
[ProcessDescriptorStep] Resolved deployment descriptor: {
  "majorSchemaVersion" : 3,
  "schemaVersion" : "3.3.0",
  "id" : "incident-management",
  "version" : "1.0.0",
  "modules" : [ {
    "majorSchemaVersion" : 3,
    "name" : "incident-management-srv",
    "type" : "javascript.nodejs",
    "path" : "incident-management-srv",
    "properties" : { },
    "parameters" : {
      "default-url" : "https://f6fb8b98trial-dev-incident-management-srv.cfapps.us10-001.hana.ondemand.com",
      "default-app-name" : "incident-management-srv",
      "generated-password" : "********",
      "default-live-url" : "https://f6fb8b98trial-dev-incident-management-srv.cfapps.us10-001.hana.ondemand.com",
      "default-uri" : "f6fb8b98trial-dev-incident-management-srv.cfapps.us10-001.hana.ondemand.com",
      "default-instances" : 1,
      "default-live-host" : "f6fb8b98trial-dev-incident-management-srv",
      "instances" : 1,
      "buildpack" : "nodejs_buildpack",
      "default-host" : "f6fb8b98trial-dev-incident-management-srv",
      "app-name" : "incident-management-srv",
      "default-live-uri" : "f6fb8b98trial-dev-incident-management-srv.cfapps.us10-001.hana.ondemand.com",
      "protocol" : "https",
      "default-live-app-name" : "incident-management-srv",
      "default-live-domain" : "cfapps.us10-001.hana.ondemand.com",
      "domain" : "cfapps.us10-001.hana.ondemand.com",
      "host" : "f6fb8b98trial-dev-incident-management-srv",
      "generated-user" : "********"
    },
    "requiredDependencies" : [ {
      "majorSchemaVersion" : 3,
      "name" : "********",
      "properties" : { },
      "parameters" : { },
      "propertiesMetadata" : {
        "metadata" : { }
      },
      "parametersMetadata" : {
        "metadata" : { }
      }
    }, {
      "majorSchemaVersion" : 3,
      "name" : "incident-management-db",
      "properties" : { },
      "parameters" : { },
      "propertiesMetadata" : {
        "metadata" : { }
      },
      "parametersMetadata" : {
        "metadata" : { }
      }
    }, {
      "majorSchemaVersion" : 3,
      "name" : "incident-management-destination",
      "properties" : { },
      "parameters" : { },
      "propertiesMetadata" : {
        "metadata" : { }
      },
      "parametersMetadata" : {
        "metadata" : { }
      }
    } ],
    "providedDependencies" : [ {
      "majorSchemaVersion" : 3,
      "name" : "srv-api",
      "isPublic" : false,
      "properties" : {
        "srv-url" : "https://f6fb8b98trial-dev-incident-management-srv.cfapps.us10-001.hana.ondemand.com"
      },
      "parameters" : { },
      "propertiesMetadata" : {
        "metadata" : { }
      },
      "parametersMetadata" : {
        "metadata" : { }
      }
    }, {
      "majorSchemaVersion" : 3,
      "name" : "incident-management-srv",
      "isPublic" : false,
      "properties" : { },
      "parameters" : { },
      "propertiesMetadata" : {
        "metadata" : { }
      },
      "parametersMetadata" : {
        "metadata" : { }
      }
    } ],
    "propertiesMetadata" : {
      "metadata" : { }
    },
    "parametersMetadata" : {
      "metadata" : { }
    },
    "hooks" : [ ]
  }, {
    "majorSchemaVersion" : 3,
    "name" : "incident-management-db-deployer",
    "type" : "com.sap.xs.hdi",
    "path" : "incident-management-db-deployer",
    "properties" : {
      "EXIT" : 1
    },
    "parameters" : {
      "default-url" : "https://f6fb8b98trial-dev-incident-management-db-deployer.cfapps.us10-001.hana.ondemand.com",
      "default-app-name" : "incident-management-db-deployer",
      "generated-password" : "********",
      "default-live-url" : "https://f6fb8b98trial-dev-incident-management-db-deployer.cfapps.us10-001.hana.ondemand.com",
      "default-uri" : "f6fb8b98trial-dev-incident-management-db-deployer.cfapps.us10-001.hana.ondemand.com",
      "memory" : "256M",
      "default-instances" : 1,
      "no-route" : true,
      "default-live-host" : "f6fb8b98trial-dev-incident-management-db-deployer",
      "instances" : 1,
      "buildpack" : "nodejs_buildpack",
      "default-host" : "f6fb8b98trial-dev-incident-management-db-deployer",
      "app-name" : "incident-management-db-deployer",
      "default-live-uri" : "f6fb8b98trial-dev-incident-management-db-deployer.cfapps.us10-001.hana.ondemand.com",
      "protocol" : "https",
      "default-live-app-name" : "incident-management-db-deployer",
      "default-live-domain" : "cfapps.us10-001.hana.ondemand.com",
      "dependency-type" : "hard",
      "domain" : "cfapps.us10-001.hana.ondemand.com",
      "host" : "f6fb8b98trial-dev-incident-management-db-deployer",
      "generated-user" : "********",
      "tasks" : [ {
        "command" : "npm start",
        "memory" : "256M",
        "name" : "deploy"
      } ],
      "no-start" : true
    },
    "requiredDependencies" : [ {
      "majorSchemaVersion" : 3,
      "name" : "incident-management-db",
      "properties" : { },
      "parameters" : { },
      "propertiesMetadata" : {
        "metadata" : { }
      },
      "parametersMetadata" : {
        "metadata" : { }
      }
    } ],
    "providedDependencies" : [ {
      "majorSchemaVersion" : 3,
      "name" : "incident-management-db-deployer",
      "isPublic" : false,
      "properties" : { },
      "parameters" : { },
      "propertiesMetadata" : {
        "metadata" : { }
      },
      "parametersMetadata" : {
        "metadata" : { }
      }
    } ],
    "propertiesMetadata" : {
      "metadata" : { }
    },
    "parametersMetadata" : {
      "metadata" : { }
    },
    "hooks" : [ ]
  }, {
    "majorSchemaVersion" : 3,
    "name" : "incident-management-app-deployer",
    "type" : "com.sap.application.content",
    "path" : "incident-management-app-deployer",
    "properties" : { },
    "parameters" : {
      "default-url" : "https://f6fb8b98trial-dev-incident-management-app-deployer.cfapps.us10-001.hana.ondemand.com",
      "default-app-name" : "incident-management-app-deployer",
      "generated-password" : "********",
      "default-live-url" : "https://f6fb8b98trial-dev-incident-management-app-deployer.cfapps.us10-001.hana.ondemand.com",
      "default-uri" : "f6fb8b98trial-dev-incident-management-app-deployer.cfapps.us10-001.hana.ondemand.com",
      "default-instances" : 1,
      "default-live-host" : "f6fb8b98trial-dev-incident-management-app-deployer",
      "instances" : 1,
      "default-host" : "f6fb8b98trial-dev-incident-management-app-deployer",
      "app-name" : "incident-management-app-deployer",
      "default-live-uri" : "f6fb8b98trial-dev-incident-management-app-deployer.cfapps.us10-001.hana.ondemand.com",
      "protocol" : "https",
      "default-live-app-name" : "incident-management-app-deployer",
      "default-live-domain" : "cfapps.us10-001.hana.ondemand.com",
      "domain" : "cfapps.us10-001.hana.ondemand.com",
      "host" : "f6fb8b98trial-dev-incident-management-app-deployer",
      "generated-user" : "********",
      "config" : {
        "destinations" : [ {
          "Authentication" : "********",
          "DynamicDestination" : true,
          "ForwardAuthToken" : "********",
          "Name" : "srv-api",
          "ProxyType" : "Internet",
          "Type" : "HTTP",
          "URL" : "https://f6fb8b98trial-dev-incident-management-srv.cfapps.us10-001.hana.ondemand.com"
        } ]
      }
    },
    "requiredDependencies" : [ {
      "majorSchemaVersion" : 3,
      "name" : "********",
      "properties" : { },
      "parameters" : { },
      "propertiesMetadata" : {
        "metadata" : { }
      },
      "parametersMetadata" : {
        "metadata" : { }
      }
    }, {
      "majorSchemaVersion" : 3,
      "name" : "srv-api",
      "properties" : { },
      "parameters" : { },
      "propertiesMetadata" : {
        "metadata" : { }
      },
      "parametersMetadata" : {
        "metadata" : { }
      }
    }, {
      "majorSchemaVersion" : 3,
      "name" : "incident-management-html5-repo-host",
      "properties" : { },
      "parameters" : {
        "config" : {
          "HTML5Runtime_enabled" : true
        },
        "content-target" : true
      },
      "propertiesMetadata" : {
        "metadata" : { }
      },
      "parametersMetadata" : {
        "metadata" : { }
      }
    } ],
    "providedDependencies" : [ {
      "majorSchemaVersion" : 3,
      "name" : "incident-management-app-deployer",
      "isPublic" : false,
      "properties" : { },
      "parameters" : { },
      "propertiesMetadata" : {
        "metadata" : { }
      },
      "parametersMetadata" : {
        "metadata" : { }
      }
    } ],
    "propertiesMetadata" : {
      "metadata" : { }
    },
    "parametersMetadata" : {
      "metadata" : { }
    },
    "hooks" : [ ]
  }, {
    "majorSchemaVersion" : 3,
    "name" : "incident-management-destinations",
    "type" : "com.sap.application.content",
    "properties" : { },
    "parameters" : {
      "default-url" : "https://f6fb8b98trial-dev-incident-management-destinations.cfapps.us10-001.hana.ondemand.com",
      "default-app-name" : "incident-management-destinations",
      "generated-password" : "********",
      "default-live-url" : "https://f6fb8b98trial-dev-incident-management-destinations.cfapps.us10-001.hana.ondemand.com",
      "default-uri" : "f6fb8b98trial-dev-incident-management-destinations.cfapps.us10-001.hana.ondemand.com",
      "default-instances" : 1,
      "default-live-host" : "f6fb8b98trial-dev-incident-management-destinations",
      "instances" : 1,
      "default-host" : "f6fb8b98trial-dev-incident-management-destinations",
      "content" : {
        "instance" : {
          "destinations" : [ {
            "Name" : "incident-management-html5-repository",
            "ServiceInstanceName" : "incident-management-html5-repo-host",
            "ServiceKeyName" : "********",
            "sap.cloud.service" : "incidentmanagement.service"
          }, {
            "Authentication" : "********",
            "Name" : "********",
            "ServiceInstanceName" : "********",
            "ServiceKeyName" : "********",
            "sap.cloud.service" : "incidentmanagement.service"
          } ],
          "existing_destinations_policy" : "update"
        }
      },
      "app-name" : "incident-management-destinations",
      "default-live-uri" : "f6fb8b98trial-dev-incident-management-destinations.cfapps.us10-001.hana.ondemand.com",
      "protocol" : "https",
      "default-live-app-name" : "incident-management-destinations",
      "default-live-domain" : "cfapps.us10-001.hana.ondemand.com",
      "domain" : "cfapps.us10-001.hana.ondemand.com",
      "host" : "f6fb8b98trial-dev-incident-management-destinations",
      "generated-user" : "********"
    },
    "requiredDependencies" : [ {
      "majorSchemaVersion" : 3,
      "name" : "********",
      "properties" : { },
      "parameters" : {
        "service-key" : "********"
      },
      "propertiesMetadata" : {
        "metadata" : { }
      },
      "parametersMetadata" : {
        "metadata" : { }
      }
    }, {
      "majorSchemaVersion" : 3,
      "name" : "incident-management-html5-repo-host",
      "properties" : { },
      "parameters" : {
        "service-key" : "********"
      },
      "propertiesMetadata" : {
        "metadata" : { }
      },
      "parametersMetadata" : {
        "metadata" : { }
      }
    }, {
      "majorSchemaVersion" : 3,
      "name" : "srv-api",
      "properties" : { },
      "parameters" : { },
      "propertiesMetadata" : {
        "metadata" : { }
      },
      "parametersMetadata" : {
        "metadata" : { }
      }
    }, {
      "majorSchemaVersion" : 3,
      "name" : "incident-management-destination",
      "properties" : { },
      "parameters" : {
        "content-target" : true
      },
      "propertiesMetadata" : {
        "metadata" : { }
      },
      "parametersMetadata" : {
        "metadata" : { }
      }
    } ],
    "providedDependencies" : [ {
      "majorSchemaVersion" : 3,
      "name" : "incident-management-destinations",
      "isPublic" : false,
      "properties" : { },
      "parameters" : { },
      "propertiesMetadata" : {
        "metadata" : { }
      },
      "parametersMetadata" : {
        "metadata" : { }
      }
    } ],
    "propertiesMetadata" : {
      "metadata" : { }
    },
    "parametersMetadata" : {
      "metadata" : { }
    },
    "hooks" : [ ]
  } ],
  "resources" : [ {
    "majorSchemaVersion" : 3,
    "name" : "********",
    "type" : "org.cloudfoundry.managed-service",
    "properties" : { },
    "parameters" : {
      "generated-password" : "********",
      "path" : "./xs-security.json",
      "service-name" : "********",
      "service-plan" : "application",
      "service" : "xsuaa",
      "generated-user" : "********",
      "default-xsappname" : "********",
      "type" : "managed-service",
      "config" : {
        "oauth2-configuration" : "********",
        "role-collections" : [ {
          "description" : "generated",
          "name" : "support (incident-management f6fb8b98trial-dev)",
          "role-template-references" : [ "$XSAPPNAME.support" ]
        }, {
          "description" : "generated",
          "name" : "admin (incident-management f6fb8b98trial-dev)",
          "role-template-references" : [ "$XSAPPNAME.admin" ]
        } ],
        "tenant-mode" : "dedicated",
        "xsappname" : "incident-management-f6fb8b98trial-dev"
      },
      "default-service-name" : "********",
      "default-container-name" : "********"
    },
    "isActive" : true,
    "isOptional" : false,
    "propertiesMetadata" : {
      "metadata" : { }
    },
    "parametersMetadata" : {
      "metadata" : { }
    },
    "requiredDependencies" : [ ],
    "processedAfter" : [ ]
  }, {
    "majorSchemaVersion" : 3,
    "name" : "incident-management-db",
    "type" : "com.sap.xs.hdi-container",
    "properties" : { },
    "parameters" : {
      "generated-password" : "********",
      "service-name" : "incident-management-db",
      "service-plan" : "hdi-shared",
      "service" : "hana",
      "generated-user" : "********",
      "default-xsappname" : "incident-management-db",
      "type" : "managed-service",
      "default-service-name" : "incident-management-db",
      "default-container-name" : "F6FB8B98TRIAL_DEV_INCIDENT_MANAGEMENT_DB"
    },
    "isActive" : true,
    "isOptional" : false,
    "propertiesMetadata" : {
      "metadata" : { }
    },
    "parametersMetadata" : {
      "metadata" : { }
    },
    "requiredDependencies" : [ ],
    "processedAfter" : [ ]
  }, {
    "majorSchemaVersion" : 3,
    "name" : "incident-management-destination",
    "type" : "org.cloudfoundry.managed-service",
    "properties" : { },
    "parameters" : {
      "HTML5Runtime_enabled" : true,
      "generated-password" : "********",
      "service-name" : "incident-management-destination",
      "service-plan" : "lite",
      "init_data" : {
        "instance" : {
          "destinations" : [ {
            "Authentication" : "********",
            "DynamicDestination" : true,
            "ForwardAuthToken" : "********",
            "Name" : "srv-api",
            "ProxyType" : "Internet",
            "Type" : "HTTP",
            "URL" : "https://f6fb8b98trial-dev-incident-management-srv.cfapps.us10-001.hana.ondemand.com"
          } ],
          "existing_destinations_policy" : "update"
        }
      },
      "service" : "destination",
      "generated-user" : "********",
      "default-xsappname" : "incident-management-destination",
      "type" : "managed-service",
      "default-service-name" : "incident-management-destination",
      "default-container-name" : "F6FB8B98TRIAL_DEV_INCIDENT_MANAGEMENT_DESTINATION"
    },
    "isActive" : true,
    "isOptional" : false,
    "propertiesMetadata" : {
      "metadata" : { }
    },
    "parametersMetadata" : {
      "metadata" : { }
    },
    "requiredDependencies" : [ {
      "majorSchemaVersion" : 3,
      "name" : "srv-api",
      "properties" : { },
      "parameters" : { },
      "propertiesMetadata" : {
        "metadata" : { }
      },
      "parametersMetadata" : {
        "metadata" : { }
      }
    } ],
    "processedAfter" : [ ]
  }, {
    "majorSchemaVersion" : 3,
    "name" : "incident-management-html5-repo-host",
    "type" : "org.cloudfoundry.managed-service",
    "properties" : { },
    "parameters" : {
      "generated-password" : "********",
      "service-name" : "incident-management-html5-repo-host",
      "service-plan" : "app-host",
      "service" : "html5-apps-repo",
      "generated-user" : "********",
      "default-xsappname" : "incident-management-html5-repo-host",
      "type" : "managed-service",
      "default-service-name" : "incident-management-html5-repo-host",
      "default-container-name" : "F6FB8B98TRIAL_DEV_INCIDENT_MANAGEMENT_HTML5_REPO_HOST"
    },
    "isActive" : true,
    "isOptional" : false,
    "propertiesMetadata" : {
      "metadata" : { }
    },
    "parametersMetadata" : {
      "metadata" : { }
    },
    "requiredDependencies" : [ ],
    "processedAfter" : [ ]
  } ],
  "parameters" : {
    "deploy_mode" : "html5-repo",
    "mta-id" : "incident-management",
    "authorization-url" : "********",
    "org-guid" : "51770469-196a-4637-af29-36b1d314a5fa",
    "org" : "f6fb8b98trial",
    "deploy-target" : "f6fb8b98trial dev",
    "enable-parallel-deployments" : true,
    "region-primary-domain" : "us10.hana.ondemand.com",
    "space" : "dev",
    "region-domain" : "us10-001.hana.ondemand.com",
    "xs-api-url" : "https://api.cf.us10-001.hana.ondemand.com",
    "deploy-url" : "deploy-service.cfapps.us10-001.hana.ondemand.com",
    "xs-type" : "CF",
    "default-domain" : "cfapps.us10-001.hana.ondemand.com",
    "mta-version" : "1.0.0",
    "xs-auth-url" : "********",
    "space-guid" : "d54729ef-3276-4aae-bbf1-9ffea9c4a940",
    "user" : "********",
    "controller-url" : "https://api.cf.us10-001.hana.ondemand.com",
    "timestamp" : "20260916095225"
  },
  "parametersMetadata" : {
    "metadata" : { }
  }
}#
#2026 09 16 09:52:26.692#Z#DEBUG#52171575-b1b4-11f1-bf33-eeee0a8e3dbc.OPERATION#flowable-async-job-executor-thread-15136#
[ProcessDescriptorStep] Merged descriptor properties and parameters resolved#
#2026 09 16 09:52:26.692#Z#DEBUG#52171575-b1b4-11f1-bf33-eeee0a8e3dbc.OPERATION#flowable-async-job-executor-thread-15136#
Step "Process Descriptor Step" finished#
#2026 09 16 09:52:26.726#Z#DEBUG#52171575-b1b4-11f1-bf33-eeee0a8e3dbc.OPERATION#flowable-async-job-executor-thread-15136#
[XS2BuildCloudDeployModelStep] Executing task "buildDeployModelTask" of process "5217159b-b1b4-11f1-bf33-eeee0a8e3dbc"...#
#2026 09 16 09:52:26.730#Z#DEBUG#52171575-b1b4-11f1-bf33-eeee0a8e3dbc.OPERATION#flowable-async-job-executor-thread-15136#
[XS2BuildCloudDeployModelStep] Service keys defined for content deployment grouped by service name: {
  "incident-management-auth" : "********",
  "incident-management-html5-repo-host" : [ {
    "name" : "********",
    "v3Metadata" : {
      "annotations" : {
        "mta_id" : "incident-management",
        "mta_version" : "1.0.0"
      },
      "labels" : {
        "mta_id" : "65411f2f607a75efbe525f81cfecafad",
        "space_guid" : "d54729ef-3276-4aae-bbf1-9ffea9c4a940"
      }
    },
    "credentials" : "********",
    "moduleName" : "incident-management-app-deployer",
    "resourceName" : "incident-management-html5-repo-host",
    "serviceInstance" : {
      "isOptional" : false,
      "isManaged" : false,
      "name" : "incident-management-html5-repo-host",
      "credentials" : "********",
      "tags" : [ ],
      "shouldSkipParametersUpdate" : false,
      "shouldSkipPlanUpdate" : false,
      "shouldSkipTagsUpdate" : false,
      "shouldSkipSyslogUrlUpdate" : false
    },
    "shouldDeleteServiceKeyAfterDeploy" : "********",
    "resourceType" : "org.cloudfoundry.managed-service"
  }, {
    "name" : "********",
    "v3Metadata" : {
      "annotations" : {
        "mta_id" : "incident-management",
        "mta_version" : "1.0.0"
      },
      "labels" : {
        "mta_id" : "65411f2f607a75efbe525f81cfecafad",
        "space_guid" : "d54729ef-3276-4aae-bbf1-9ffea9c4a940"
      }
    },
    "credentials" : "********",
    "moduleName" : "incident-management-destinations",
    "resourceName" : "incident-management-html5-repo-host",
    "serviceInstance" : {
      "isOptional" : false,
      "isManaged" : false,
      "name" : "incident-management-html5-repo-host",
      "credentials" : "********",
      "tags" : [ ],
      "shouldSkipParametersUpdate" : false,
      "shouldSkipPlanUpdate" : false,
      "shouldSkipTagsUpdate" : false,
      "shouldSkipSyslogUrlUpdate" : false
    },
    "shouldDeleteServiceKeyAfterDeploy" : "********",
    "resourceType" : "org.cloudfoundry.managed-service"
  } ],
  "incident-management-destination" : [ {
    "name" : "********",
    "v3Metadata" : {
      "annotations" : {
        "mta_id" : "incident-management",
        "mta_version" : "1.0.0"
      },
      "labels" : {
        "mta_id" : "65411f2f607a75efbe525f81cfecafad",
        "space_guid" : "d54729ef-3276-4aae-bbf1-9ffea9c4a940"
      }
    },
    "credentials" : "********",
    "moduleName" : "incident-management-destinations",
    "resourceName" : "incident-management-destination",
    "serviceInstance" : {
      "isOptional" : false,
      "isManaged" : false,
      "name" : "incident-management-destination",
      "credentials" : "********",
      "tags" : [ ],
      "shouldSkipParametersUpdate" : false,
      "shouldSkipPlanUpdate" : false,
      "shouldSkipTagsUpdate" : false,
      "shouldSkipSyslogUrlUpdate" : false
    },
    "shouldDeleteServiceKeyAfterDeploy" : "********",
    "resourceType" : "org.cloudfoundry.managed-service"
  } ]
}#
#2026 09 16 09:52:26.730#Z#DEBUG#52171575-b1b4-11f1-bf33-eeee0a8e3dbc.OPERATION#flowable-async-job-executor-thread-15136#
[XS2BuildCloudDeployModelStep] Building cloud deployment model...#
#2026 09 16 09:52:26.731#Z#DEBUG#52171575-b1b4-11f1-bf33-eeee0a8e3dbc.OPERATION#flowable-async-job-executor-thread-15136#
[XS2BuildCloudDeployModelStep] MTA archive modules: [incident-management-app-deployer, incident-management-db-deployer, incident-management-srv]#
#2026 09 16 09:52:26.731#Z#DEBUG#52171575-b1b4-11f1-bf33-eeee0a8e3dbc.OPERATION#flowable-async-job-executor-thread-15136#
[XS2BuildCloudDeployModelStep] Deployed modules: []#
#2026 09 16 09:52:26.731#Z#DEBUG#52171575-b1b4-11f1-bf33-eeee0a8e3dbc.OPERATION#flowable-async-job-executor-thread-15136#
[XS2BuildCloudDeployModelStep] MTA modules: [incident-management-app-deployer, incident-management-db-deployer, incident-management-srv, incident-management-destinations]#
#2026 09 16 09:52:26.732#Z#DEBUG#52171575-b1b4-11f1-bf33-eeee0a8e3dbc.OPERATION#flowable-async-job-executor-thread-15136#
[XS2BuildCloudDeployModelStep] Service keys to create: {
  "incident-management-auth" : "********",
  "incident-management-db" : [ ],
  "incident-management-html5-repo-host" : [ ],
  "incident-management-destination" : [ ]
}#
#2026 09 16 09:52:26.732#Z#DEBUG#52171575-b1b4-11f1-bf33-eeee0a8e3dbc.OPERATION#flowable-async-job-executor-thread-15136#
[XS2BuildCloudDeployModelStep] Modules to deploy: [{
  "majorSchemaVersion" : 3,
  "name" : "incident-management-srv",
  "type" : "javascript.nodejs",
  "path" : "incident-management-srv",
  "properties" : { },
  "parameters" : {
    "default-url" : "https://f6fb8b98trial-dev-incident-management-srv.cfapps.us10-001.hana.ondemand.com",
    "default-app-name" : "incident-management-srv",
    "generated-password" : "********",
    "default-live-url" : "https://f6fb8b98trial-dev-incident-management-srv.cfapps.us10-001.hana.ondemand.com",
    "default-uri" : "f6fb8b98trial-dev-incident-management-srv.cfapps.us10-001.hana.ondemand.com",
    "default-instances" : 1,
    "default-live-host" : "f6fb8b98trial-dev-incident-management-srv",
    "instances" : 1,
    "buildpack" : "nodejs_buildpack",
    "default-host" : "f6fb8b98trial-dev-incident-management-srv",
    "app-name" : "incident-management-srv",
    "default-live-uri" : "f6fb8b98trial-dev-incident-management-srv.cfapps.us10-001.hana.ondemand.com",
    "protocol" : "https",
    "default-live-app-name" : "incident-management-srv",
    "default-live-domain" : "cfapps.us10-001.hana.ondemand.com",
    "dependency-type" : "soft",
    "domain" : "cfapps.us10-001.hana.ondemand.com",
    "host" : "f6fb8b98trial-dev-incident-management-srv",
    "generated-user" : "********"
  },
  "requiredDependencies" : [ {
    "majorSchemaVersion" : 3,
    "name" : "********",
    "properties" : { },
    "parameters" : { },
    "propertiesMetadata" : {
      "metadata" : { }
    },
    "parametersMetadata" : {
      "metadata" : { }
    }
  }, {
    "majorSchemaVersion" : 3,
    "name" : "incident-management-db",
    "properties" : { },
    "parameters" : { },
    "propertiesMetadata" : {
      "metadata" : { }
    },
    "parametersMetadata" : {
      "metadata" : { }
    }
  }, {
    "majorSchemaVersion" : 3,
    "name" : "incident-management-destination",
    "properties" : { },
    "parameters" : { },
    "propertiesMetadata" : {
      "metadata" : { }
    },
    "parametersMetadata" : {
      "metadata" : { }
    }
  } ],
  "providedDependencies" : [ {
    "majorSchemaVersion" : 3,
    "name" : "srv-api",
    "isPublic" : false,
    "properties" : {
      "srv-url" : "https://f6fb8b98trial-dev-incident-management-srv.cfapps.us10-001.hana.ondemand.com"
    },
    "parameters" : { },
    "propertiesMetadata" : {
      "metadata" : { }
    },
    "parametersMetadata" : {
      "metadata" : { }
    }
  }, {
    "majorSchemaVersion" : 3,
    "name" : "incident-management-srv",
    "isPublic" : false,
    "properties" : { },
    "parameters" : { },
    "propertiesMetadata" : {
      "metadata" : { }
    },
    "parametersMetadata" : {
      "metadata" : { }
    }
  } ],
  "propertiesMetadata" : {
    "metadata" : { }
  },
  "parametersMetadata" : {
    "metadata" : { }
  },
  "deployedAfter" : [ ],
  "hooks" : [ ]
}, {
  "majorSchemaVersion" : 3,
  "name" : "incident-management-db-deployer",
  "type" : "com.sap.xs.hdi",
  "path" : "incident-management-db-deployer",
  "properties" : {
    "EXIT" : 1
  },
  "parameters" : {
    "default-url" : "https://f6fb8b98trial-dev-incident-management-db-deployer.cfapps.us10-001.hana.ondemand.com",
    "default-app-name" : "incident-management-db-deployer",
    "generated-password" : "********",
    "default-live-url" : "https://f6fb8b98trial-dev-incident-management-db-deployer.cfapps.us10-001.hana.ondemand.com",
    "default-uri" : "f6fb8b98trial-dev-incident-management-db-deployer.cfapps.us10-001.hana.ondemand.com",
    "memory" : "256M",
    "default-instances" : 1,
    "no-route" : true,
    "default-live-host" : "f6fb8b98trial-dev-incident-management-db-deployer",
    "instances" : 1,
    "buildpack" : "nodejs_buildpack",
    "default-host" : "f6fb8b98trial-dev-incident-management-db-deployer",
    "app-name" : "incident-management-db-deployer",
    "default-live-uri" : "f6fb8b98trial-dev-incident-management-db-deployer.cfapps.us10-001.hana.ondemand.com",
    "protocol" : "https",
    "default-live-app-name" : "incident-management-db-deployer",
    "default-live-domain" : "cfapps.us10-001.hana.ondemand.com",
    "dependency-type" : "hard",
    "domain" : "cfapps.us10-001.hana.ondemand.com",
    "host" : "f6fb8b98trial-dev-incident-management-db-deployer",
    "generated-user" : "********",
    "tasks" : [ {
      "command" : "npm start",
      "memory" : "256M",
      "name" : "deploy"
    } ],
    "no-start" : true
  },
  "requiredDependencies" : [ {
    "majorSchemaVersion" : 3,
    "name" : "incident-management-db",
    "properties" : { },
    "parameters" : { },
    "propertiesMetadata" : {
      "metadata" : { }
    },
    "parametersMetadata" : {
      "metadata" : { }
    }
  } ],
  "providedDependencies" : [ {
    "majorSchemaVersion" : 3,
    "name" : "incident-management-db-deployer",
    "isPublic" : false,
    "properties" : { },
    "parameters" : { },
    "propertiesMetadata" : {
      "metadata" : { }
    },
    "parametersMetadata" : {
      "metadata" : { }
    }
  } ],
  "propertiesMetadata" : {
    "metadata" : { }
  },
  "parametersMetadata" : {
    "metadata" : { }
  },
  "deployedAfter" : [ ],
  "hooks" : [ ]
}, {
  "majorSchemaVersion" : 3,
  "name" : "incident-management-app-deployer",
  "type" : "com.sap.application.content",
  "path" : "incident-management-app-deployer",
  "properties" : { },
  "parameters" : {
    "default-url" : "https://f6fb8b98trial-dev-incident-management-app-deployer.cfapps.us10-001.hana.ondemand.com",
    "default-app-name" : "incident-management-app-deployer",
    "generated-password" : "********",
    "default-live-url" : "https://f6fb8b98trial-dev-incident-management-app-deployer.cfapps.us10-001.hana.ondemand.com",
    "default-uri" : "f6fb8b98trial-dev-incident-management-app-deployer.cfapps.us10-001.hana.ondemand.com",
    "default-instances" : 1,
    "default-live-host" : "f6fb8b98trial-dev-incident-management-app-deployer",
    "instances" : 1,
    "default-host" : "f6fb8b98trial-dev-incident-management-app-deployer",
    "app-name" : "incident-management-app-deployer",
    "default-live-uri" : "f6fb8b98trial-dev-incident-management-app-deployer.cfapps.us10-001.hana.ondemand.com",
    "protocol" : "https",
    "default-live-app-name" : "incident-management-app-deployer",
    "default-live-domain" : "cfapps.us10-001.hana.ondemand.com",
    "dependency-type" : "soft",
    "domain" : "cfapps.us10-001.hana.ondemand.com",
    "host" : "f6fb8b98trial-dev-incident-management-app-deployer",
    "generated-user" : "********",
    "config" : {
      "destinations" : [ {
        "Authentication" : "********",
        "DynamicDestination" : true,
        "ForwardAuthToken" : "********",
        "Name" : "srv-api",
        "ProxyType" : "Internet",
        "Type" : "HTTP",
        "URL" : "https://f6fb8b98trial-dev-incident-management-srv.cfapps.us10-001.hana.ondemand.com"
      } ]
    }
  },
  "requiredDependencies" : [ {
    "majorSchemaVersion" : 3,
    "name" : "********",
    "properties" : { },
    "parameters" : { },
    "propertiesMetadata" : {
      "metadata" : { }
    },
    "parametersMetadata" : {
      "metadata" : { }
    }
  }, {
    "majorSchemaVersion" : 3,
    "name" : "srv-api",
    "properties" : { },
    "parameters" : { },
    "propertiesMetadata" : {
      "metadata" : { }
    },
    "parametersMetadata" : {
      "metadata" : { }
    }
  }, {
    "majorSchemaVersion" : 3,
    "name" : "incident-management-html5-repo-host",
    "properties" : { },
    "parameters" : {
      "config" : {
        "HTML5Runtime_enabled" : true
      },
      "content-target" : true
    },
    "propertiesMetadata" : {
      "metadata" : { }
    },
    "parametersMetadata" : {
      "metadata" : { }
    }
  } ],
  "providedDependencies" : [ {
    "majorSchemaVersion" : 3,
    "name" : "incident-management-app-deployer",
    "isPublic" : false,
    "properties" : { },
    "parameters" : { },
    "propertiesMetadata" : {
      "metadata" : { }
    },
    "parametersMetadata" : {
      "metadata" : { }
    }
  } ],
  "propertiesMetadata" : {
    "metadata" : { }
  },
  "parametersMetadata" : {
    "metadata" : { }
  },
  "deployedAfter" : [ ],
  "hooks" : [ ]
}, {
  "majorSchemaVersion" : 3,
  "name" : "incident-management-destinations",
  "type" : "com.sap.application.content",
  "properties" : { },
  "parameters" : {
    "default-url" : "https://f6fb8b98trial-dev-incident-management-destinations.cfapps.us10-001.hana.ondemand.com",
    "default-app-name" : "incident-management-destinations",
    "generated-password" : "********",
    "default-live-url" : "https://f6fb8b98trial-dev-incident-management-destinations.cfapps.us10-001.hana.ondemand.com",
    "default-uri" : "f6fb8b98trial-dev-incident-management-destinations.cfapps.us10-001.hana.ondemand.com",
    "default-instances" : 1,
    "default-live-host" : "f6fb8b98trial-dev-incident-management-destinations",
    "instances" : 1,
    "default-host" : "f6fb8b98trial-dev-incident-management-destinations",
    "content" : {
      "instance" : {
        "destinations" : [ {
          "Name" : "incident-management-html5-repository",
          "ServiceInstanceName" : "incident-management-html5-repo-host",
          "ServiceKeyName" : "********",
          "sap.cloud.service" : "incidentmanagement.service"
        }, {
          "Authentication" : "********",
          "Name" : "********",
          "ServiceInstanceName" : "********",
          "ServiceKeyName" : "********",
          "sap.cloud.service" : "incidentmanagement.service"
        } ],
        "existing_destinations_policy" : "update"
      }
    },
    "app-name" : "incident-management-destinations",
    "default-live-uri" : "f6fb8b98trial-dev-incident-management-destinations.cfapps.us10-001.hana.ondemand.com",
    "protocol" : "https",
    "default-live-app-name" : "incident-management-destinations",
    "default-live-domain" : "cfapps.us10-001.hana.ondemand.com",
    "dependency-type" : "soft",
    "domain" : "cfapps.us10-001.hana.ondemand.com",
    "host" : "f6fb8b98trial-dev-incident-management-destinations",
    "generated-user" : "********"
  },
  "requiredDependencies" : [ {
    "majorSchemaVersion" : 3,
    "name" : "********",
    "properties" : { },
    "parameters" : {
      "service-key" : "********"
    },
    "propertiesMetadata" : {
      "metadata" : { }
    },
    "parametersMetadata" : {
      "metadata" : { }
    }
  }, {
    "majorSchemaVersion" : 3,
    "name" : "incident-management-html5-repo-host",
    "properties" : { },
    "parameters" : {
      "service-key" : "********"
    },
    "propertiesMetadata" : {
      "metadata" : { }
    },
    "parametersMetadata" : {
      "metadata" : { }
    }
  }, {
    "majorSchemaVersion" : 3,
    "name" : "srv-api",
    "properties" : { },
    "parameters" : { },
    "propertiesMetadata" : {
      "metadata" : { }
    },
    "parametersMetadata" : {
      "metadata" : { }
    }
  }, {
    "majorSchemaVersion" : 3,
    "name" : "incident-management-destination",
    "properties" : { },
    "parameters" : {
      "content-target" : true
    },
    "propertiesMetadata" : {
      "metadata" : { }
    },
    "parametersMetadata" : {
      "metadata" : { }
    }
  } ],
  "providedDependencies" : [ {
    "majorSchemaVersion" : 3,
    "name" : "incident-management-destinations",
    "isPublic" : false,
    "properties" : { },
    "parameters" : { },
    "propertiesMetadata" : {
      "metadata" : { }
    },
    "parametersMetadata" : {
      "metadata" : { }
    }
  } ],
  "propertiesMetadata" : {
    "metadata" : { }
  },
  "parametersMetadata" : {
    "metadata" : { }
  },
  "deployedAfter" : [ ],
  "hooks" : [ ]
}]#
#2026 09 16 09:52:26.733#Z#DEBUG#52171575-b1b4-11f1-bf33-eeee0a8e3dbc.OPERATION#flowable-async-job-executor-thread-15136#
[XS2BuildCloudDeployModelStep] Custom domains: []#
#2026 09 16 09:52:26.735#Z#DEBUG#52171575-b1b4-11f1-bf33-eeee0a8e3dbc.OPERATION#flowable-async-job-executor-thread-15136#
[XS2BuildCloudDeployModelStep] Calculating resource batches...#
#2026 09 16 09:52:26.735#Z#DEBUG#52171575-b1b4-11f1-bf33-eeee0a8e3dbc.OPERATION#flowable-async-job-executor-thread-15136#
[XS2BuildCloudDeployModelStep] Calculating resource batches completed.#
#2026 09 16 09:52:26.735#Z#DEBUG#52171575-b1b4-11f1-bf33-eeee0a8e3dbc.OPERATION#flowable-async-job-executor-thread-15136#
[XS2BuildCloudDeployModelStep] Cloud deployment model built#
#2026 09 16 09:52:26.735#Z#DEBUG#52171575-b1b4-11f1-bf33-eeee0a8e3dbc.OPERATION#flowable-async-job-executor-thread-15136#
Step "Build Deploy Model" finished#
#2026 09 16 09:52:26.771#Z#DEBUG#52171575-b1b4-11f1-bf33-eeee0a8e3dbc.OPERATION#flowable-async-job-executor-thread-15136#
[BuildCloudUndeployModelStep] Executing task "buildUndeployModelTask" of process "5217159b-b1b4-11f1-bf33-eeee0a8e3dbc"...#
#2026 09 16 09:52:26.772#Z#DEBUG#52171575-b1b4-11f1-bf33-eeee0a8e3dbc.OPERATION#flowable-async-job-executor-thread-15136#
[BuildCloudUndeployModelStep] Building cloud undeployment model...#
#2026 09 16 09:52:26.773#Z#DEBUG#52171575-b1b4-11f1-bf33-eeee0a8e3dbc.OPERATION#flowable-async-job-executor-thread-15136#
[BuildCloudUndeployModelStep] Detecting service keys to delete.#
#2026 09 16 09:52:26.773#Z#DEBUG#52171575-b1b4-11f1-bf33-eeee0a8e3dbc.OPERATION#flowable-async-job-executor-thread-15136#
[BuildCloudUndeployModelStep] No deployed service keys detected!#
#2026 09 16 09:52:26.773#Z#DEBUG#52171575-b1b4-11f1-bf33-eeee0a8e3dbc.OPERATION#flowable-async-job-executor-thread-15136#
[BuildCloudUndeployModelStep] Detected service keys to delete "[]"#
#2026 09 16 09:52:26.776#Z#DEBUG#52171575-b1b4-11f1-bf33-eeee0a8e3dbc.OPERATION#flowable-async-job-executor-thread-15136#
Step "Build Undeploy Model" finished#
#2026 09 16 09:52:26.812#Z#DEBUG#52171575-b1b4-11f1-bf33-eeee0a8e3dbc.OPERATION#flowable-async-job-executor-thread-15136#
[AddDomainsStep] Executing task "addDomainsTask" of process "5217159b-b1b4-11f1-bf33-eeee0a8e3dbc"...#
#2026 09 16 09:52:26.814#Z#DEBUG#52171575-b1b4-11f1-bf33-eeee0a8e3dbc.OPERATION#flowable-async-job-executor-thread-15136#
[AddDomainsStep] Custom domains: []#
#2026 09 16 09:52:26.814#Z#DEBUG#52171575-b1b4-11f1-bf33-eeee0a8e3dbc.OPERATION#flowable-async-job-executor-thread-15136#
Step "Add Domains" finished#
#2026 09 16 09:52:27.200#Z#DEBUG#52171575-b1b4-11f1-bf33-eeee0a8e3dbc.OPERATION#flowable-async-job-executor-thread-15136#
[ExtractBatchedServicesWithResolvedDynamicParametersStep] Executing task "prepareModulesDeploymentTask" of process "52eb2e2f-b1b4-11f1-bf33-eeee0a8e3dbc"...#
#2026 09 16 09:52:27.201#Z#DEBUG#52171575-b1b4-11f1-bf33-eeee0a8e3dbc.OPERATION#flowable-async-job-executor-thread-15136#
[ExtractBatchedServicesWithResolvedDynamicParametersStep] Extracting services and resolving dynamic parameters from batch#
#2026 09 16 09:52:27.202#Z#DEBUG#52171575-b1b4-11f1-bf33-eeee0a8e3dbc.OPERATION#flowable-async-job-executor-thread-15136#
[ExtractBatchedServicesWithResolvedDynamicParametersStep] Services to create: [ {
  "isOptional" : false,
  "isManaged" : true,
  "name" : "********",
  "v3Metadata" : {
    "annotations" : {
      "mta_id" : "incident-management",
      "mta_version" : "1.0.0",
      "mta_resource" : "********"
    },
    "labels" : {
      "mta_id" : "65411f2f607a75efbe525f81cfecafad"
    }
  },
  "label" : "xsuaa",
  "plan" : "application",
  "credentials" : "********",
  "tags" : [ ],
  "type" : "managed",
  "resourceName" : "********",
  "shouldSkipParametersUpdate" : false,
  "shouldSkipPlanUpdate" : false,
  "shouldSkipTagsUpdate" : false,
  "shouldSkipSyslogUrlUpdate" : false
}, {
  "isOptional" : false,
  "isManaged" : true,
  "name" : "incident-management-db",
  "v3Metadata" : {
    "annotations" : {
      "mta_id" : "incident-management",
      "mta_version" : "1.0.0",
      "mta_resource" : "{\"name\":\"incident-management-db\"}"
    },
    "labels" : {
      "mta_id" : "65411f2f607a75efbe525f81cfecafad"
    }
  },
  "label" : "hana",
  "plan" : "hdi-shared",
  "credentials" : "********",
  "tags" : [ ],
  "type" : "managed",
  "resourceName" : "incident-management-db",
  "shouldSkipParametersUpdate" : false,
  "shouldSkipPlanUpdate" : false,
  "shouldSkipTagsUpdate" : false,
  "shouldSkipSyslogUrlUpdate" : false
}, {
  "isOptional" : false,
  "isManaged" : true,
  "name" : "incident-management-destination",
  "v3Metadata" : {
    "annotations" : {
      "mta_id" : "incident-management",
      "mta_version" : "1.0.0",
      "mta_resource" : "{\"name\":\"incident-management-destination\"}"
    },
    "labels" : {
      "mta_id" : "65411f2f607a75efbe525f81cfecafad"
    }
  },
  "label" : "destination",
  "plan" : "lite",
  "credentials" : "********",
  "tags" : [ ],
  "type" : "managed",
  "resourceName" : "incident-management-destination",
  "shouldSkipParametersUpdate" : false,
  "shouldSkipPlanUpdate" : false,
  "shouldSkipTagsUpdate" : false,
  "shouldSkipSyslogUrlUpdate" : false
}, {
  "isOptional" : false,
  "isManaged" : true,
  "name" : "incident-management-html5-repo-host",
  "v3Metadata" : {
    "annotations" : {
      "mta_id" : "incident-management",
      "mta_version" : "1.0.0",
      "mta_resource" : "{\"name\":\"incident-management-html5-repo-host\"}"
    },
    "labels" : {
      "mta_id" : "65411f2f607a75efbe525f81cfecafad"
    }
  },
  "label" : "html5-apps-repo",
  "plan" : "app-host",
  "credentials" : "********",
  "tags" : [ ],
  "type" : "managed",
  "resourceName" : "incident-management-html5-repo-host",
  "shouldSkipParametersUpdate" : false,
  "shouldSkipPlanUpdate" : false,
  "shouldSkipTagsUpdate" : false,
  "shouldSkipSyslogUrlUpdate" : false
} ]#
#2026 09 16 09:52:27.203#Z#DEBUG#52171575-b1b4-11f1-bf33-eeee0a8e3dbc.OPERATION#flowable-async-job-executor-thread-15136#
Step "Extract Services with Resolved Dynamic parameters from batch" finished#
#2026 09 16 09:52:27.293#Z#DEBUG#52171575-b1b4-11f1-bf33-eeee0a8e3dbc.OPERATION#flowable-async-job-executor-thread-15135#
[CheckServiceOperationStateStep] Executing task "CheckServiceOperationStateTask" of process "53274d1a-b1b4-11f1-bf33-eeee0a8e3dbc"...#
#2026 09 16 09:52:27.294#Z#DEBUG#52171575-b1b4-11f1-bf33-eeee0a8e3dbc.OPERATION#flowable-async-job-executor-thread-15135#
[CheckServiceOperationStateStep] Getting service instance "incident-management-auth"...#
#2026 09 16 09:52:27.319#Z#DEBUG#52171575-b1b4-11f1-bf33-eeee0a8e3dbc.OPERATION#flowable-async-job-executor-thread-15135#
Step "Check for service operations in Progress" finished#
#2026 09 16 09:52:27.348#Z#DEBUG#52171575-b1b4-11f1-bf33-eeee0a8e3dbc.OPERATION#flowable-async-job-executor-thread-15135#
[DetermineServiceCreateUpdateServiceActionsStep] Executing task "DetermineServiceCreateUpdateActionsTask" of process "53274d1a-b1b4-11f1-bf33-eeee0a8e3dbc"...#
#2026 09 16 09:52:27.350#Z#INFO#52171575-b1b4-11f1-bf33-eeee0a8e3dbc.OPERATION#flowable-async-job-executor-thread-15135#
[DetermineServiceCreateUpdateServiceActionsStep] Processing service "incident-management-auth"...#
#2026 09 16 09:52:27.354#Z#DEBUG#52171575-b1b4-11f1-bf33-eeee0a8e3dbc.OPERATION#flowable-async-job-executor-thread-15135#
[DetermineServiceCreateUpdateServiceActionsStep] Getting service instance "incident-management-auth"...#
#2026 09 16 09:52:27.379#Z#INFO#52171575-b1b4-11f1-bf33-eeee0a8e3dbc.OPERATION#flowable-async-job-executor-thread-15135#
[DetermineServiceCreateUpdateServiceActionsStep] Setting service "incident-management-auth" parameters from "xs-security.json"#
#2026 09 16 09:52:27.417#Z#DEBUG#52171575-b1b4-11f1-bf33-eeee0a8e3dbc.OPERATION#flowable-async-job-executor-thread-15135#
[DetermineServiceCreateUpdateServiceActionsStep] Service should be created#
#2026 09 16 09:52:27.420#Z#DEBUG#52171575-b1b4-11f1-bf33-eeee0a8e3dbc.OPERATION#flowable-async-job-executor-thread-15135#
Step "Determine update actions" finished#
#2026 09 16 09:52:27.466#Z#DEBUG#52171575-b1b4-11f1-bf33-eeee0a8e3dbc.OPERATION#flowable-async-job-executor-thread-15141#
[CreateServiceStep] Executing task "CreateServiceTask" of process "53274d1a-b1b4-11f1-bf33-eeee0a8e3dbc"...#
#2026 09 16 09:52:27.468#Z#INFO#52171575-b1b4-11f1-bf33-eeee0a8e3dbc.OPERATION#flowable-async-job-executor-thread-15141#
[CreateServiceStep] Creating service "incident-management-auth" from MTA resource "incident-management-auth"...#
#2026 09 16 09:52:27.473#Z#DEBUG#52171575-b1b4-11f1-bf33-eeee0a8e3dbc.OPERATION#flowable-async-job-executor-thread-15141#
[CreateServiceStep] Creating service instance: {
  "isOptional" : false,
  "isManaged" : true,
  "name" : "********",
  "v3Metadata" : {
    "annotations" : {
      "mta_id" : "incident-management",
      "mta_version" : "1.0.0",
      "mta_resource" : "********"
    },
    "labels" : {
      "mta_id" : "65411f2f607a75efbe525f81cfecafad"
    }
  },
  "label" : "xsuaa",
  "plan" : "application",
  "credentials" : "********",
  "tags" : [ ],
  "type" : "managed",
  "resourceName" : "********",
  "shouldSkipParametersUpdate" : false,
  "shouldSkipPlanUpdate" : false,
  "shouldSkipTagsUpdate" : false,
  "shouldSkipSyslogUrlUpdate" : false
}#
#2026 09 16 09:52:27.727#Z#DEBUG#52171575-b1b4-11f1-bf33-eeee0a8e3dbc.OPERATION#flowable-async-job-executor-thread-15141#
[CreateServiceStep] Service "incident-management-auth" created#
#2026 09 16 09:52:27.727#Z#DEBUG#52171575-b1b4-11f1-bf33-eeee0a8e3dbc.OPERATION#flowable-async-job-executor-thread-15141#
[CreateServiceStep] Triggered service operations: {
  "incident-management-auth" : "CREATE"
}#
#2026 09 16 09:52:27.730#Z#DEBUG#52171575-b1b4-11f1-bf33-eeee0a8e3dbc.OPERATION#flowable-async-job-executor-thread-15141#
Step "Create" finished#
#2026 09 16 09:52:29.507#Z#DEBUG#52171575-b1b4-11f1-bf33-eeee0a8e3dbc.OPERATION#flowable-async-job-executor-thread-15138#
[CheckServiceOperationStateStep] Executing task "CheckServiceOperationStateTask" of process "5479e418-b1b4-11f1-bf33-eeee0a8e3dbc"...#
#2026 09 16 09:52:29.509#Z#DEBUG#52171575-b1b4-11f1-bf33-eeee0a8e3dbc.OPERATION#flowable-async-job-executor-thread-15138#
[CheckServiceOperationStateStep] Getting service instance "incident-management-destination"...#
#2026 09 16 09:52:29.531#Z#DEBUG#52171575-b1b4-11f1-bf33-eeee0a8e3dbc.OPERATION#flowable-async-job-executor-thread-15138#
Step "Check for service operations in Progress" finished#
#2026 09 16 09:52:29.559#Z#DEBUG#52171575-b1b4-11f1-bf33-eeee0a8e3dbc.OPERATION#flowable-async-job-executor-thread-15138#
[DetermineServiceCreateUpdateServiceActionsStep] Executing task "DetermineServiceCreateUpdateActionsTask" of process "5479e418-b1b4-11f1-bf33-eeee0a8e3dbc"...#
#2026 09 16 09:52:29.561#Z#INFO#52171575-b1b4-11f1-bf33-eeee0a8e3dbc.OPERATION#flowable-async-job-executor-thread-15138#
[DetermineServiceCreateUpdateServiceActionsStep] Processing service "incident-management-destination"...#
#2026 09 16 09:52:29.565#Z#DEBUG#52171575-b1b4-11f1-bf33-eeee0a8e3dbc.OPERATION#flowable-async-job-executor-thread-15138#
[DetermineServiceCreateUpdateServiceActionsStep] Getting service instance "incident-management-destination"...#
#2026 09 16 09:52:29.591#Z#DEBUG#52171575-b1b4-11f1-bf33-eeee0a8e3dbc.OPERATION#flowable-async-job-executor-thread-15138#
[DetermineServiceCreateUpdateServiceActionsStep] Service should be created#
#2026 09 16 09:52:29.594#Z#DEBUG#52171575-b1b4-11f1-bf33-eeee0a8e3dbc.OPERATION#flowable-async-job-executor-thread-15138#
Step "Determine update actions" finished#
#2026 09 16 09:52:29.719#Z#DEBUG#52171575-b1b4-11f1-bf33-eeee0a8e3dbc.OPERATION#flowable-async-job-executor-thread-13346#
[CheckServiceOperationStateStep] Executing task "CheckServiceOperationStateTask" of process "549953d3-b1b4-11f1-8fe4-eeee0a80bcf5"...#
#2026 09 16 09:52:29.809#Z#DEBUG#52171575-b1b4-11f1-bf33-eeee0a8e3dbc.OPERATION#flowable-async-job-executor-thread-13346#
[CheckServiceOperationStateStep] Getting service instance "incident-management-html5-repo-host"...#
#2026 09 16 09:52:29.843#Z#DEBUG#52171575-b1b4-11f1-bf33-eeee0a8e3dbc.OPERATION#flowable-async-job-executor-thread-13346#
Step "Check for service operations in Progress" finished#
#2026 09 16 09:52:29.636#Z#DEBUG#52171575-b1b4-11f1-bf33-eeee0a8e3dbc.OPERATION#flowable-async-job-executor-thread-15138#
[CreateServiceStep] Executing task "CreateServiceTask" of process "5479e418-b1b4-11f1-bf33-eeee0a8e3dbc"...#
#2026 09 16 09:52:29.639#Z#INFO#52171575-b1b4-11f1-bf33-eeee0a8e3dbc.OPERATION#flowable-async-job-executor-thread-15138#
[CreateServiceStep] Creating service "incident-management-destination" from MTA resource "incident-management-destination"...#
#2026 09 16 09:52:29.644#Z#DEBUG#52171575-b1b4-11f1-bf33-eeee0a8e3dbc.OPERATION#flowable-async-job-executor-thread-15138#
[CreateServiceStep] Creating service instance: {
  "isOptional" : false,
  "isManaged" : true,
  "name" : "incident-management-destination",
  "v3Metadata" : {
    "annotations" : {
      "mta_id" : "incident-management",
      "mta_version" : "1.0.0",
      "mta_resource" : "{\"name\":\"incident-management-destination\"}"
    },
    "labels" : {
      "mta_id" : "65411f2f607a75efbe525f81cfecafad"
    }
  },
  "label" : "destination",
  "plan" : "lite",
  "credentials" : "********",
  "tags" : [ ],
  "type" : "managed",
  "resourceName" : "incident-management-destination",
  "shouldSkipParametersUpdate" : false,
  "shouldSkipPlanUpdate" : false,
  "shouldSkipTagsUpdate" : false,
  "shouldSkipSyslogUrlUpdate" : false
}#
#2026 09 16 09:52:29.861#Z#DEBUG#52171575-b1b4-11f1-bf33-eeee0a8e3dbc.OPERATION#flowable-async-job-executor-thread-15138#
[CreateServiceStep] Service "incident-management-destination" created#
#2026 09 16 09:52:29.861#Z#DEBUG#52171575-b1b4-11f1-bf33-eeee0a8e3dbc.OPERATION#flowable-async-job-executor-thread-15138#
[CreateServiceStep] Triggered service operations: {
  "incident-management-destination" : "CREATE"
}#
#2026 09 16 09:52:29.862#Z#DEBUG#52171575-b1b4-11f1-bf33-eeee0a8e3dbc.OPERATION#flowable-async-job-executor-thread-15138#
Step "Create" finished#
#2026 09 16 09:52:29.875#Z#DEBUG#52171575-b1b4-11f1-bf33-eeee0a8e3dbc.OPERATION#flowable-async-job-executor-thread-13347#
[DetermineServiceCreateUpdateServiceActionsStep] Executing task "DetermineServiceCreateUpdateActionsTask" of process "549953d3-b1b4-11f1-8fe4-eeee0a80bcf5"...#
#2026 09 16 09:52:29.877#Z#INFO#52171575-b1b4-11f1-bf33-eeee0a8e3dbc.OPERATION#flowable-async-job-executor-thread-13347#
[DetermineServiceCreateUpdateServiceActionsStep] Processing service "incident-management-html5-repo-host"...#
#2026 09 16 09:52:29.881#Z#DEBUG#52171575-b1b4-11f1-bf33-eeee0a8e3dbc.OPERATION#flowable-async-job-executor-thread-13347#
[DetermineServiceCreateUpdateServiceActionsStep] Getting service instance "incident-management-html5-repo-host"...#
#2026 09 16 09:52:29.906#Z#DEBUG#52171575-b1b4-11f1-bf33-eeee0a8e3dbc.OPERATION#flowable-async-job-executor-thread-13347#
[DetermineServiceCreateUpdateServiceActionsStep] Service should be created#
#2026 09 16 09:52:29.909#Z#DEBUG#52171575-b1b4-11f1-bf33-eeee0a8e3dbc.OPERATION#flowable-async-job-executor-thread-13347#
Step "Determine update actions" finished#
#2026 09 16 09:52:29.956#Z#DEBUG#52171575-b1b4-11f1-bf33-eeee0a8e3dbc.OPERATION#flowable-async-job-executor-thread-13348#
[CreateServiceStep] Executing task "CreateServiceTask" of process "549953d3-b1b4-11f1-8fe4-eeee0a80bcf5"...#
#2026 09 16 09:52:29.959#Z#INFO#52171575-b1b4-11f1-bf33-eeee0a8e3dbc.OPERATION#flowable-async-job-executor-thread-13348#
[CreateServiceStep] Creating service "incident-management-html5-repo-host" from MTA resource "incident-management-html5-repo-host"...#
#2026 09 16 09:52:29.964#Z#DEBUG#52171575-b1b4-11f1-bf33-eeee0a8e3dbc.OPERATION#flowable-async-job-executor-thread-13348#
[CreateServiceStep] Creating service instance: {
  "isOptional" : false,
  "isManaged" : true,
  "name" : "incident-management-html5-repo-host",
  "v3Metadata" : {
    "annotations" : {
      "mta_id" : "incident-management",
      "mta_version" : "1.0.0",
      "mta_resource" : "{\"name\":\"incident-management-html5-repo-host\"}"
    },
    "labels" : {
      "mta_id" : "65411f2f607a75efbe525f81cfecafad"
    }
  },
  "label" : "html5-apps-repo",
  "plan" : "app-host",
  "credentials" : "********",
  "tags" : [ ],
  "type" : "managed",
  "resourceName" : "incident-management-html5-repo-host",
  "shouldSkipParametersUpdate" : false,
  "shouldSkipPlanUpdate" : false,
  "shouldSkipTagsUpdate" : false,
  "shouldSkipSyslogUrlUpdate" : false
}#
#2026 09 16 09:52:30.210#Z#DEBUG#52171575-b1b4-11f1-bf33-eeee0a8e3dbc.OPERATION#flowable-async-job-executor-thread-13348#
[CreateServiceStep] Service "incident-management-html5-repo-host" created#
#2026 09 16 09:52:30.210#Z#DEBUG#52171575-b1b4-11f1-bf33-eeee0a8e3dbc.OPERATION#flowable-async-job-executor-thread-13348#
[CreateServiceStep] Triggered service operations: {
  "incident-management-html5-repo-host" : "CREATE"
}#
#2026 09 16 09:52:30.211#Z#DEBUG#52171575-b1b4-11f1-bf33-eeee0a8e3dbc.OPERATION#flowable-async-job-executor-thread-13348#
Step "Create" finished#
#2026 09 16 09:52:32.534#Z#DEBUG#52171575-b1b4-11f1-bf33-eeee0a8e3dbc.OPERATION#flowable-async-job-executor-thread-15143#
[CheckServiceOperationStateStep] Executing task "CheckServiceOperationStateTask" of process "5646dc4f-b1b4-11f1-bf33-eeee0a8e3dbc"...#
#2026 09 16 09:52:32.535#Z#DEBUG#52171575-b1b4-11f1-bf33-eeee0a8e3dbc.OPERATION#flowable-async-job-executor-thread-15143#
[CheckServiceOperationStateStep] Getting service instance "incident-management-db"...#
#2026 09 16 09:52:32.558#Z#DEBUG#52171575-b1b4-11f1-bf33-eeee0a8e3dbc.OPERATION#flowable-async-job-executor-thread-15143#
Step "Check for service operations in Progress" finished#
#2026 09 16 09:52:32.586#Z#DEBUG#52171575-b1b4-11f1-bf33-eeee0a8e3dbc.OPERATION#flowable-async-job-executor-thread-15143#
[DetermineServiceCreateUpdateServiceActionsStep] Executing task "DetermineServiceCreateUpdateActionsTask" of process "5646dc4f-b1b4-11f1-bf33-eeee0a8e3dbc"...#
#2026 09 16 09:52:32.587#Z#INFO#52171575-b1b4-11f1-bf33-eeee0a8e3dbc.OPERATION#flowable-async-job-executor-thread-15143#
[DetermineServiceCreateUpdateServiceActionsStep] Processing service "incident-management-db"...#
#2026 09 16 09:52:32.591#Z#DEBUG#52171575-b1b4-11f1-bf33-eeee0a8e3dbc.OPERATION#flowable-async-job-executor-thread-15143#
[DetermineServiceCreateUpdateServiceActionsStep] Getting service instance "incident-management-db"...#
#2026 09 16 09:52:32.625#Z#DEBUG#52171575-b1b4-11f1-bf33-eeee0a8e3dbc.OPERATION#flowable-async-job-executor-thread-15143#
[DetermineServiceCreateUpdateServiceActionsStep] Service should be created#
#2026 09 16 09:52:32.627#Z#DEBUG#52171575-b1b4-11f1-bf33-eeee0a8e3dbc.OPERATION#flowable-async-job-executor-thread-15143#
Step "Determine update actions" finished#
#2026 09 16 09:52:32.670#Z#DEBUG#52171575-b1b4-11f1-bf33-eeee0a8e3dbc.OPERATION#flowable-async-job-executor-thread-15143#
[CreateServiceStep] Executing task "CreateServiceTask" of process "5646dc4f-b1b4-11f1-bf33-eeee0a8e3dbc"...#
#2026 09 16 09:52:32.673#Z#INFO#52171575-b1b4-11f1-bf33-eeee0a8e3dbc.OPERATION#flowable-async-job-executor-thread-15143#
[CreateServiceStep] Creating service "incident-management-db" from MTA resource "incident-management-db"...#
#2026 09 16 09:52:32.677#Z#DEBUG#52171575-b1b4-11f1-bf33-eeee0a8e3dbc.OPERATION#flowable-async-job-executor-thread-15143#
[CreateServiceStep] Creating service instance: {
  "isOptional" : false,
  "isManaged" : true,
  "name" : "incident-management-db",
  "v3Metadata" : {
    "annotations" : {
      "mta_id" : "incident-management",
      "mta_version" : "1.0.0",
      "mta_resource" : "{\"name\":\"incident-management-db\"}"
    },
    "labels" : {
      "mta_id" : "65411f2f607a75efbe525f81cfecafad"
    }
  },
  "label" : "hana",
  "plan" : "hdi-shared",
  "credentials" : "********",
  "tags" : [ ],
  "type" : "managed",
  "resourceName" : "incident-management-db",
  "shouldSkipParametersUpdate" : false,
  "shouldSkipPlanUpdate" : false,
  "shouldSkipTagsUpdate" : false,
  "shouldSkipSyslogUrlUpdate" : false
}#
#2026 09 16 09:52:32.895#Z#DEBUG#52171575-b1b4-11f1-bf33-eeee0a8e3dbc.OPERATION#flowable-async-job-executor-thread-15143#
[CreateServiceStep] Service "incident-management-db" created#
#2026 09 16 09:52:32.895#Z#DEBUG#52171575-b1b4-11f1-bf33-eeee0a8e3dbc.OPERATION#flowable-async-job-executor-thread-15143#
[CreateServiceStep] Triggered service operations: {
  "incident-management-db" : "CREATE"
}#
#2026 09 16 09:52:32.896#Z#DEBUG#52171575-b1b4-11f1-bf33-eeee0a8e3dbc.OPERATION#flowable-async-job-executor-thread-15143#
Step "Create" finished#
#2026 09 16 09:52:39.750#Z#DEBUG#52171575-b1b4-11f1-bf33-eeee0a8e3dbc.OPERATION#flowable-async-job-executor-thread-15149#
[CreateServiceStep] Executing task "CreateServiceTask" of process "5479e418-b1b4-11f1-bf33-eeee0a8e3dbc"...#
#2026 09 16 09:52:39.751#Z#DEBUG#52171575-b1b4-11f1-bf33-eeee0a8e3dbc.OPERATION#flowable-async-job-executor-thread-15149#
[CreateServiceStep] Polling service operations...#
#2026 09 16 09:52:39.756#Z#DEBUG#52171575-b1b4-11f1-bf33-eeee0a8e3dbc.OPERATION#flowable-async-job-executor-thread-15149#
[CreateServiceStep] Getting service instance "incident-management-destination"...#
#2026 09 16 09:52:39.756#Z#DEBUG#52171575-b1b4-11f1-bf33-eeee0a8e3dbc.OPERATION#flowable-async-job-executor-thread-15152#
[CreateServiceStep] Executing task "CreateServiceTask" of process "5646dc4f-b1b4-11f1-bf33-eeee0a8e3dbc"...#
#2026 09 16 09:52:39.758#Z#DEBUG#52171575-b1b4-11f1-bf33-eeee0a8e3dbc.OPERATION#flowable-async-job-executor-thread-15152#
[CreateServiceStep] Polling service operations...#
#2026 09 16 09:52:39.762#Z#DEBUG#52171575-b1b4-11f1-bf33-eeee0a8e3dbc.OPERATION#flowable-async-job-executor-thread-15152#
[CreateServiceStep] Getting service instance "incident-management-db"...#
#2026 09 16 09:52:39.798#Z#DEBUG#52171575-b1b4-11f1-bf33-eeee0a8e3dbc.OPERATION#flowable-async-job-executor-thread-15146#
[CreateServiceStep] Executing task "CreateServiceTask" of process "549953d3-b1b4-11f1-8fe4-eeee0a80bcf5"...#
#2026 09 16 09:52:39.799#Z#DEBUG#52171575-b1b4-11f1-bf33-eeee0a8e3dbc.OPERATION#flowable-async-job-executor-thread-15146#
[CreateServiceStep] Polling service operations...#
#2026 09 16 09:52:39.802#Z#DEBUG#52171575-b1b4-11f1-bf33-eeee0a8e3dbc.OPERATION#flowable-async-job-executor-thread-15146#
[CreateServiceStep] Getting service instance "incident-management-html5-repo-host"...#
#2026 09 16 09:52:39.881#Z#DEBUG#52171575-b1b4-11f1-bf33-eeee0a8e3dbc.OPERATION#flowable-async-job-executor-thread-15149#
[CreateServiceStep] Last operation for service "incident-management-destination": {
  "type" : "CREATE",
  "description" : "",
  "state" : "SUCCEEDED"
}#
#2026 09 16 09:52:39.881#Z#DEBUG#52171575-b1b4-11f1-bf33-eeee0a8e3dbc.OPERATION#flowable-async-job-executor-thread-15149#
[CreateServiceStep] Service "incident-management-destination" created#
#2026 09 16 09:52:39.881#Z#INFO#52171575-b1b4-11f1-bf33-eeee0a8e3dbc.OPERATION#flowable-async-job-executor-thread-15149#
[CreateServiceStep] 1 of 1 done#
#2026 09 16 09:52:39.883#Z#DEBUG#52171575-b1b4-11f1-bf33-eeee0a8e3dbc.OPERATION#flowable-async-job-executor-thread-15152#
[CreateServiceStep] Last operation for service "incident-management-db": {
  "type" : "CREATE",
  "state" : "SUCCEEDED"
}#
#2026 09 16 09:52:39.883#Z#DEBUG#52171575-b1b4-11f1-bf33-eeee0a8e3dbc.OPERATION#flowable-async-job-executor-thread-15152#
[CreateServiceStep] Service "incident-management-db" created#
#2026 09 16 09:52:39.884#Z#INFO#52171575-b1b4-11f1-bf33-eeee0a8e3dbc.OPERATION#flowable-async-job-executor-thread-15152#
[CreateServiceStep] 1 of 1 done#
#2026 09 16 09:52:39.887#Z#DEBUG#52171575-b1b4-11f1-bf33-eeee0a8e3dbc.OPERATION#flowable-async-job-executor-thread-15149#
[CreateServiceStep] Remaining services to poll: [ ]#
#2026 09 16 09:52:39.888#Z#DEBUG#52171575-b1b4-11f1-bf33-eeee0a8e3dbc.OPERATION#flowable-async-job-executor-thread-15149#
Step "Create" finished#
#2026 09 16 09:52:39.889#Z#DEBUG#52171575-b1b4-11f1-bf33-eeee0a8e3dbc.OPERATION#flowable-async-job-executor-thread-15152#
[CreateServiceStep] Remaining services to poll: [ ]#
#2026 09 16 09:52:39.890#Z#DEBUG#52171575-b1b4-11f1-bf33-eeee0a8e3dbc.OPERATION#flowable-async-job-executor-thread-15152#
Step "Create" finished#
#2026 09 16 09:52:39.936#Z#DEBUG#52171575-b1b4-11f1-bf33-eeee0a8e3dbc.OPERATION#flowable-async-job-executor-thread-15146#
[CreateServiceStep] Last operation for service "incident-management-html5-repo-host": {
  "type" : "CREATE",
  "description" : "",
  "state" : "SUCCEEDED"
}#
#2026 09 16 09:52:39.936#Z#DEBUG#52171575-b1b4-11f1-bf33-eeee0a8e3dbc.OPERATION#flowable-async-job-executor-thread-15146#
[CreateServiceStep] Service "incident-management-html5-repo-host" created#
#2026 09 16 09:52:39.936#Z#INFO#52171575-b1b4-11f1-bf33-eeee0a8e3dbc.OPERATION#flowable-async-job-executor-thread-15146#
[CreateServiceStep] 1 of 1 done#
#2026 09 16 09:52:39.943#Z#DEBUG#52171575-b1b4-11f1-bf33-eeee0a8e3dbc.OPERATION#flowable-async-job-executor-thread-15146#
[CreateServiceStep] Remaining services to poll: [ ]#
#2026 09 16 09:52:39.944#Z#DEBUG#52171575-b1b4-11f1-bf33-eeee0a8e3dbc.OPERATION#flowable-async-job-executor-thread-15146#
Step "Create" finished#
#2026 09 16 09:52:39.746#Z#DEBUG#52171575-b1b4-11f1-bf33-eeee0a8e3dbc.OPERATION#flowable-async-job-executor-thread-12378#
[CreateServiceStep] Executing task "CreateServiceTask" of process "53274d1a-b1b4-11f1-bf33-eeee0a8e3dbc"...#
#2026 09 16 09:52:39.748#Z#DEBUG#52171575-b1b4-11f1-bf33-eeee0a8e3dbc.OPERATION#flowable-async-job-executor-thread-12378#
[CreateServiceStep] Polling service operations...#
#2026 09 16 09:52:39.807#Z#DEBUG#52171575-b1b4-11f1-bf33-eeee0a8e3dbc.OPERATION#flowable-async-job-executor-thread-12378#
[CreateServiceStep] Getting service instance "incident-management-auth"...#
#2026 09 16 09:52:39.943#Z#DEBUG#52171575-b1b4-11f1-bf33-eeee0a8e3dbc.OPERATION#flowable-async-job-executor-thread-12378#
[CreateServiceStep] Last operation for service "incident-management-auth": {
  "type" : "CREATE",
  "description" : "",
  "state" : "SUCCEEDED"
}#
#2026 09 16 09:52:39.943#Z#DEBUG#52171575-b1b4-11f1-bf33-eeee0a8e3dbc.OPERATION#flowable-async-job-executor-thread-12378#
[CreateServiceStep] Service "incident-management-auth" created#
#2026 09 16 09:52:39.943#Z#INFO#52171575-b1b4-11f1-bf33-eeee0a8e3dbc.OPERATION#flowable-async-job-executor-thread-12378#
[CreateServiceStep] 1 of 1 done#
#2026 09 16 09:52:39.949#Z#DEBUG#52171575-b1b4-11f1-bf33-eeee0a8e3dbc.OPERATION#flowable-async-job-executor-thread-12378#
[CreateServiceStep] Remaining services to poll: [ ]#
#2026 09 16 09:52:39.950#Z#DEBUG#52171575-b1b4-11f1-bf33-eeee0a8e3dbc.OPERATION#flowable-async-job-executor-thread-12378#
Step "Create" finished#
#2026 09 16 09:52:41.924#Z#DEBUG#52171575-b1b4-11f1-bf33-eeee0a8e3dbc.OPERATION#flowable-async-job-executor-thread-15150#
[PrepareModulesDeploymentStep] Executing task "prepareModulesDeploymentTask" of process "5bdd3849-b1b4-11f1-bf33-eeee0a8e3dbc"...#
#2026 09 16 09:52:41.926#Z#DEBUG#52171575-b1b4-11f1-bf33-eeee0a8e3dbc.OPERATION#flowable-async-job-executor-thread-15150#
[PrepareModulesDeploymentStep] Preparing modules deployment...#
#2026 09 16 09:52:41.932#Z#DEBUG#52171575-b1b4-11f1-bf33-eeee0a8e3dbc.OPERATION#flowable-async-job-executor-thread-15150#
Step "Prepare Modules Deployment" finished#
#2026 09 16 09:52:41.976#Z#DEBUG#52171575-b1b4-11f1-bf33-eeee0a8e3dbc.OPERATION#flowable-async-job-executor-thread-15150#
[ComputeNextModulesStep] Executing task "computeNextModulesToDeployInParallel" of process "5bdd3849-b1b4-11f1-bf33-eeee0a8e3dbc"...#
#2026 09 16 09:52:41.977#Z#DEBUG#52171575-b1b4-11f1-bf33-eeee0a8e3dbc.OPERATION#flowable-async-job-executor-thread-15150#
[ComputeNextModulesStep] Computing modules for next parallel iteration...#
#2026 09 16 09:52:41.980#Z#DEBUG#52171575-b1b4-11f1-bf33-eeee0a8e3dbc.OPERATION#flowable-async-job-executor-thread-15150#
[ComputeNextModulesStep] Completed modules detected: []#
#2026 09 16 09:52:41.980#Z#DEBUG#52171575-b1b4-11f1-bf33-eeee0a8e3dbc.OPERATION#flowable-async-job-executor-thread-15150#
[ComputeNextModulesStep] All modules for deploy detected: [incident-management-app-deployer, incident-management-db-deployer, incident-management-srv, incident-management-destinations]#
#2026 09 16 09:52:41.980#Z#DEBUG#52171575-b1b4-11f1-bf33-eeee0a8e3dbc.OPERATION#flowable-async-job-executor-thread-15150#
[ComputeNextModulesStep] Modules not for deploy detected: []#
#2026 09 16 09:52:41.981#Z#DEBUG#52171575-b1b4-11f1-bf33-eeee0a8e3dbc.OPERATION#flowable-async-job-executor-thread-15150#
[ComputeNextModulesStep] Computed modules for next parallel iteration: [ {
  "majorSchemaVersion" : 3,
  "name" : "incident-management-srv",
  "type" : "javascript.nodejs",
  "path" : "incident-management-srv",
  "properties" : { },
  "parameters" : {
    "app-name" : "incident-management-srv",
    "buildpack" : "nodejs_buildpack",
    "default-app-name" : "incident-management-srv",
    "default-host" : "f6fb8b98trial-dev-incident-management-srv",
    "default-instances" : 1,
    "default-live-app-name" : "incident-management-srv",
    "default-live-domain" : "cfapps.us10-001.hana.ondemand.com",
    "default-live-host" : "f6fb8b98trial-dev-incident-management-srv",
    "default-live-uri" : "f6fb8b98trial-dev-incident-management-srv.cfapps.us10-001.hana.ondemand.com",
    "default-live-url" : "https://f6fb8b98trial-dev-incident-management-srv.cfapps.us10-001.hana.ondemand.com",
    "default-uri" : "f6fb8b98trial-dev-incident-management-srv.cfapps.us10-001.hana.ondemand.com",
    "default-url" : "https://f6fb8b98trial-dev-incident-management-srv.cfapps.us10-001.hana.ondemand.com",
    "dependency-type" : "soft",
    "domain" : "cfapps.us10-001.hana.ondemand.com",
    "generated-password" : "********",
    "generated-user" : "********",
    "host" : "f6fb8b98trial-dev-incident-management-srv",
    "instances" : 1,
    "protocol" : "https"
  },
  "requiredDependencies" : [ {
    "majorSchemaVersion" : 3,
    "name" : "********",
    "properties" : { },
    "parameters" : { },
    "propertiesMetadata" : {
      "metadata" : { }
    },
    "parametersMetadata" : {
      "metadata" : { }
    }
  }, {
    "majorSchemaVersion" : 3,
    "name" : "incident-management-db",
    "properties" : { },
    "parameters" : { },
    "propertiesMetadata" : {
      "metadata" : { }
    },
    "parametersMetadata" : {
      "metadata" : { }
    }
  }, {
    "majorSchemaVersion" : 3,
    "name" : "incident-management-destination",
    "properties" : { },
    "parameters" : { },
    "propertiesMetadata" : {
      "metadata" : { }
    },
    "parametersMetadata" : {
      "metadata" : { }
    }
  } ],
  "providedDependencies" : [ {
    "majorSchemaVersion" : 3,
    "name" : "srv-api",
    "isPublic" : false,
    "properties" : {
      "srv-url" : "https://f6fb8b98trial-dev-incident-management-srv.cfapps.us10-001.hana.ondemand.com"
    },
    "parameters" : { },
    "propertiesMetadata" : {
      "metadata" : { }
    },
    "parametersMetadata" : {
      "metadata" : { }
    }
  }, {
    "majorSchemaVersion" : 3,
    "name" : "incident-management-srv",
    "isPublic" : false,
    "properties" : { },
    "parameters" : { },
    "propertiesMetadata" : {
      "metadata" : { }
    },
    "parametersMetadata" : {
      "metadata" : { }
    }
  } ],
  "propertiesMetadata" : {
    "metadata" : { }
  },
  "parametersMetadata" : {
    "metadata" : { }
  },
  "deployedAfter" : [ ],
  "hooks" : [ ]
}, {
  "majorSchemaVersion" : 3,
  "name" : "incident-management-db-deployer",
  "type" : "com.sap.xs.hdi",
  "path" : "incident-management-db-deployer",
  "properties" : {
    "EXIT" : 1
  },
  "parameters" : {
    "app-name" : "incident-management-db-deployer",
    "buildpack" : "nodejs_buildpack",
    "default-app-name" : "incident-management-db-deployer",
    "default-host" : "f6fb8b98trial-dev-incident-management-db-deployer",
    "default-instances" : 1,
    "default-live-app-name" : "incident-management-db-deployer",
    "default-live-domain" : "cfapps.us10-001.hana.ondemand.com",
    "default-live-host" : "f6fb8b98trial-dev-incident-management-db-deployer",
    "default-live-uri" : "f6fb8b98trial-dev-incident-management-db-deployer.cfapps.us10-001.hana.ondemand.com",
    "default-live-url" : "https://f6fb8b98trial-dev-incident-management-db-deployer.cfapps.us10-001.hana.ondemand.com",
    "default-uri" : "f6fb8b98trial-dev-incident-management-db-deployer.cfapps.us10-001.hana.ondemand.com",
    "default-url" : "https://f6fb8b98trial-dev-incident-management-db-deployer.cfapps.us10-001.hana.ondemand.com",
    "dependency-type" : "hard",
    "domain" : "cfapps.us10-001.hana.ondemand.com",
    "generated-password" : "********",
    "generated-user" : "********",
    "host" : "f6fb8b98trial-dev-incident-management-db-deployer",
    "instances" : 1,
    "memory" : "256M",
    "no-route" : true,
    "no-start" : true,
    "protocol" : "https",
    "tasks" : [ {
      "command" : "npm start",
      "memory" : "256M",
      "name" : "deploy"
    } ]
  },
  "requiredDependencies" : [ {
    "majorSchemaVersion" : 3,
    "name" : "incident-management-db",
    "properties" : { },
    "parameters" : { },
    "propertiesMetadata" : {
      "metadata" : { }
    },
    "parametersMetadata" : {
      "metadata" : { }
    }
  } ],
  "providedDependencies" : [ {
    "majorSchemaVersion" : 3,
    "name" : "incident-management-db-deployer",
    "isPublic" : false,
    "properties" : { },
    "parameters" : { },
    "propertiesMetadata" : {
      "metadata" : { }
    },
    "parametersMetadata" : {
      "metadata" : { }
    }
  } ],
  "propertiesMetadata" : {
    "metadata" : { }
  },
  "parametersMetadata" : {
    "metadata" : { }
  },
  "deployedAfter" : [ ],
  "hooks" : [ ]
}, {
  "majorSchemaVersion" : 3,
  "name" : "incident-management-app-deployer",
  "type" : "com.sap.application.content",
  "path" : "incident-management-app-deployer",
  "properties" : { },
  "parameters" : {
    "app-name" : "incident-management-app-deployer",
    "config" : {
      "destinations" : [ {
        "Authentication" : "********",
        "DynamicDestination" : true,
        "ForwardAuthToken" : "********",
        "Name" : "srv-api",
        "ProxyType" : "Internet",
        "Type" : "HTTP",
        "URL" : "https://f6fb8b98trial-dev-incident-management-srv.cfapps.us10-001.hana.ondemand.com"
      } ]
    },
    "default-app-name" : "incident-management-app-deployer",
    "default-host" : "f6fb8b98trial-dev-incident-management-app-deployer",
    "default-instances" : 1,
    "default-live-app-name" : "incident-management-app-deployer",
    "default-live-domain" : "cfapps.us10-001.hana.ondemand.com",
    "default-live-host" : "f6fb8b98trial-dev-incident-management-app-deployer",
    "default-live-uri" : "f6fb8b98trial-dev-incident-management-app-deployer.cfapps.us10-001.hana.ondemand.com",
    "default-live-url" : "https://f6fb8b98trial-dev-incident-management-app-deployer.cfapps.us10-001.hana.ondemand.com",
    "default-uri" : "f6fb8b98trial-dev-incident-management-app-deployer.cfapps.us10-001.hana.ondemand.com",
    "default-url" : "https://f6fb8b98trial-dev-incident-management-app-deployer.cfapps.us10-001.hana.ondemand.com",
    "dependency-type" : "soft",
    "domain" : "cfapps.us10-001.hana.ondemand.com",
    "generated-password" : "********",
    "generated-user" : "********",
    "host" : "f6fb8b98trial-dev-incident-management-app-deployer",
    "instances" : 1,
    "protocol" : "https"
  },
  "requiredDependencies" : [ {
    "majorSchemaVersion" : 3,
    "name" : "********",
    "properties" : { },
    "parameters" : { },
    "propertiesMetadata" : {
      "metadata" : { }
    },
    "parametersMetadata" : {
      "metadata" : { }
    }
  }, {
    "majorSchemaVersion" : 3,
    "name" : "srv-api",
    "properties" : { },
    "parameters" : { },
    "propertiesMetadata" : {
      "metadata" : { }
    },
    "parametersMetadata" : {
      "metadata" : { }
    }
  }, {
    "majorSchemaVersion" : 3,
    "name" : "incident-management-html5-repo-host",
    "properties" : { },
    "parameters" : {
      "config" : {
        "HTML5Runtime_enabled" : true
      },
      "content-target" : true
    },
    "propertiesMetadata" : {
      "metadata" : { }
    },
    "parametersMetadata" : {
      "metadata" : { }
    }
  } ],
  "providedDependencies" : [ {
    "majorSchemaVersion" : 3,
    "name" : "incident-management-app-deployer",
    "isPublic" : false,
    "properties" : { },
    "parameters" : { },
    "propertiesMetadata" : {
      "metadata" : { }
    },
    "parametersMetadata" : {
      "metadata" : { }
    }
  } ],
  "propertiesMetadata" : {
    "metadata" : { }
  },
  "parametersMetadata" : {
    "metadata" : { }
  },
  "deployedAfter" : [ ],
  "hooks" : [ ]
}, {
  "majorSchemaVersion" : 3,
  "name" : "incident-management-destinations",
  "type" : "com.sap.application.content",
  "properties" : { },
  "parameters" : {
    "app-name" : "incident-management-destinations",
    "content" : {
      "instance" : {
        "destinations" : [ {
          "Name" : "incident-management-html5-repository",
          "ServiceInstanceName" : "incident-management-html5-repo-host",
          "ServiceKeyName" : "********",
          "sap.cloud.service" : "incidentmanagement.service"
        }, {
          "Authentication" : "********",
          "Name" : "********",
          "ServiceInstanceName" : "********",
          "ServiceKeyName" : "********",
          "sap.cloud.service" : "incidentmanagement.service"
        } ],
        "existing_destinations_policy" : "update"
      }
    },
    "default-app-name" : "incident-management-destinations",
    "default-host" : "f6fb8b98trial-dev-incident-management-destinations",
    "default-instances" : 1,
    "default-live-app-name" : "incident-management-destinations",
    "default-live-domain" : "cfapps.us10-001.hana.ondemand.com",
    "default-live-host" : "f6fb8b98trial-dev-incident-management-destinations",
    "default-live-uri" : "f6fb8b98trial-dev-incident-management-destinations.cfapps.us10-001.hana.ondemand.com",
    "default-live-url" : "https://f6fb8b98trial-dev-incident-management-destinations.cfapps.us10-001.hana.ondemand.com",
    "default-uri" : "f6fb8b98trial-dev-incident-management-destinations.cfapps.us10-001.hana.ondemand.com",
    "default-url" : "https://f6fb8b98trial-dev-incident-management-destinations.cfapps.us10-001.hana.ondemand.com",
    "dependency-type" : "soft",
    "domain" : "cfapps.us10-001.hana.ondemand.com",
    "generated-password" : "********",
    "generated-user" : "********",
    "host" : "f6fb8b98trial-dev-incident-management-destinations",
    "instances" : 1,
    "protocol" : "https"
  },
  "requiredDependencies" : [ {
    "majorSchemaVersion" : 3,
    "name" : "********",
    "properties" : { },
    "parameters" : {
      "service-key" : "********"
    },
    "propertiesMetadata" : {
      "metadata" : { }
    },
    "parametersMetadata" : {
      "metadata" : { }
    }
  }, {
    "majorSchemaVersion" : 3,
    "name" : "incident-management-html5-repo-host",
    "properties" : { },
    "parameters" : {
      "service-key" : "********"
    },
    "propertiesMetadata" : {
      "metadata" : { }
    },
    "parametersMetadata" : {
      "metadata" : { }
    }
  }, {
    "majorSchemaVersion" : 3,
    "name" : "srv-api",
    "properties" : { },
    "parameters" : { },
    "propertiesMetadata" : {
      "metadata" : { }
    },
    "parametersMetadata" : {
      "metadata" : { }
    }
  }, {
    "majorSchemaVersion" : 3,
    "name" : "incident-management-destination",
    "properties" : { },
    "parameters" : {
      "content-target" : true
    },
    "propertiesMetadata" : {
      "metadata" : { }
    },
    "parametersMetadata" : {
      "metadata" : { }
    }
  } ],
  "providedDependencies" : [ {
    "majorSchemaVersion" : 3,
    "name" : "incident-management-destinations",
    "isPublic" : false,
    "properties" : { },
    "parameters" : { },
    "propertiesMetadata" : {
      "metadata" : { }
    },
    "parametersMetadata" : {
      "metadata" : { }
    }
  } ],
  "propertiesMetadata" : {
    "metadata" : { }
  },
  "parametersMetadata" : {
    "metadata" : { }
  },
  "deployedAfter" : [ ],
  "hooks" : [ ]
} ]#
#2026 09 16 09:52:41.981#Z#DEBUG#52171575-b1b4-11f1-bf33-eeee0a8e3dbc.OPERATION#flowable-async-job-executor-thread-15150#
Step "Compute Next Modules To Deploy" finished#
#2026 09 16 09:52:42.231#Z#DEBUG#52171575-b1b4-11f1-bf33-eeee0a8e3dbc.OPERATION#flowable-async-job-executor-thread-15150#
[ProcessDescriptorStep] Executing task "reprocessDescriptorTask" of process "5c024d40-b1b4-11f1-bf33-eeee0a8e3dbc"...#
#2026 09 16 09:52:42.232#Z#DEBUG#52171575-b1b4-11f1-bf33-eeee0a8e3dbc.OPERATION#flowable-async-job-executor-thread-15150#
[ProcessDescriptorStep] Resolving properties and parameters in merged descriptor...#
#2026 09 16 09:52:42.236#Z#DEBUG#52171575-b1b4-11f1-bf33-eeee0a8e3dbc.OPERATION#flowable-async-job-executor-thread-15150#
[ProcessDescriptorStep] Subscriptions: [ ]#
#2026 09 16 09:52:42.253#Z#DEBUG#52171575-b1b4-11f1-bf33-eeee0a8e3dbc.OPERATION#flowable-async-job-executor-thread-15150#
[ProcessDescriptorStep] MTA modules: [incident-management-app-deployer, incident-management-db-deployer, incident-management-srv, incident-management-destinations]#
#2026 09 16 09:52:42.261#Z#DEBUG#52171575-b1b4-11f1-bf33-eeee0a8e3dbc.OPERATION#flowable-async-job-executor-thread-15150#
[ProcessDescriptorStep] Resolved deployment descriptor: {
  "majorSchemaVersion" : 3,
  "schemaVersion" : "3.3.0",
  "id" : "incident-management",
  "version" : "1.0.0",
  "modules" : [ {
    "majorSchemaVersion" : 3,
    "name" : "incident-management-srv",
    "type" : "javascript.nodejs",
    "path" : "incident-management-srv",
    "properties" : { },
    "parameters" : {
      "default-url" : "https://f6fb8b98trial-dev-incident-management-srv.cfapps.us10-001.hana.ondemand.com",
      "default-app-name" : "incident-management-srv",
      "generated-password" : "********",
      "default-live-url" : "https://f6fb8b98trial-dev-incident-management-srv.cfapps.us10-001.hana.ondemand.com",
      "default-uri" : "f6fb8b98trial-dev-incident-management-srv.cfapps.us10-001.hana.ondemand.com",
      "default-instances" : 1,
      "default-live-host" : "f6fb8b98trial-dev-incident-management-srv",
      "instances" : 1,
      "buildpack" : "nodejs_buildpack",
      "default-host" : "f6fb8b98trial-dev-incident-management-srv",
      "app-name" : "incident-management-srv",
      "default-live-uri" : "f6fb8b98trial-dev-incident-management-srv.cfapps.us10-001.hana.ondemand.com",
      "protocol" : "https",
      "default-live-app-name" : "incident-management-srv",
      "default-live-domain" : "cfapps.us10-001.hana.ondemand.com",
      "domain" : "cfapps.us10-001.hana.ondemand.com",
      "host" : "f6fb8b98trial-dev-incident-management-srv",
      "generated-user" : "********"
    },
    "requiredDependencies" : [ {
      "majorSchemaVersion" : 3,
      "name" : "********",
      "properties" : { },
      "parameters" : { },
      "propertiesMetadata" : {
        "metadata" : { }
      },
      "parametersMetadata" : {
        "metadata" : { }
      }
    }, {
      "majorSchemaVersion" : 3,
      "name" : "incident-management-db",
      "properties" : { },
      "parameters" : { },
      "propertiesMetadata" : {
        "metadata" : { }
      },
      "parametersMetadata" : {
        "metadata" : { }
      }
    }, {
      "majorSchemaVersion" : 3,
      "name" : "incident-management-destination",
      "properties" : { },
      "parameters" : { },
      "propertiesMetadata" : {
        "metadata" : { }
      },
      "parametersMetadata" : {
        "metadata" : { }
      }
    } ],
    "providedDependencies" : [ {
      "majorSchemaVersion" : 3,
      "name" : "srv-api",
      "isPublic" : false,
      "properties" : {
        "srv-url" : "https://f6fb8b98trial-dev-incident-management-srv.cfapps.us10-001.hana.ondemand.com"
      },
      "parameters" : { },
      "propertiesMetadata" : {
        "metadata" : { }
      },
      "parametersMetadata" : {
        "metadata" : { }
      }
    }, {
      "majorSchemaVersion" : 3,
      "name" : "incident-management-srv",
      "isPublic" : false,
      "properties" : { },
      "parameters" : { },
      "propertiesMetadata" : {
        "metadata" : { }
      },
      "parametersMetadata" : {
        "metadata" : { }
      }
    } ],
    "propertiesMetadata" : {
      "metadata" : { }
    },
    "parametersMetadata" : {
      "metadata" : { }
    },
    "hooks" : [ ]
  }, {
    "majorSchemaVersion" : 3,
    "name" : "incident-management-db-deployer",
    "type" : "com.sap.xs.hdi",
    "path" : "incident-management-db-deployer",
    "properties" : {
      "EXIT" : 1
    },
    "parameters" : {
      "default-url" : "https://f6fb8b98trial-dev-incident-management-db-deployer.cfapps.us10-001.hana.ondemand.com",
      "default-app-name" : "incident-management-db-deployer",
      "generated-password" : "********",
      "default-live-url" : "https://f6fb8b98trial-dev-incident-management-db-deployer.cfapps.us10-001.hana.ondemand.com",
      "default-uri" : "f6fb8b98trial-dev-incident-management-db-deployer.cfapps.us10-001.hana.ondemand.com",
      "memory" : "256M",
      "default-instances" : 1,
      "no-route" : true,
      "default-live-host" : "f6fb8b98trial-dev-incident-management-db-deployer",
      "instances" : 1,
      "buildpack" : "nodejs_buildpack",
      "default-host" : "f6fb8b98trial-dev-incident-management-db-deployer",
      "app-name" : "incident-management-db-deployer",
      "default-live-uri" : "f6fb8b98trial-dev-incident-management-db-deployer.cfapps.us10-001.hana.ondemand.com",
      "protocol" : "https",
      "default-live-app-name" : "incident-management-db-deployer",
      "default-live-domain" : "cfapps.us10-001.hana.ondemand.com",
      "dependency-type" : "hard",
      "domain" : "cfapps.us10-001.hana.ondemand.com",
      "host" : "f6fb8b98trial-dev-incident-management-db-deployer",
      "generated-user" : "********",
      "tasks" : [ {
        "command" : "npm start",
        "memory" : "256M",
        "name" : "deploy"
      } ],
      "no-start" : true
    },
    "requiredDependencies" : [ {
      "majorSchemaVersion" : 3,
      "name" : "incident-management-db",
      "properties" : { },
      "parameters" : { },
      "propertiesMetadata" : {
        "metadata" : { }
      },
      "parametersMetadata" : {
        "metadata" : { }
      }
    } ],
    "providedDependencies" : [ {
      "majorSchemaVersion" : 3,
      "name" : "incident-management-db-deployer",
      "isPublic" : false,
      "properties" : { },
      "parameters" : { },
      "propertiesMetadata" : {
        "metadata" : { }
      },
      "parametersMetadata" : {
        "metadata" : { }
      }
    } ],
    "propertiesMetadata" : {
      "metadata" : { }
    },
    "parametersMetadata" : {
      "metadata" : { }
    },
    "hooks" : [ ]
  }, {
    "majorSchemaVersion" : 3,
    "name" : "incident-management-app-deployer",
    "type" : "com.sap.application.content",
    "path" : "incident-management-app-deployer",
    "properties" : { },
    "parameters" : {
      "default-url" : "https://f6fb8b98trial-dev-incident-management-app-deployer.cfapps.us10-001.hana.ondemand.com",
      "default-app-name" : "incident-management-app-deployer",
      "generated-password" : "********",
      "default-live-url" : "https://f6fb8b98trial-dev-incident-management-app-deployer.cfapps.us10-001.hana.ondemand.com",
      "default-uri" : "f6fb8b98trial-dev-incident-management-app-deployer.cfapps.us10-001.hana.ondemand.com",
      "default-instances" : 1,
      "default-live-host" : "f6fb8b98trial-dev-incident-management-app-deployer",
      "instances" : 1,
      "default-host" : "f6fb8b98trial-dev-incident-management-app-deployer",
      "app-name" : "incident-management-app-deployer",
      "default-live-uri" : "f6fb8b98trial-dev-incident-management-app-deployer.cfapps.us10-001.hana.ondemand.com",
      "protocol" : "https",
      "default-live-app-name" : "incident-management-app-deployer",
      "default-live-domain" : "cfapps.us10-001.hana.ondemand.com",
      "domain" : "cfapps.us10-001.hana.ondemand.com",
      "host" : "f6fb8b98trial-dev-incident-management-app-deployer",
      "generated-user" : "********",
      "config" : {
        "destinations" : [ {
          "Authentication" : "********",
          "DynamicDestination" : true,
          "ForwardAuthToken" : "********",
          "Name" : "srv-api",
          "ProxyType" : "Internet",
          "Type" : "HTTP",
          "URL" : "https://f6fb8b98trial-dev-incident-management-srv.cfapps.us10-001.hana.ondemand.com"
        } ]
      }
    },
    "requiredDependencies" : [ {
      "majorSchemaVersion" : 3,
      "name" : "********",
      "properties" : { },
      "parameters" : { },
      "propertiesMetadata" : {
        "metadata" : { }
      },
      "parametersMetadata" : {
        "metadata" : { }
      }
    }, {
      "majorSchemaVersion" : 3,
      "name" : "srv-api",
      "properties" : { },
      "parameters" : { },
      "propertiesMetadata" : {
        "metadata" : { }
      },
      "parametersMetadata" : {
        "metadata" : { }
      }
    }, {
      "majorSchemaVersion" : 3,
      "name" : "incident-management-html5-repo-host",
      "properties" : { },
      "parameters" : {
        "config" : {
          "HTML5Runtime_enabled" : true
        },
        "content-target" : true
      },
      "propertiesMetadata" : {
        "metadata" : { }
      },
      "parametersMetadata" : {
        "metadata" : { }
      }
    } ],
    "providedDependencies" : [ {
      "majorSchemaVersion" : 3,
      "name" : "incident-management-app-deployer",
      "isPublic" : false,
      "properties" : { },
      "parameters" : { },
      "propertiesMetadata" : {
        "metadata" : { }
      },
      "parametersMetadata" : {
        "metadata" : { }
      }
    } ],
    "propertiesMetadata" : {
      "metadata" : { }
    },
    "parametersMetadata" : {
      "metadata" : { }
    },
    "hooks" : [ ]
  }, {
    "majorSchemaVersion" : 3,
    "name" : "incident-management-destinations",
    "type" : "com.sap.application.content",
    "properties" : { },
    "parameters" : {
      "default-url" : "https://f6fb8b98trial-dev-incident-management-destinations.cfapps.us10-001.hana.ondemand.com",
      "default-app-name" : "incident-management-destinations",
      "generated-password" : "********",
      "default-live-url" : "https://f6fb8b98trial-dev-incident-management-destinations.cfapps.us10-001.hana.ondemand.com",
      "default-uri" : "f6fb8b98trial-dev-incident-management-destinations.cfapps.us10-001.hana.ondemand.com",
      "default-instances" : 1,
      "default-live-host" : "f6fb8b98trial-dev-incident-management-destinations",
      "instances" : 1,
      "default-host" : "f6fb8b98trial-dev-incident-management-destinations",
      "content" : {
        "instance" : {
          "destinations" : [ {
            "Name" : "incident-management-html5-repository",
            "ServiceInstanceName" : "incident-management-html5-repo-host",
            "ServiceKeyName" : "********",
            "sap.cloud.service" : "incidentmanagement.service"
          }, {
            "Authentication" : "********",
            "Name" : "********",
            "ServiceInstanceName" : "********",
            "ServiceKeyName" : "********",
            "sap.cloud.service" : "incidentmanagement.service"
          } ],
          "existing_destinations_policy" : "update"
        }
      },
      "app-name" : "incident-management-destinations",
      "default-live-uri" : "f6fb8b98trial-dev-incident-management-destinations.cfapps.us10-001.hana.ondemand.com",
      "protocol" : "https",
      "default-live-app-name" : "incident-management-destinations",
      "default-live-domain" : "cfapps.us10-001.hana.ondemand.com",
      "domain" : "cfapps.us10-001.hana.ondemand.com",
      "host" : "f6fb8b98trial-dev-incident-management-destinations",
      "generated-user" : "********"
    },
    "requiredDependencies" : [ {
      "majorSchemaVersion" : 3,
      "name" : "********",
      "properties" : { },
      "parameters" : {
        "service-key" : "********"
      },
      "propertiesMetadata" : {
        "metadata" : { }
      },
      "parametersMetadata" : {
        "metadata" : { }
      }
    }, {
      "majorSchemaVersion" : 3,
      "name" : "incident-management-html5-repo-host",
      "properties" : { },
      "parameters" : {
        "service-key" : "********"
      },
      "propertiesMetadata" : {
        "metadata" : { }
      },
      "parametersMetadata" : {
        "metadata" : { }
      }
    }, {
      "majorSchemaVersion" : 3,
      "name" : "srv-api",
      "properties" : { },
      "parameters" : { },
      "propertiesMetadata" : {
        "metadata" : { }
      },
      "parametersMetadata" : {
        "metadata" : { }
      }
    }, {
      "majorSchemaVersion" : 3,
      "name" : "incident-management-destination",
      "properties" : { },
      "parameters" : {
        "content-target" : true
      },
      "propertiesMetadata" : {
        "metadata" : { }
      },
      "parametersMetadata" : {
        "metadata" : { }
      }
    } ],
    "providedDependencies" : [ {
      "majorSchemaVersion" : 3,
      "name" : "incident-management-destinations",
      "isPublic" : false,
      "properties" : { },
      "parameters" : { },
      "propertiesMetadata" : {
        "metadata" : { }
      },
      "parametersMetadata" : {
        "metadata" : { }
      }
    } ],
    "propertiesMetadata" : {
      "metadata" : { }
    },
    "parametersMetadata" : {
      "metadata" : { }
    },
    "hooks" : [ ]
  } ],
  "resources" : [ {
    "majorSchemaVersion" : 3,
    "name" : "********",
    "type" : "org.cloudfoundry.managed-service",
    "properties" : { },
    "parameters" : {
      "generated-password" : "********",
      "path" : "./xs-security.json",
      "service-name" : "********",
      "service-plan" : "application",
      "service" : "xsuaa",
      "generated-user" : "********",
      "default-xsappname" : "********",
      "type" : "managed-service",
      "config" : {
        "oauth2-configuration" : "********",
        "role-collections" : [ {
          "description" : "generated",
          "name" : "support (incident-management f6fb8b98trial-dev)",
          "role-template-references" : [ "$XSAPPNAME.support" ]
        }, {
          "description" : "generated",
          "name" : "admin (incident-management f6fb8b98trial-dev)",
          "role-template-references" : [ "$XSAPPNAME.admin" ]
        } ],
        "tenant-mode" : "dedicated",
        "xsappname" : "incident-management-f6fb8b98trial-dev"
      },
      "default-service-name" : "********",
      "default-container-name" : "********"
    },
    "isActive" : true,
    "isOptional" : false,
    "propertiesMetadata" : {
      "metadata" : { }
    },
    "parametersMetadata" : {
      "metadata" : { }
    },
    "requiredDependencies" : [ ],
    "processedAfter" : [ ]
  }, {
    "majorSchemaVersion" : 3,
    "name" : "incident-management-db",
    "type" : "com.sap.xs.hdi-container",
    "properties" : { },
    "parameters" : {
      "generated-password" : "********",
      "service-name" : "incident-management-db",
      "service-plan" : "hdi-shared",
      "service" : "hana",
      "generated-user" : "********",
      "default-xsappname" : "incident-management-db",
      "type" : "managed-service",
      "default-service-name" : "incident-management-db",
      "default-container-name" : "F6FB8B98TRIAL_DEV_INCIDENT_MANAGEMENT_DB"
    },
    "isActive" : true,
    "isOptional" : false,
    "propertiesMetadata" : {
      "metadata" : { }
    },
    "parametersMetadata" : {
      "metadata" : { }
    },
    "requiredDependencies" : [ ],
    "processedAfter" : [ ]
  }, {
    "majorSchemaVersion" : 3,
    "name" : "incident-management-destination",
    "type" : "org.cloudfoundry.managed-service",
    "properties" : { },
    "parameters" : {
      "HTML5Runtime_enabled" : true,
      "generated-password" : "********",
      "service-name" : "incident-management-destination",
      "service-plan" : "lite",
      "init_data" : {
        "instance" : {
          "destinations" : [ {
            "Authentication" : "********",
            "DynamicDestination" : true,
            "ForwardAuthToken" : "********",
            "Name" : "srv-api",
            "ProxyType" : "Internet",
            "Type" : "HTTP",
            "URL" : "https://f6fb8b98trial-dev-incident-management-srv.cfapps.us10-001.hana.ondemand.com"
          } ],
          "existing_destinations_policy" : "update"
        }
      },
      "service" : "destination",
      "generated-user" : "********",
      "default-xsappname" : "incident-management-destination",
      "type" : "managed-service",
      "default-service-name" : "incident-management-destination",
      "default-container-name" : "F6FB8B98TRIAL_DEV_INCIDENT_MANAGEMENT_DESTINATION"
    },
    "isActive" : true,
    "isOptional" : false,
    "propertiesMetadata" : {
      "metadata" : { }
    },
    "parametersMetadata" : {
      "metadata" : { }
    },
    "requiredDependencies" : [ {
      "majorSchemaVersion" : 3,
      "name" : "srv-api",
      "properties" : { },
      "parameters" : { },
      "propertiesMetadata" : {
        "metadata" : { }
      },
      "parametersMetadata" : {
        "metadata" : { }
      }
    } ],
    "processedAfter" : [ ]
  }, {
    "majorSchemaVersion" : 3,
    "name" : "incident-management-html5-repo-host",
    "type" : "org.cloudfoundry.managed-service",
    "properties" : { },
    "parameters" : {
      "generated-password" : "********",
      "service-name" : "incident-management-html5-repo-host",
      "service-plan" : "app-host",
      "service" : "html5-apps-repo",
      "generated-user" : "********",
      "default-xsappname" : "incident-management-html5-repo-host",
      "type" : "managed-service",
      "default-service-name" : "incident-management-html5-repo-host",
      "default-container-name" : "F6FB8B98TRIAL_DEV_INCIDENT_MANAGEMENT_HTML5_REPO_HOST"
    },
    "isActive" : true,
    "isOptional" : false,
    "propertiesMetadata" : {
      "metadata" : { }
    },
    "parametersMetadata" : {
      "metadata" : { }
    },
    "requiredDependencies" : [ ],
    "processedAfter" : [ ]
  } ],
  "parameters" : {
    "deploy_mode" : "html5-repo",
    "mta-id" : "incident-management",
    "authorization-url" : "********",
    "org-guid" : "51770469-196a-4637-af29-36b1d314a5fa",
    "org" : "f6fb8b98trial",
    "deploy-target" : "f6fb8b98trial dev",
    "enable-parallel-deployments" : true,
    "region-primary-domain" : "us10.hana.ondemand.com",
    "space" : "dev",
    "region-domain" : "us10-001.hana.ondemand.com",
    "xs-api-url" : "https://api.cf.us10-001.hana.ondemand.com",
    "deploy-url" : "deploy-service.cfapps.us10-001.hana.ondemand.com",
    "xs-type" : "CF",
    "default-domain" : "cfapps.us10-001.hana.ondemand.com",
    "mta-version" : "1.0.0",
    "xs-auth-url" : "********",
    "space-guid" : "d54729ef-3276-4aae-bbf1-9ffea9c4a940",
    "user" : "********",
    "controller-url" : "https://api.cf.us10-001.hana.ondemand.com",
    "timestamp" : "20260916095225"
  },
  "parametersMetadata" : {
    "metadata" : { }
  }
}#
#2026 09 16 09:52:42.261#Z#DEBUG#52171575-b1b4-11f1-bf33-eeee0a8e3dbc.OPERATION#flowable-async-job-executor-thread-15150#
[ProcessDescriptorStep] Merged descriptor properties and parameters resolved#
#2026 09 16 09:52:42.261#Z#DEBUG#52171575-b1b4-11f1-bf33-eeee0a8e3dbc.OPERATION#flowable-async-job-executor-thread-15150#
Step "Re-Process Descriptor Step" finished#
#2026 09 16 09:52:42.296#Z#DEBUG#52171575-b1b4-11f1-bf33-eeee0a8e3dbc.OPERATION#flowable-async-job-executor-thread-15150#
[BuildApplicationDeployModelStep] Executing task "buildApplicationDeployModelTask" of process "5c024d40-b1b4-11f1-bf33-eeee0a8e3dbc"...#
#2026 09 16 09:52:42.299#Z#DEBUG#52171575-b1b4-11f1-bf33-eeee0a8e3dbc.OPERATION#flowable-async-job-executor-thread-15150#
[BuildApplicationDeployModelStep] Building cloud deployment model for application "incident-management-srv"...#
#2026 09 16 09:52:42.303#Z#DEBUG#52171575-b1b4-11f1-bf33-eeee0a8e3dbc.OPERATION#flowable-async-job-executor-thread-15150#
[BuildApplicationDeployModelStep] No health-check-type is specified. Setting default type: port#
#2026 09 16 09:52:42.304#Z#INFO#52171575-b1b4-11f1-bf33-eeee0a8e3dbc.OPERATION#flowable-async-job-executor-thread-15150#
[BuildApplicationDeployModelStep] Building configuration entries for org f6fb8b98trial, space dev, spaceId d54729ef-3276-4aae-bbf1-9ffea9c4a940 and namespace null!#
#2026 09 16 09:52:42.305#Z#DEBUG#52171575-b1b4-11f1-bf33-eeee0a8e3dbc.OPERATION#flowable-async-job-executor-thread-15150#
[BuildApplicationDeployModelStep] Configuration entries to publish: [ ]#
#2026 09 16 09:52:42.305#Z#DEBUG#52171575-b1b4-11f1-bf33-eeee0a8e3dbc.OPERATION#flowable-async-job-executor-thread-15150#
[BuildApplicationDeployModelStep] Cloud deployment model for application built#
#2026 09 16 09:52:42.305#Z#DEBUG#52171575-b1b4-11f1-bf33-eeee0a8e3dbc.OPERATION#flowable-async-job-executor-thread-15150#
Step "Build Application Deploy Model" finished#
#2026 09 16 09:52:42.343#Z#DEBUG#52171575-b1b4-11f1-bf33-eeee0a8e3dbc.OPERATION#flowable-async-job-executor-thread-15150#
[CreateOrUpdateAppStep] Executing task "createAppTask" of process "5c024d40-b1b4-11f1-bf33-eeee0a8e3dbc"...#
#2026 09 16 09:52:42.344#Z#DEBUG#52171575-b1b4-11f1-bf33-eeee0a8e3dbc.OPERATION#flowable-async-job-executor-thread-15150#
[CreateOrUpdateAppStep] Getting application "incident-management-srv"...#
#2026 09 16 09:52:42.367#Z#INFO#52171575-b1b4-11f1-bf33-eeee0a8e3dbc.OPERATION#flowable-async-job-executor-thread-15150#
[CreateOrUpdateAppStep] Creating application "incident-management-srv" from MTA module "incident-management-srv"...#
#2026 09 16 09:52:42.372#Z#DEBUG#52171575-b1b4-11f1-bf33-eeee0a8e3dbc.OPERATION#flowable-async-job-executor-thread-15150#
[CreateOrUpdateAppStep] Creating application "incident-management-srv" with disk "null" memory "null", URIs "f6fb8b98trial-dev-incident-management-srv.cfapps.us10-001.hana.ondemand.com" and staging: "{
  "buildpacks" : [ "nodejs_buildpack" ],
  "healthCheckType" : "port",
  "appFeatures" : { }
}"#
#2026 09 16 09:52:42.817#Z#DEBUG#52171575-b1b4-11f1-bf33-eeee0a8e3dbc.OPERATION#flowable-async-job-executor-thread-15150#
[CreateOrUpdateAppStep] Application "incident-management-srv" created#
#2026 09 16 09:52:42.817#Z#DEBUG#52171575-b1b4-11f1-bf33-eeee0a8e3dbc.OPERATION#flowable-async-job-executor-thread-15150#
Step "Create App" finished#
#2026 09 16 09:52:42.907#Z#DEBUG#52171575-b1b4-11f1-bf33-eeee0a8e3dbc.OPERATION#flowable-async-job-executor-thread-15150#
[CheckServiceBindingOperationStep] Executing task "checkForServiceBindingOperationInProgress" of process "5c76b989-b1b4-11f1-bf33-eeee0a8e3dbc"...#
#2026 09 16 09:52:42.907#Z#DEBUG#52171575-b1b4-11f1-bf33-eeee0a8e3dbc.OPERATION#flowable-async-job-executor-thread-15150#
[CheckServiceBindingOperationStep] Checking for service binding operation in progress between app "incident-management-srv" and service instance "incident-management-auth"#
#2026 09 16 09:52:42.908#Z#DEBUG#52171575-b1b4-11f1-bf33-eeee0a8e3dbc.OPERATION#flowable-async-job-executor-thread-15150#
[CheckServiceBindingOperationStep] Getting application guid "incident-management-srv"...#
#2026 09 16 09:52:42.939#Z#DEBUG#52171575-b1b4-11f1-bf33-eeee0a8e3dbc.OPERATION#flowable-async-job-executor-thread-15150#
[CheckServiceBindingOperationStep] Getting GUID of required service instance "incident-management-auth"...#
#2026 09 16 09:52:42.961#Z#DEBUG#52171575-b1b4-11f1-bf33-eeee0a8e3dbc.OPERATION#flowable-async-job-executor-thread-15150#
[CheckServiceBindingOperationStep] Getting binding of service instance "abd941c1-d42f-45ad-bdc6-0662015883e6" with application "3aa583c2-6c70-4dd2-8a10-7716453168c8"...#
#2026 09 16 09:52:42.984#Z#DEBUG#52171575-b1b4-11f1-bf33-eeee0a8e3dbc.OPERATION#flowable-async-job-executor-thread-15150#
Step "Check For Service Binding Operation In Progress" finished#
#2026 09 16 09:52:43.012#Z#DEBUG#52171575-b1b4-11f1-bf33-eeee0a8e3dbc.OPERATION#flowable-async-job-executor-thread-15150#
[DetermineApplicationServiceBindingActionsStep] Executing task "determineApplicationServiceBindingActionsTask" of process "5c76b989-b1b4-11f1-bf33-eeee0a8e3dbc"...#
#2026 09 16 09:52:43.014#Z#DEBUG#52171575-b1b4-11f1-bf33-eeee0a8e3dbc.OPERATION#flowable-async-job-executor-thread-15150#
[DetermineApplicationServiceBindingActionsStep] Determine bind/unbind operations of application "incident-management-srv" to service instance "incident-management-auth"#
#2026 09 16 09:52:43.014#Z#DEBUG#52171575-b1b4-11f1-bf33-eeee0a8e3dbc.OPERATION#flowable-async-job-executor-thread-15150#
[DetermineApplicationServiceBindingActionsStep] Getting application "incident-management-srv"...#
#2026 09 16 09:52:43.037#Z#DEBUG#52171575-b1b4-11f1-bf33-eeee0a8e3dbc.OPERATION#flowable-async-job-executor-thread-15150#
[DetermineApplicationServiceBindingActionsStep] Binding parameters for application "incident-management-srv": { }#
#2026 09 16 09:52:43.057#Z#DEBUG#52171575-b1b4-11f1-bf33-eeee0a8e3dbc.OPERATION#flowable-async-job-executor-thread-15150#
[DetermineApplicationServiceBindingActionsStep] Calculated binding operations between application "incident-management-srv" and service instance "incident-management-auth": unbind - false bind - true#
#2026 09 16 09:52:43.057#Z#DEBUG#52171575-b1b4-11f1-bf33-eeee0a8e3dbc.OPERATION#flowable-async-job-executor-thread-15150#
Step "Determine Application Service Binding Actions" finished#
#2026 09 16 09:52:43.091#Z#DEBUG#52171575-b1b4-11f1-bf33-eeee0a8e3dbc.OPERATION#flowable-async-job-executor-thread-15150#
[BindServiceToApplicationStep] Executing task "bindServiceToApplicationTask" of process "5c76b989-b1b4-11f1-bf33-eeee0a8e3dbc"...#
#2026 09 16 09:52:43.092#Z#INFO#52171575-b1b4-11f1-bf33-eeee0a8e3dbc.OPERATION#flowable-async-job-executor-thread-15150#
[BindServiceToApplicationStep] Binding service instance "incident-management-auth" to application "incident-management-srv"...#
#2026 09 16 09:52:43.098#Z#DEBUG#52171575-b1b4-11f1-bf33-eeee0a8e3dbc.OPERATION#flowable-async-job-executor-thread-15150#
[BindServiceToApplicationStep] Binding service instance "incident-management-auth" to application "incident-management-srv" with parameters: { }#
#2026 09 16 09:52:43.226#Z#DEBUG#52171575-b1b4-11f1-bf33-eeee0a8e3dbc.OPERATION#flowable-async-job-executor-thread-15150#
Step "Bind Service to Application" finished#
#2026 09 16 09:52:44.816#Z#DEBUG#52171575-b1b4-11f1-bf33-eeee0a8e3dbc.OPERATION#flowable-async-job-executor-thread-15149#
[ProcessDescriptorStep] Executing task "reprocessDescriptorTask" of process "5d943767-b1b4-11f1-bf33-eeee0a8e3dbc"...#
#2026 09 16 09:52:44.817#Z#DEBUG#52171575-b1b4-11f1-bf33-eeee0a8e3dbc.OPERATION#flowable-async-job-executor-thread-15149#
[ProcessDescriptorStep] Resolving properties and parameters in merged descriptor...#
#2026 09 16 09:52:44.826#Z#DEBUG#52171575-b1b4-11f1-bf33-eeee0a8e3dbc.OPERATION#flowable-async-job-executor-thread-15149#
[ProcessDescriptorStep] Subscriptions: [ ]#
#2026 09 16 09:52:44.834#Z#DEBUG#52171575-b1b4-11f1-bf33-eeee0a8e3dbc.OPERATION#flowable-async-job-executor-thread-15149#
[ProcessDescriptorStep] MTA modules: [incident-management-app-deployer, incident-management-db-deployer, incident-management-srv, incident-management-destinations]#
#2026 09 16 09:52:44.838#Z#DEBUG#52171575-b1b4-11f1-bf33-eeee0a8e3dbc.OPERATION#flowable-async-job-executor-thread-15149#
[ProcessDescriptorStep] Resolved deployment descriptor: {
  "majorSchemaVersion" : 3,
  "schemaVersion" : "3.3.0",
  "id" : "incident-management",
  "version" : "1.0.0",
  "modules" : [ {
    "majorSchemaVersion" : 3,
    "name" : "incident-management-srv",
    "type" : "javascript.nodejs",
    "path" : "incident-management-srv",
    "properties" : { },
    "parameters" : {
      "default-url" : "https://f6fb8b98trial-dev-incident-management-srv.cfapps.us10-001.hana.ondemand.com",
      "default-app-name" : "incident-management-srv",
      "generated-password" : "********",
      "default-live-url" : "https://f6fb8b98trial-dev-incident-management-srv.cfapps.us10-001.hana.ondemand.com",
      "default-uri" : "f6fb8b98trial-dev-incident-management-srv.cfapps.us10-001.hana.ondemand.com",
      "default-instances" : 1,
      "default-live-host" : "f6fb8b98trial-dev-incident-management-srv",
      "instances" : 1,
      "buildpack" : "nodejs_buildpack",
      "default-host" : "f6fb8b98trial-dev-incident-management-srv",
      "app-name" : "incident-management-srv",
      "default-live-uri" : "f6fb8b98trial-dev-incident-management-srv.cfapps.us10-001.hana.ondemand.com",
      "protocol" : "https",
      "default-live-app-name" : "incident-management-srv",
      "default-live-domain" : "cfapps.us10-001.hana.ondemand.com",
      "domain" : "cfapps.us10-001.hana.ondemand.com",
      "host" : "f6fb8b98trial-dev-incident-management-srv",
      "generated-user" : "********"
    },
    "requiredDependencies" : [ {
      "majorSchemaVersion" : 3,
      "name" : "********",
      "properties" : { },
      "parameters" : { },
      "propertiesMetadata" : {
        "metadata" : { }
      },
      "parametersMetadata" : {
        "metadata" : { }
      }
    }, {
      "majorSchemaVersion" : 3,
      "name" : "incident-management-db",
      "properties" : { },
      "parameters" : { },
      "propertiesMetadata" : {
        "metadata" : { }
      },
      "parametersMetadata" : {
        "metadata" : { }
      }
    }, {
      "majorSchemaVersion" : 3,
      "name" : "incident-management-destination",
      "properties" : { },
      "parameters" : { },
      "propertiesMetadata" : {
        "metadata" : { }
      },
      "parametersMetadata" : {
        "metadata" : { }
      }
    } ],
    "providedDependencies" : [ {
      "majorSchemaVersion" : 3,
      "name" : "srv-api",
      "isPublic" : false,
      "properties" : {
        "srv-url" : "https://f6fb8b98trial-dev-incident-management-srv.cfapps.us10-001.hana.ondemand.com"
      },
      "parameters" : { },
      "propertiesMetadata" : {
        "metadata" : { }
      },
      "parametersMetadata" : {
        "metadata" : { }
      }
    }, {
      "majorSchemaVersion" : 3,
      "name" : "incident-management-srv",
      "isPublic" : false,
      "properties" : { },
      "parameters" : { },
      "propertiesMetadata" : {
        "metadata" : { }
      },
      "parametersMetadata" : {
        "metadata" : { }
      }
    } ],
    "propertiesMetadata" : {
      "metadata" : { }
    },
    "parametersMetadata" : {
      "metadata" : { }
    },
    "hooks" : [ ]
  }, {
    "majorSchemaVersion" : 3,
    "name" : "incident-management-db-deployer",
    "type" : "com.sap.xs.hdi",
    "path" : "incident-management-db-deployer",
    "properties" : {
      "EXIT" : 1
    },
    "parameters" : {
      "default-url" : "https://f6fb8b98trial-dev-incident-management-db-deployer.cfapps.us10-001.hana.ondemand.com",
      "default-app-name" : "incident-management-db-deployer",
      "generated-password" : "********",
      "default-live-url" : "https://f6fb8b98trial-dev-incident-management-db-deployer.cfapps.us10-001.hana.ondemand.com",
      "default-uri" : "f6fb8b98trial-dev-incident-management-db-deployer.cfapps.us10-001.hana.ondemand.com",
      "memory" : "256M",
      "default-instances" : 1,
      "no-route" : true,
      "default-live-host" : "f6fb8b98trial-dev-incident-management-db-deployer",
      "instances" : 1,
      "buildpack" : "nodejs_buildpack",
      "default-host" : "f6fb8b98trial-dev-incident-management-db-deployer",
      "app-name" : "incident-management-db-deployer",
      "default-live-uri" : "f6fb8b98trial-dev-incident-management-db-deployer.cfapps.us10-001.hana.ondemand.com",
      "protocol" : "https",
      "default-live-app-name" : "incident-management-db-deployer",
      "default-live-domain" : "cfapps.us10-001.hana.ondemand.com",
      "dependency-type" : "hard",
      "domain" : "cfapps.us10-001.hana.ondemand.com",
      "host" : "f6fb8b98trial-dev-incident-management-db-deployer",
      "generated-user" : "********",
      "tasks" : [ {
        "command" : "npm start",
        "memory" : "256M",
        "name" : "deploy"
      } ],
      "no-start" : true
    },
    "requiredDependencies" : [ {
      "majorSchemaVersion" : 3,
      "name" : "incident-management-db",
      "properties" : { },
      "parameters" : { },
      "propertiesMetadata" : {
        "metadata" : { }
      },
      "parametersMetadata" : {
        "metadata" : { }
      }
    } ],
    "providedDependencies" : [ {
      "majorSchemaVersion" : 3,
      "name" : "incident-management-db-deployer",
      "isPublic" : false,
      "properties" : { },
      "parameters" : { },
      "propertiesMetadata" : {
        "metadata" : { }
      },
      "parametersMetadata" : {
        "metadata" : { }
      }
    } ],
    "propertiesMetadata" : {
      "metadata" : { }
    },
    "parametersMetadata" : {
      "metadata" : { }
    },
    "hooks" : [ ]
  }, {
    "majorSchemaVersion" : 3,
    "name" : "incident-management-app-deployer",
    "type" : "com.sap.application.content",
    "path" : "incident-management-app-deployer",
    "properties" : { },
    "parameters" : {
      "default-url" : "https://f6fb8b98trial-dev-incident-management-app-deployer.cfapps.us10-001.hana.ondemand.com",
      "default-app-name" : "incident-management-app-deployer",
      "generated-password" : "********",
      "default-live-url" : "https://f6fb8b98trial-dev-incident-management-app-deployer.cfapps.us10-001.hana.ondemand.com",
      "default-uri" : "f6fb8b98trial-dev-incident-management-app-deployer.cfapps.us10-001.hana.ondemand.com",
      "default-instances" : 1,
      "default-live-host" : "f6fb8b98trial-dev-incident-management-app-deployer",
      "instances" : 1,
      "default-host" : "f6fb8b98trial-dev-incident-management-app-deployer",
      "app-name" : "incident-management-app-deployer",
      "default-live-uri" : "f6fb8b98trial-dev-incident-management-app-deployer.cfapps.us10-001.hana.ondemand.com",
      "protocol" : "https",
      "default-live-app-name" : "incident-management-app-deployer",
      "default-live-domain" : "cfapps.us10-001.hana.ondemand.com",
      "domain" : "cfapps.us10-001.hana.ondemand.com",
      "host" : "f6fb8b98trial-dev-incident-management-app-deployer",
      "generated-user" : "********",
      "config" : {
        "destinations" : [ {
          "Authentication" : "********",
          "DynamicDestination" : true,
          "ForwardAuthToken" : "********",
          "Name" : "srv-api",
          "ProxyType" : "Internet",
          "Type" : "HTTP",
          "URL" : "https://f6fb8b98trial-dev-incident-management-srv.cfapps.us10-001.hana.ondemand.com"
        } ]
      }
    },
    "requiredDependencies" : [ {
      "majorSchemaVersion" : 3,
      "name" : "********",
      "properties" : { },
      "parameters" : { },
      "propertiesMetadata" : {
        "metadata" : { }
      },
      "parametersMetadata" : {
        "metadata" : { }
      }
    }, {
      "majorSchemaVersion" : 3,
      "name" : "srv-api",
      "properties" : { },
      "parameters" : { },
      "propertiesMetadata" : {
        "metadata" : { }
      },
      "parametersMetadata" : {
        "metadata" : { }
      }
    }, {
      "majorSchemaVersion" : 3,
      "name" : "incident-management-html5-repo-host",
      "properties" : { },
      "parameters" : {
        "config" : {
          "HTML5Runtime_enabled" : true
        },
        "content-target" : true
      },
      "propertiesMetadata" : {
        "metadata" : { }
      },
      "parametersMetadata" : {
        "metadata" : { }
      }
    } ],
    "providedDependencies" : [ {
      "majorSchemaVersion" : 3,
      "name" : "incident-management-app-deployer",
      "isPublic" : false,
      "properties" : { },
      "parameters" : { },
      "propertiesMetadata" : {
        "metadata" : { }
      },
      "parametersMetadata" : {
        "metadata" : { }
      }
    } ],
    "propertiesMetadata" : {
      "metadata" : { }
    },
    "parametersMetadata" : {
      "metadata" : { }
    },
    "hooks" : [ ]
  }, {
    "majorSchemaVersion" : 3,
    "name" : "incident-management-destinations",
    "type" : "com.sap.application.content",
    "properties" : { },
    "parameters" : {
      "default-url" : "https://f6fb8b98trial-dev-incident-management-destinations.cfapps.us10-001.hana.ondemand.com",
      "default-app-name" : "incident-management-destinations",
      "generated-password" : "********",
      "default-live-url" : "https://f6fb8b98trial-dev-incident-management-destinations.cfapps.us10-001.hana.ondemand.com",
      "default-uri" : "f6fb8b98trial-dev-incident-management-destinations.cfapps.us10-001.hana.ondemand.com",
      "default-instances" : 1,
      "default-live-host" : "f6fb8b98trial-dev-incident-management-destinations",
      "instances" : 1,
      "default-host" : "f6fb8b98trial-dev-incident-management-destinations",
      "content" : {
        "instance" : {
          "destinations" : [ {
            "Name" : "incident-management-html5-repository",
            "ServiceInstanceName" : "incident-management-html5-repo-host",
            "ServiceKeyName" : "********",
            "sap.cloud.service" : "incidentmanagement.service"
          }, {
            "Authentication" : "********",
            "Name" : "********",
            "ServiceInstanceName" : "********",
            "ServiceKeyName" : "********",
            "sap.cloud.service" : "incidentmanagement.service"
          } ],
          "existing_destinations_policy" : "update"
        }
      },
      "app-name" : "incident-management-destinations",
      "default-live-uri" : "f6fb8b98trial-dev-incident-management-destinations.cfapps.us10-001.hana.ondemand.com",
      "protocol" : "https",
      "default-live-app-name" : "incident-management-destinations",
      "default-live-domain" : "cfapps.us10-001.hana.ondemand.com",
      "domain" : "cfapps.us10-001.hana.ondemand.com",
      "host" : "f6fb8b98trial-dev-incident-management-destinations",
      "generated-user" : "********"
    },
    "requiredDependencies" : [ {
      "majorSchemaVersion" : 3,
      "name" : "********",
      "properties" : { },
      "parameters" : {
        "service-key" : "********"
      },
      "propertiesMetadata" : {
        "metadata" : { }
      },
      "parametersMetadata" : {
        "metadata" : { }
      }
    }, {
      "majorSchemaVersion" : 3,
      "name" : "incident-management-html5-repo-host",
      "properties" : { },
      "parameters" : {
        "service-key" : "********"
      },
      "propertiesMetadata" : {
        "metadata" : { }
      },
      "parametersMetadata" : {
        "metadata" : { }
      }
    }, {
      "majorSchemaVersion" : 3,
      "name" : "srv-api",
      "properties" : { },
      "parameters" : { },
      "propertiesMetadata" : {
        "metadata" : { }
      },
      "parametersMetadata" : {
        "metadata" : { }
      }
    }, {
      "majorSchemaVersion" : 3,
      "name" : "incident-management-destination",
      "properties" : { },
      "parameters" : {
        "content-target" : true
      },
      "propertiesMetadata" : {
        "metadata" : { }
      },
      "parametersMetadata" : {
        "metadata" : { }
      }
    } ],
    "providedDependencies" : [ {
      "majorSchemaVersion" : 3,
      "name" : "incident-management-destinations",
      "isPublic" : false,
      "properties" : { },
      "parameters" : { },
      "propertiesMetadata" : {
        "metadata" : { }
      },
      "parametersMetadata" : {
        "metadata" : { }
      }
    } ],
    "propertiesMetadata" : {
      "metadata" : { }
    },
    "parametersMetadata" : {
      "metadata" : { }
    },
    "hooks" : [ ]
  } ],
  "resources" : [ {
    "majorSchemaVersion" : 3,
    "name" : "********",
    "type" : "org.cloudfoundry.managed-service",
    "properties" : { },
    "parameters" : {
      "generated-password" : "********",
      "path" : "./xs-security.json",
      "service-name" : "********",
      "service-plan" : "application",
      "service" : "xsuaa",
      "generated-user" : "********",
      "default-xsappname" : "********",
      "type" : "managed-service",
      "config" : {
        "oauth2-configuration" : "********",
        "role-collections" : [ {
          "description" : "generated",
          "name" : "support (incident-management f6fb8b98trial-dev)",
          "role-template-references" : [ "$XSAPPNAME.support" ]
        }, {
          "description" : "generated",
          "name" : "admin (incident-management f6fb8b98trial-dev)",
          "role-template-references" : [ "$XSAPPNAME.admin" ]
        } ],
        "tenant-mode" : "dedicated",
        "xsappname" : "incident-management-f6fb8b98trial-dev"
      },
      "default-service-name" : "********",
      "default-container-name" : "********"
    },
    "isActive" : true,
    "isOptional" : false,
    "propertiesMetadata" : {
      "metadata" : { }
    },
    "parametersMetadata" : {
      "metadata" : { }
    },
    "requiredDependencies" : [ ],
    "processedAfter" : [ ]
  }, {
    "majorSchemaVersion" : 3,
    "name" : "incident-management-db",
    "type" : "com.sap.xs.hdi-container",
    "properties" : { },
    "parameters" : {
      "generated-password" : "********",
      "service-name" : "incident-management-db",
      "service-plan" : "hdi-shared",
      "service" : "hana",
      "generated-user" : "********",
      "default-xsappname" : "incident-management-db",
      "type" : "managed-service",
      "default-service-name" : "incident-management-db",
      "default-container-name" : "F6FB8B98TRIAL_DEV_INCIDENT_MANAGEMENT_DB"
    },
    "isActive" : true,
    "isOptional" : false,
    "propertiesMetadata" : {
      "metadata" : { }
    },
    "parametersMetadata" : {
      "metadata" : { }
    },
    "requiredDependencies" : [ ],
    "processedAfter" : [ ]
  }, {
    "majorSchemaVersion" : 3,
    "name" : "incident-management-destination",
    "type" : "org.cloudfoundry.managed-service",
    "properties" : { },
    "parameters" : {
      "HTML5Runtime_enabled" : true,
      "generated-password" : "********",
      "service-name" : "incident-management-destination",
      "service-plan" : "lite",
      "init_data" : {
        "instance" : {
          "destinations" : [ {
            "Authentication" : "********",
            "DynamicDestination" : true,
            "ForwardAuthToken" : "********",
            "Name" : "srv-api",
            "ProxyType" : "Internet",
            "Type" : "HTTP",
            "URL" : "https://f6fb8b98trial-dev-incident-management-srv.cfapps.us10-001.hana.ondemand.com"
          } ],
          "existing_destinations_policy" : "update"
        }
      },
      "service" : "destination",
      "generated-user" : "********",
      "default-xsappname" : "incident-management-destination",
      "type" : "managed-service",
      "default-service-name" : "incident-management-destination",
      "default-container-name" : "F6FB8B98TRIAL_DEV_INCIDENT_MANAGEMENT_DESTINATION"
    },
    "isActive" : true,
    "isOptional" : false,
    "propertiesMetadata" : {
      "metadata" : { }
    },
    "parametersMetadata" : {
      "metadata" : { }
    },
    "requiredDependencies" : [ {
      "majorSchemaVersion" : 3,
      "name" : "srv-api",
      "properties" : { },
      "parameters" : { },
      "propertiesMetadata" : {
        "metadata" : { }
      },
      "parametersMetadata" : {
        "metadata" : { }
      }
    } ],
    "processedAfter" : [ ]
  }, {
    "majorSchemaVersion" : 3,
    "name" : "incident-management-html5-repo-host",
    "type" : "org.cloudfoundry.managed-service",
    "properties" : { },
    "parameters" : {
      "generated-password" : "********",
      "service-name" : "incident-management-html5-repo-host",
      "service-plan" : "app-host",
      "service" : "html5-apps-repo",
      "generated-user" : "********",
      "default-xsappname" : "incident-management-html5-repo-host",
      "type" : "managed-service",
      "default-service-name" : "incident-management-html5-repo-host",
      "default-container-name" : "F6FB8B98TRIAL_DEV_INCIDENT_MANAGEMENT_HTML5_REPO_HOST"
    },
    "isActive" : true,
    "isOptional" : false,
    "propertiesMetadata" : {
      "metadata" : { }
    },
    "parametersMetadata" : {
      "metadata" : { }
    },
    "requiredDependencies" : [ ],
    "processedAfter" : [ ]
  } ],
  "parameters" : {
    "deploy_mode" : "html5-repo",
    "mta-id" : "incident-management",
    "authorization-url" : "********",
    "org-guid" : "51770469-196a-4637-af29-36b1d314a5fa",
    "org" : "f6fb8b98trial",
    "deploy-target" : "f6fb8b98trial dev",
    "enable-parallel-deployments" : true,
    "region-primary-domain" : "us10.hana.ondemand.com",
    "space" : "dev",
    "region-domain" : "us10-001.hana.ondemand.com",
    "xs-api-url" : "https://api.cf.us10-001.hana.ondemand.com",
    "deploy-url" : "deploy-service.cfapps.us10-001.hana.ondemand.com",
    "xs-type" : "CF",
    "default-domain" : "cfapps.us10-001.hana.ondemand.com",
    "mta-version" : "1.0.0",
    "xs-auth-url" : "********",
    "space-guid" : "d54729ef-3276-4aae-bbf1-9ffea9c4a940",
    "user" : "********",
    "controller-url" : "https://api.cf.us10-001.hana.ondemand.com",
    "timestamp" : "20260916095225"
  },
  "parametersMetadata" : {
    "metadata" : { }
  }
}#
#2026 09 16 09:52:44.838#Z#DEBUG#52171575-b1b4-11f1-bf33-eeee0a8e3dbc.OPERATION#flowable-async-job-executor-thread-15149#
[ProcessDescriptorStep] Merged descriptor properties and parameters resolved#
#2026 09 16 09:52:44.838#Z#DEBUG#52171575-b1b4-11f1-bf33-eeee0a8e3dbc.OPERATION#flowable-async-job-executor-thread-15149#
Step "Re-Process Descriptor Step" finished#
#2026 09 16 09:52:44.879#Z#DEBUG#52171575-b1b4-11f1-bf33-eeee0a8e3dbc.OPERATION#flowable-async-job-executor-thread-15149#
[BuildApplicationDeployModelStep] Executing task "buildApplicationDeployModelTask" of process "5d943767-b1b4-11f1-bf33-eeee0a8e3dbc"...#
#2026 09 16 09:52:44.882#Z#DEBUG#52171575-b1b4-11f1-bf33-eeee0a8e3dbc.OPERATION#flowable-async-job-executor-thread-15149#
[BuildApplicationDeployModelStep] Building cloud deployment model for application "incident-management-db-deployer"...#
#2026 09 16 09:52:44.887#Z#DEBUG#52171575-b1b4-11f1-bf33-eeee0a8e3dbc.OPERATION#flowable-async-job-executor-thread-15149#
[BuildApplicationDeployModelStep] No health-check-type is specified. Setting default type: port#
#2026 09 16 09:52:44.887#Z#INFO#52171575-b1b4-11f1-bf33-eeee0a8e3dbc.OPERATION#flowable-async-job-executor-thread-15149#
[BuildApplicationDeployModelStep] Building configuration entries for org f6fb8b98trial, space dev, spaceId d54729ef-3276-4aae-bbf1-9ffea9c4a940 and namespace null!#
#2026 09 16 09:52:44.888#Z#DEBUG#52171575-b1b4-11f1-bf33-eeee0a8e3dbc.OPERATION#flowable-async-job-executor-thread-15149#
[BuildApplicationDeployModelStep] Configuration entries to publish: [ ]#
#2026 09 16 09:52:44.888#Z#DEBUG#52171575-b1b4-11f1-bf33-eeee0a8e3dbc.OPERATION#flowable-async-job-executor-thread-15149#
[BuildApplicationDeployModelStep] Cloud deployment model for application built#
#2026 09 16 09:52:44.888#Z#DEBUG#52171575-b1b4-11f1-bf33-eeee0a8e3dbc.OPERATION#flowable-async-job-executor-thread-15149#
Step "Build Application Deploy Model" finished#
#2026 09 16 09:52:44.886#Z#DEBUG#52171575-b1b4-11f1-bf33-eeee0a8e3dbc.OPERATION#flowable-async-job-executor-thread-12380#
[CheckServiceBindingOperationStep] Executing task "checkForServiceBindingOperationInProgress" of process "5da240da-b1b4-11f1-9a6f-eeee0a885f50"...#
#2026 09 16 09:52:44.887#Z#DEBUG#52171575-b1b4-11f1-bf33-eeee0a8e3dbc.OPERATION#flowable-async-job-executor-thread-12380#
[CheckServiceBindingOperationStep] Checking for service binding operation in progress between app "incident-management-srv" and service instance "incident-management-db"#
#2026 09 16 09:52:44.888#Z#DEBUG#52171575-b1b4-11f1-bf33-eeee0a8e3dbc.OPERATION#flowable-async-job-executor-thread-12380#
[CheckServiceBindingOperationStep] Getting application guid "incident-management-srv"...#
#2026 09 16 09:52:44.912#Z#DEBUG#52171575-b1b4-11f1-bf33-eeee0a8e3dbc.OPERATION#flowable-async-job-executor-thread-12380#
[CheckServiceBindingOperationStep] Getting GUID of required service instance "incident-management-db"...#
#2026 09 16 09:52:44.940#Z#DEBUG#52171575-b1b4-11f1-bf33-eeee0a8e3dbc.OPERATION#flowable-async-job-executor-thread-12380#
[CheckServiceBindingOperationStep] Getting binding of service instance "c5ad69b5-9ef1-4e91-a7a5-28408ba13df9" with application "3aa583c2-6c70-4dd2-8a10-7716453168c8"...#
#2026 09 16 09:52:44.965#Z#DEBUG#52171575-b1b4-11f1-bf33-eeee0a8e3dbc.OPERATION#flowable-async-job-executor-thread-12380#
Step "Check For Service Binding Operation In Progress" finished#
#2026 09 16 09:52:44.990#Z#DEBUG#52171575-b1b4-11f1-bf33-eeee0a8e3dbc.OPERATION#flowable-async-job-executor-thread-13357#
[CheckServiceBindingOperationStep] Executing task "checkForServiceBindingOperationInProgress" of process "5dadb242-b1b4-11f1-8fe4-eeee0a80bcf5"...#
#2026 09 16 09:52:44.990#Z#DEBUG#52171575-b1b4-11f1-bf33-eeee0a8e3dbc.OPERATION#flowable-async-job-executor-thread-13357#
[CheckServiceBindingOperationStep] Checking for service binding operation in progress between app "incident-management-srv" and service instance "incident-management-destination"#
#2026 09 16 09:52:44.991#Z#DEBUG#52171575-b1b4-11f1-bf33-eeee0a8e3dbc.OPERATION#flowable-async-job-executor-thread-13357#
[CheckServiceBindingOperationStep] Getting application guid "incident-management-srv"...#
#2026 09 16 09:52:45.026#Z#DEBUG#52171575-b1b4-11f1-bf33-eeee0a8e3dbc.OPERATION#flowable-async-job-executor-thread-13357#
[CheckServiceBindingOperationStep] Getting GUID of required service instance "incident-management-destination"...#
#2026 09 16 09:52:45.050#Z#DEBUG#52171575-b1b4-11f1-bf33-eeee0a8e3dbc.OPERATION#flowable-async-job-executor-thread-13357#
[CheckServiceBindingOperationStep] Getting binding of service instance "5c049178-393f-4ca0-a148-ee0266cb1a7d" with application "3aa583c2-6c70-4dd2-8a10-7716453168c8"...#
#2026 09 16 09:52:45.075#Z#DEBUG#52171575-b1b4-11f1-bf33-eeee0a8e3dbc.OPERATION#flowable-async-job-executor-thread-13357#
Step "Check For Service Binding Operation In Progress" finished#
#2026 09 16 09:52:45.035#Z#DEBUG#52171575-b1b4-11f1-bf33-eeee0a8e3dbc.OPERATION#flowable-async-job-executor-thread-12380#
[DetermineApplicationServiceBindingActionsStep] Executing task "determineApplicationServiceBindingActionsTask" of process "5da240da-b1b4-11f1-9a6f-eeee0a885f50"...#
#2026 09 16 09:52:45.038#Z#DEBUG#52171575-b1b4-11f1-bf33-eeee0a8e3dbc.OPERATION#flowable-async-job-executor-thread-12380#
[DetermineApplicationServiceBindingActionsStep] Determine bind/unbind operations of application "incident-management-srv" to service instance "incident-management-db"#
#2026 09 16 09:52:45.038#Z#DEBUG#52171575-b1b4-11f1-bf33-eeee0a8e3dbc.OPERATION#flowable-async-job-executor-thread-12380#
[DetermineApplicationServiceBindingActionsStep] Getting application "incident-management-srv"...#
#2026 09 16 09:52:45.071#Z#DEBUG#52171575-b1b4-11f1-bf33-eeee0a8e3dbc.OPERATION#flowable-async-job-executor-thread-12380#
[DetermineApplicationServiceBindingActionsStep] Binding parameters for application "incident-management-srv": { }#
#2026 09 16 09:52:45.111#Z#DEBUG#52171575-b1b4-11f1-bf33-eeee0a8e3dbc.OPERATION#flowable-async-job-executor-thread-12380#
[DetermineApplicationServiceBindingActionsStep] Calculated binding operations between application "incident-management-srv" and service instance "incident-management-db": unbind - false bind - true#
#2026 09 16 09:52:45.111#Z#DEBUG#52171575-b1b4-11f1-bf33-eeee0a8e3dbc.OPERATION#flowable-async-job-executor-thread-12380#
Step "Determine Application Service Binding Actions" finished#
#2026 09 16 09:52:45.122#Z#DEBUG#52171575-b1b4-11f1-bf33-eeee0a8e3dbc.OPERATION#flowable-async-job-executor-thread-13357#
[DetermineApplicationServiceBindingActionsStep] Executing task "determineApplicationServiceBindingActionsTask" of process "5dadb242-b1b4-11f1-8fe4-eeee0a80bcf5"...#
#2026 09 16 09:52:45.124#Z#DEBUG#52171575-b1b4-11f1-bf33-eeee0a8e3dbc.OPERATION#flowable-async-job-executor-thread-13357#
[DetermineApplicationServiceBindingActionsStep] Determine bind/unbind operations of application "incident-management-srv" to service instance "incident-management-destination"#
#2026 09 16 09:52:45.124#Z#DEBUG#52171575-b1b4-11f1-bf33-eeee0a8e3dbc.OPERATION#flowable-async-job-executor-thread-13357#
[DetermineApplicationServiceBindingActionsStep] Getting application "incident-management-srv"...#
#2026 09 16 09:52:45.155#Z#DEBUG#52171575-b1b4-11f1-bf33-eeee0a8e3dbc.OPERATION#flowable-async-job-executor-thread-13357#
[DetermineApplicationServiceBindingActionsStep] Binding parameters for application "incident-management-srv": { }#
#2026 09 16 09:52:45.183#Z#DEBUG#52171575-b1b4-11f1-bf33-eeee0a8e3dbc.OPERATION#flowable-async-job-executor-thread-13357#
[DetermineApplicationServiceBindingActionsStep] Calculated binding operations between application "incident-management-srv" and service instance "incident-management-destination": unbind - false bind - true#
#2026 09 16 09:52:45.183#Z#DEBUG#52171575-b1b4-11f1-bf33-eeee0a8e3dbc.OPERATION#flowable-async-job-executor-thread-13357#
Step "Determine Application Service Binding Actions" finished#
#2026 09 16 09:52:44.944#Z#DEBUG#52171575-b1b4-11f1-bf33-eeee0a8e3dbc.OPERATION#flowable-async-job-executor-thread-15149#
[CreateOrUpdateAppStep] Executing task "createAppTask" of process "5d943767-b1b4-11f1-bf33-eeee0a8e3dbc"...#
#2026 09 16 09:52:44.953#Z#DEBUG#52171575-b1b4-11f1-bf33-eeee0a8e3dbc.OPERATION#flowable-async-job-executor-thread-15149#
[CreateOrUpdateAppStep] Getting application "incident-management-db-deployer"...#
#2026 09 16 09:52:44.978#Z#INFO#52171575-b1b4-11f1-bf33-eeee0a8e3dbc.OPERATION#flowable-async-job-executor-thread-15149#
[CreateOrUpdateAppStep] Creating application "incident-management-db-deployer" from MTA module "incident-management-db-deployer"...#
#2026 09 16 09:52:44.985#Z#DEBUG#52171575-b1b4-11f1-bf33-eeee0a8e3dbc.OPERATION#flowable-async-job-executor-thread-15149#
[CreateOrUpdateAppStep] Creating application "incident-management-db-deployer" with disk "null" memory "256", URIs "" and staging: "{
  "buildpacks" : [ "nodejs_buildpack" ],
  "healthCheckType" : "port",
  "appFeatures" : { }
}"#
#2026 09 16 09:52:45.240#Z#DEBUG#52171575-b1b4-11f1-bf33-eeee0a8e3dbc.OPERATION#flowable-async-job-executor-thread-15149#
[CreateOrUpdateAppStep] Application "incident-management-db-deployer" created#
#2026 09 16 09:52:45.240#Z#DEBUG#52171575-b1b4-11f1-bf33-eeee0a8e3dbc.OPERATION#flowable-async-job-executor-thread-15149#
Step "Create App" finished#
#2026 09 16 09:52:45.158#Z#DEBUG#52171575-b1b4-11f1-bf33-eeee0a8e3dbc.OPERATION#flowable-async-job-executor-thread-12380#
[BindServiceToApplicationStep] Executing task "bindServiceToApplicationTask" of process "5da240da-b1b4-11f1-9a6f-eeee0a885f50"...#
#2026 09 16 09:52:45.159#Z#INFO#52171575-b1b4-11f1-bf33-eeee0a8e3dbc.OPERATION#flowable-async-job-executor-thread-12380#
[BindServiceToApplicationStep] Binding service instance "incident-management-db" to application "incident-management-srv"...#
#2026 09 16 09:52:45.166#Z#DEBUG#52171575-b1b4-11f1-bf33-eeee0a8e3dbc.OPERATION#flowable-async-job-executor-thread-12380#
[BindServiceToApplicationStep] Binding service instance "incident-management-db" to application "incident-management-srv" with parameters: { }#
#2026 09 16 09:52:45.288#Z#DEBUG#52171575-b1b4-11f1-bf33-eeee0a8e3dbc.OPERATION#flowable-async-job-executor-thread-12380#
Step "Bind Service to Application" finished#
#2026 09 16 09:52:45.222#Z#DEBUG#52171575-b1b4-11f1-bf33-eeee0a8e3dbc.OPERATION#flowable-async-job-executor-thread-13357#
[BindServiceToApplicationStep] Executing task "bindServiceToApplicationTask" of process "5dadb242-b1b4-11f1-8fe4-eeee0a80bcf5"...#
#2026 09 16 09:52:45.224#Z#INFO#52171575-b1b4-11f1-bf33-eeee0a8e3dbc.OPERATION#flowable-async-job-executor-thread-13357#
[BindServiceToApplicationStep] Binding service instance "incident-management-destination" to application "incident-management-srv"...#
#2026 09 16 09:52:45.231#Z#DEBUG#52171575-b1b4-11f1-bf33-eeee0a8e3dbc.OPERATION#flowable-async-job-executor-thread-13357#
[BindServiceToApplicationStep] Binding service instance "incident-management-destination" to application "incident-management-srv" with parameters: { }#
#2026 09 16 09:52:45.354#Z#DEBUG#52171575-b1b4-11f1-bf33-eeee0a8e3dbc.OPERATION#flowable-async-job-executor-thread-13357#
Step "Bind Service to Application" finished#
#2026 09 16 09:52:45.326#Z#DEBUG#52171575-b1b4-11f1-bf33-eeee0a8e3dbc.OPERATION#flowable-async-job-executor-thread-15149#
[CheckServiceBindingOperationStep] Executing task "checkForServiceBindingOperationInProgress" of process "5de7ae15-b1b4-11f1-bf33-eeee0a8e3dbc"...#
#2026 09 16 09:52:45.326#Z#DEBUG#52171575-b1b4-11f1-bf33-eeee0a8e3dbc.OPERATION#flowable-async-job-executor-thread-15149#
[CheckServiceBindingOperationStep] Checking for service binding operation in progress between app "incident-management-db-deployer" and service instance "incident-management-db"#
#2026 09 16 09:52:45.327#Z#DEBUG#52171575-b1b4-11f1-bf33-eeee0a8e3dbc.OPERATION#flowable-async-job-executor-thread-15149#
[CheckServiceBindingOperationStep] Getting application guid "incident-management-db-deployer"...#
#2026 09 16 09:52:45.355#Z#DEBUG#52171575-b1b4-11f1-bf33-eeee0a8e3dbc.OPERATION#flowable-async-job-executor-thread-15149#
[CheckServiceBindingOperationStep] Getting GUID of required service instance "incident-management-db"...#
#2026 09 16 09:52:45.378#Z#DEBUG#52171575-b1b4-11f1-bf33-eeee0a8e3dbc.OPERATION#flowable-async-job-executor-thread-15149#
[CheckServiceBindingOperationStep] Getting binding of service instance "c5ad69b5-9ef1-4e91-a7a5-28408ba13df9" with application "027cc582-38ad-4b77-9ea4-3df5d0ff7569"...#
#2026 09 16 09:52:45.401#Z#DEBUG#52171575-b1b4-11f1-bf33-eeee0a8e3dbc.OPERATION#flowable-async-job-executor-thread-15149#
Step "Check For Service Binding Operation In Progress" finished#
#2026 09 16 09:52:45.429#Z#DEBUG#52171575-b1b4-11f1-bf33-eeee0a8e3dbc.OPERATION#flowable-async-job-executor-thread-15149#
[DetermineApplicationServiceBindingActionsStep] Executing task "determineApplicationServiceBindingActionsTask" of process "5de7ae15-b1b4-11f1-bf33-eeee0a8e3dbc"...#
#2026 09 16 09:52:45.430#Z#DEBUG#52171575-b1b4-11f1-bf33-eeee0a8e3dbc.OPERATION#flowable-async-job-executor-thread-15149#
[DetermineApplicationServiceBindingActionsStep] Determine bind/unbind operations of application "incident-management-db-deployer" to service instance "incident-management-db"#
#2026 09 16 09:52:45.430#Z#DEBUG#52171575-b1b4-11f1-bf33-eeee0a8e3dbc.OPERATION#flowable-async-job-executor-thread-15149#
[DetermineApplicationServiceBindingActionsStep] Getting application "incident-management-db-deployer"...#
#2026 09 16 09:52:45.459#Z#DEBUG#52171575-b1b4-11f1-bf33-eeee0a8e3dbc.OPERATION#flowable-async-job-executor-thread-15149#
[DetermineApplicationServiceBindingActionsStep] Binding parameters for application "incident-management-db-deployer": { }#
#2026 09 16 09:52:45.477#Z#DEBUG#52171575-b1b4-11f1-bf33-eeee0a8e3dbc.OPERATION#flowable-async-job-executor-thread-15149#
[DetermineApplicationServiceBindingActionsStep] Calculated binding operations between application "incident-management-db-deployer" and service instance "incident-management-db": unbind - false bind - true#
#2026 09 16 09:52:45.477#Z#DEBUG#52171575-b1b4-11f1-bf33-eeee0a8e3dbc.OPERATION#flowable-async-job-executor-thread-15149#
Step "Determine Application Service Binding Actions" finished#
#2026 09 16 09:52:45.510#Z#DEBUG#52171575-b1b4-11f1-bf33-eeee0a8e3dbc.OPERATION#flowable-async-job-executor-thread-15149#
[BindServiceToApplicationStep] Executing task "bindServiceToApplicationTask" of process "5de7ae15-b1b4-11f1-bf33-eeee0a8e3dbc"...#
#2026 09 16 09:52:45.512#Z#INFO#52171575-b1b4-11f1-bf33-eeee0a8e3dbc.OPERATION#flowable-async-job-executor-thread-15149#
[BindServiceToApplicationStep] Binding service instance "incident-management-db" to application "incident-management-db-deployer"...#
#2026 09 16 09:52:45.518#Z#DEBUG#52171575-b1b4-11f1-bf33-eeee0a8e3dbc.OPERATION#flowable-async-job-executor-thread-15149#
[BindServiceToApplicationStep] Binding service instance "incident-management-db" to application "incident-management-db-deployer" with parameters: { }#
#2026 09 16 09:52:45.630#Z#DEBUG#52171575-b1b4-11f1-bf33-eeee0a8e3dbc.OPERATION#flowable-async-job-executor-thread-15149#
Step "Bind Service to Application" finished#
#2026 09 16 09:52:45.046#Z#DEBUG#52171575-b1b4-11f1-bf33-eeee0a8e3dbc.OPERATION#flowable-async-job-executor-thread-13356#
[BuildContentDeploymentConfigurationStep] Executing task "buildContentDeploymentConfigurationTask" of process "5db1aa1b-b1b4-11f1-8fe4-eeee0a80bcf5"...#
#2026 09 16 09:52:45.062#Z#DEBUG#52171575-b1b4-11f1-bf33-eeee0a8e3dbc.OPERATION#ForkJoinPool-223-worker-1#
[BuildContentDeploymentConfigurationStep] Getting service key "incident-management-app-deployer-incident-management-html5-repo-host-credentials" for service instance "incident-management-html5-repo-host"...#
#2026 09 16 09:52:45.064#Z#DEBUG#52171575-b1b4-11f1-bf33-eeee0a8e3dbc.OPERATION#ForkJoinPool-223-worker-2#
[BuildContentDeploymentConfigurationStep] Getting service key "incident-management-app-deployer-incident-management-auth-credentials" for service instance "incident-management-auth"...#
#2026 09 16 09:52:45.209#Z#INFO#52171575-b1b4-11f1-bf33-eeee0a8e3dbc.OPERATION#ForkJoinPool-223-worker-2#
[BuildContentDeploymentConfigurationStep] Creating service key "incident-management-app-deployer-incident-management-auth-credentials" for service instance "incident-management-auth"...#
#2026 09 16 09:52:45.214#Z#DEBUG#52171575-b1b4-11f1-bf33-eeee0a8e3dbc.OPERATION#ForkJoinPool-223-worker-2#
[BuildContentDeploymentConfigurationStep] Creating service key "incident-management-app-deployer-incident-management-auth-credentials" for service instance "incident-management-auth" with parameters: { }#
#2026 09 16 09:52:45.216#Z#INFO#52171575-b1b4-11f1-bf33-eeee0a8e3dbc.OPERATION#ForkJoinPool-223-worker-1#
[BuildContentDeploymentConfigurationStep] Creating service key "incident-management-app-deployer-incident-management-html5-repo-host-credentials" for service instance "incident-management-html5-repo-host"...#
#2026 09 16 09:52:45.222#Z#DEBUG#52171575-b1b4-11f1-bf33-eeee0a8e3dbc.OPERATION#ForkJoinPool-223-worker-1#
[BuildContentDeploymentConfigurationStep] Creating service key "incident-management-app-deployer-incident-management-html5-repo-host-credentials" for service instance "incident-management-html5-repo-host" with parameters: {
  "service_key_type" : "********"
}#
#2026 09 16 09:52:46.540#Z#DEBUG#52171575-b1b4-11f1-bf33-eeee0a8e3dbc.OPERATION#ForkJoinPool-223-worker-2#
[BuildContentDeploymentConfigurationStep] Service key "incident-management-app-deployer-incident-management-auth-credentials" created#
#2026 09 16 09:52:46.572#Z#DEBUG#52171575-b1b4-11f1-bf33-eeee0a8e3dbc.OPERATION#ForkJoinPool-223-worker-1#
[BuildContentDeploymentConfigurationStep] Service key "incident-management-app-deployer-incident-management-html5-repo-host-credentials" created#
#2026 09 16 09:52:46.573#Z#DEBUG#52171575-b1b4-11f1-bf33-eeee0a8e3dbc.OPERATION#flowable-async-job-executor-thread-13356#
Step "Build Content Deployment Configuration" finished#
#2026 09 16 09:52:46.576#Z#DEBUG#52171575-b1b4-11f1-bf33-eeee0a8e3dbc.OPERATION#flowable-async-job-executor-thread-13356#
[CreateContentDeployClientConfigurationStep] Executing task "createContentDeployClientConfigurationTask" of process "5eabe827-b1b4-11f1-8fe4-eeee0a80bcf5"...#
#2026 09 16 09:52:46.577#Z#DEBUG#52171575-b1b4-11f1-bf33-eeee0a8e3dbc.OPERATION#flowable-async-job-executor-thread-13356#
[CreateContentDeployClientConfigurationStep] Content deployer client configuration: {
  "contentDeployerUrl" : "https://html5-apps-repo-dt.cfapps.us10.hana.ondemand.com",
  "uaaClientConfiguration" : {
    "url" : "********",
    "credentials" : "********",
    "authenticationStrategyType" : "********"
  },
  "httpRequestHeaders" : {
    "X-CorrelationID" : "52171575-b1b4-11f1-bf33-eeee0a8e3dbc"
  },
  "spaceId" : "d54729ef-3276-4aae-bbf1-9ffea9c4a940",
  "serviceName" : "incident-management-html5-repo-host"
}#
#2026 09 16 09:52:46.766#Z#DEBUG#52171575-b1b4-11f1-bf33-eeee0a8e3dbc.OPERATION#flowable-async-job-executor-thread-13356#
Step "Create Content Deploy Client Configuration" finished#
#2026 09 16 09:52:46.767#Z#DEBUG#52171575-b1b4-11f1-bf33-eeee0a8e3dbc.OPERATION#flowable-async-job-executor-thread-13356#
[GetContentFromDeploymentDescriptorStep] Executing task "getContentFromDeploymentDescriptorTask" of process "5eabe827-b1b4-11f1-8fe4-eeee0a80bcf5"...#
#2026 09 16 09:52:46.767#Z#DEBUG#52171575-b1b4-11f1-bf33-eeee0a8e3dbc.OPERATION#flowable-async-job-executor-thread-13356#
Step "Get Content From Deployment Descriptor" finished#
#2026 09 16 09:52:46.769#Z#DEBUG#52171575-b1b4-11f1-bf33-eeee0a8e3dbc.OPERATION#flowable-async-job-executor-thread-13356#
[UploadContentStep] Executing task "uploadContentTask" of process "5eabe827-b1b4-11f1-8fe4-eeee0a80bcf5"...#
#2026 09 16 09:52:46.769#Z#INFO#52171575-b1b4-11f1-bf33-eeee0a8e3dbc.OPERATION#flowable-async-job-executor-thread-13356#
[UploadContentStep] Uploading content module "incident-management-app-deployer" in target service "incident-management-html5-repo-host"...#
#2026 09 16 09:52:46.774#Z#DEBUG#52171575-b1b4-11f1-bf33-eeee0a8e3dbc.OPERATION#flowable-async-job-executor-thread-13356#
[UploadContentStep] Uploading file "incident-management-app-deployer/app/data.zip" for content module "incident-management-app-deployer" in service "incident-management-html5-repo-host"#
#2026 09 16 09:52:46.976#Z#INFO#52171575-b1b4-11f1-bf33-eeee0a8e3dbc.OPERATION#flowable-async-job-executor-thread-13356#
[UploadContentStep] Content to deploy size: 4,886 in bytes#
#2026 09 16 09:52:47.506#Z#DEBUG#52171575-b1b4-11f1-bf33-eeee0a8e3dbc.OPERATION#flowable-async-job-executor-thread-13356#
[UploadContentStep] Uploaded content: {
  "id" : "b2238faf-7098-488d-8322-ff818551bac8",
  "name" : "content.zip",
  "contentType" : "FILE"
}#
#2026 09 16 09:52:47.506#Z#DEBUG#52171575-b1b4-11f1-bf33-eeee0a8e3dbc.OPERATION#flowable-async-job-executor-thread-13356#
Step "Upload Content" finished#
#2026 09 16 09:52:47.509#Z#DEBUG#52171575-b1b4-11f1-bf33-eeee0a8e3dbc.OPERATION#flowable-async-job-executor-thread-13356#
[StartContentDeployStep] Executing task "startContentDeployTask" of process "5eabe827-b1b4-11f1-8fe4-eeee0a80bcf5"...#
#2026 09 16 09:52:47.509#Z#INFO#52171575-b1b4-11f1-bf33-eeee0a8e3dbc.OPERATION#flowable-async-job-executor-thread-13356#
[StartContentDeployStep] Deploying content module "incident-management-app-deployer" in target service "incident-management-html5-repo-host"...#
#2026 09 16 09:52:47.744#Z#DEBUG#52171575-b1b4-11f1-bf33-eeee0a8e3dbc.OPERATION#flowable-async-job-executor-thread-13356#
Step "Start Content Deploy" finished#
#2026 09 16 09:52:49.811#Z#DEBUG#52171575-b1b4-11f1-bf33-eeee0a8e3dbc.OPERATION#flowable-async-job-executor-thread-12385#
[BindServiceToApplicationStep] Executing task "bindServiceToApplicationTask" of process "5c76b989-b1b4-11f1-bf33-eeee0a8e3dbc"...#
#2026 09 16 09:52:49.813#Z#DEBUG#52171575-b1b4-11f1-bf33-eeee0a8e3dbc.OPERATION#flowable-async-job-executor-thread-12385#
[BindServiceToApplicationStep] Getting async job "310f3fdf-8a07-48e3-b843-0fc229fa34d2"#
#2026 09 16 09:52:49.841#Z#DEBUG#52171575-b1b4-11f1-bf33-eeee0a8e3dbc.OPERATION#flowable-async-job-executor-thread-12385#
[BindServiceToApplicationStep] Getting service instance "incident-management-auth"...#
#2026 09 16 09:52:49.975#Z#DEBUG#52171575-b1b4-11f1-bf33-eeee0a8e3dbc.OPERATION#flowable-async-job-executor-thread-12385#
[BindServiceToApplicationStep] Async service binding operation with id "310f3fdf-8a07-48e3-b843-0fc229fa34d2" finished#
#2026 09 16 09:52:49.976#Z#DEBUG#52171575-b1b4-11f1-bf33-eeee0a8e3dbc.OPERATION#flowable-async-job-executor-thread-12385#
Step "Bind Service to Application" finished#
#2026 09 16 09:52:47.836#Z#DEBUG#52171575-b1b4-11f1-bf33-eeee0a8e3dbc.OPERATION#flowable-async-job-executor-thread-15155#
[BuildContentDeploymentConfigurationStep] Executing task "buildContentDeploymentConfigurationTask" of process "5f609330-b1b4-11f1-bf33-eeee0a8e3dbc"...#
#2026 09 16 09:52:47.843#Z#DEBUG#52171575-b1b4-11f1-bf33-eeee0a8e3dbc.OPERATION#ForkJoinPool-244-worker-1#
[BuildContentDeploymentConfigurationStep] Getting service key "incident-management-html5-repo-host-key" for service instance "incident-management-html5-repo-host"...#
#2026 09 16 09:52:47.843#Z#DEBUG#52171575-b1b4-11f1-bf33-eeee0a8e3dbc.OPERATION#ForkJoinPool-244-worker-2#
[BuildContentDeploymentConfigurationStep] Getting service key "incident-management-auth-key" for service instance "incident-management-auth"...#
#2026 09 16 09:52:47.845#Z#DEBUG#52171575-b1b4-11f1-bf33-eeee0a8e3dbc.OPERATION#ForkJoinPool-244-worker-3#
[BuildContentDeploymentConfigurationStep] Getting service key "incident-management-destinations-incident-management-destination-credentials" for service instance "incident-management-destination"...#
#2026 09 16 09:52:48.029#Z#INFO#52171575-b1b4-11f1-bf33-eeee0a8e3dbc.OPERATION#ForkJoinPool-244-worker-3#
[BuildContentDeploymentConfigurationStep] Creating service key "incident-management-destinations-incident-management-destination-credentials" for service instance "incident-management-destination"...#
#2026 09 16 09:52:48.033#Z#INFO#52171575-b1b4-11f1-bf33-eeee0a8e3dbc.OPERATION#ForkJoinPool-244-worker-1#
[BuildContentDeploymentConfigurationStep] Creating service key "incident-management-html5-repo-host-key" for service instance "incident-management-html5-repo-host"...#
#2026 09 16 09:52:48.035#Z#DEBUG#52171575-b1b4-11f1-bf33-eeee0a8e3dbc.OPERATION#ForkJoinPool-244-worker-3#
[BuildContentDeploymentConfigurationStep] Creating service key "incident-management-destinations-incident-management-destination-credentials" for service instance "incident-management-destination" with parameters: {
  "service_key_type" : "********"
}#
#2026 09 16 09:52:48.037#Z#INFO#52171575-b1b4-11f1-bf33-eeee0a8e3dbc.OPERATION#ForkJoinPool-244-worker-2#
[BuildContentDeploymentConfigurationStep] Creating service key "incident-management-auth-key" for service instance "incident-management-auth"...#
#2026 09 16 09:52:48.039#Z#DEBUG#52171575-b1b4-11f1-bf33-eeee0a8e3dbc.OPERATION#ForkJoinPool-244-worker-1#
[BuildContentDeploymentConfigurationStep] Creating service key "incident-management-html5-repo-host-key" for service instance "incident-management-html5-repo-host" with parameters: { }#
#2026 09 16 09:52:48.044#Z#DEBUG#52171575-b1b4-11f1-bf33-eeee0a8e3dbc.OPERATION#ForkJoinPool-244-worker-2#
[BuildContentDeploymentConfigurationStep] Creating service key "incident-management-auth-key" for service instance "incident-management-auth" with parameters: { }#
#2026 09 16 09:52:49.356#Z#DEBUG#52171575-b1b4-11f1-bf33-eeee0a8e3dbc.OPERATION#ForkJoinPool-244-worker-2#
[BuildContentDeploymentConfigurationStep] Service key "incident-management-auth-key" created#
#2026 09 16 09:52:49.381#Z#DEBUG#52171575-b1b4-11f1-bf33-eeee0a8e3dbc.OPERATION#ForkJoinPool-244-worker-1#
[BuildContentDeploymentConfigurationStep] Service key "incident-management-html5-repo-host-key" created#
#2026 09 16 09:52:51.369#Z#DEBUG#52171575-b1b4-11f1-bf33-eeee0a8e3dbc.OPERATION#ForkJoinPool-244-worker-3#
[BuildContentDeploymentConfigurationStep] Service key "incident-management-destinations-incident-management-destination-credentials" created#
#2026 09 16 09:52:51.370#Z#DEBUG#52171575-b1b4-11f1-bf33-eeee0a8e3dbc.OPERATION#flowable-async-job-executor-thread-15155#
Step "Build Content Deployment Configuration" finished#
#2026 09 16 09:52:51.375#Z#DEBUG#52171575-b1b4-11f1-bf33-eeee0a8e3dbc.OPERATION#flowable-async-job-executor-thread-15155#
[CreateContentDeployClientConfigurationStep] Executing task "createContentDeployClientConfigurationTask" of process "61880631-b1b4-11f1-bf33-eeee0a8e3dbc"...#
#2026 09 16 09:52:51.376#Z#DEBUG#52171575-b1b4-11f1-bf33-eeee0a8e3dbc.OPERATION#flowable-async-job-executor-thread-15155#
[CreateContentDeployClientConfigurationStep] Content deployer client configuration: {
  "contentDeployerUrl" : "https://destination-configuration.cfapps.us10.hana.ondemand.com/destination-configuration/gacd",
  "uaaClientConfiguration" : {
    "url" : "********",
    "credentials" : "********",
    "authenticationStrategyType" : "********"
  },
  "httpRequestHeaders" : {
    "X-CorrelationID" : "52171575-b1b4-11f1-bf33-eeee0a8e3dbc"
  },
  "spaceId" : "d54729ef-3276-4aae-bbf1-9ffea9c4a940",
  "serviceName" : "incident-management-destination"
}#
#2026 09 16 09:52:51.586#Z#DEBUG#52171575-b1b4-11f1-bf33-eeee0a8e3dbc.OPERATION#flowable-async-job-executor-thread-15155#
Step "Create Content Deploy Client Configuration" finished#
#2026 09 16 09:52:51.587#Z#DEBUG#52171575-b1b4-11f1-bf33-eeee0a8e3dbc.OPERATION#flowable-async-job-executor-thread-15155#
[GetContentFromDeploymentDescriptorStep] Executing task "getContentFromDeploymentDescriptorTask" of process "61880631-b1b4-11f1-bf33-eeee0a8e3dbc"...#
#2026 09 16 09:52:51.588#Z#DEBUG#52171575-b1b4-11f1-bf33-eeee0a8e3dbc.OPERATION#flowable-async-job-executor-thread-15155#
[GetContentFromDeploymentDescriptorStep] Content for module: "incident-management-destinations" is: "{
  "id" : "72d52d07-fc6d-4d1f-a442-459335554e72",
  "contentType" : "EMBEDDED",
  "content" : {
    "instance" : {
      "destinations" : [ {
        "Name" : "incident-management-html5-repository",
        "ServiceInstanceName" : "incident-management-html5-repo-host",
        "ServiceKeyName" : "********",
        "sap.cloud.service" : "incidentmanagement.service"
      }, {
        "Authentication" : "********",
        "Name" : "********",
        "ServiceInstanceName" : "********",
        "ServiceKeyName" : "********",
        "sap.cloud.service" : "incidentmanagement.service"
      } ],
      "existing_destinations_policy" : "update"
    }
  }
}"#
#2026 09 16 09:52:51.588#Z#DEBUG#52171575-b1b4-11f1-bf33-eeee0a8e3dbc.OPERATION#flowable-async-job-executor-thread-15155#
Step "Get Content From Deployment Descriptor" finished#
#2026 09 16 09:52:51.589#Z#DEBUG#52171575-b1b4-11f1-bf33-eeee0a8e3dbc.OPERATION#flowable-async-job-executor-thread-15155#
[SynchronousContentDeployStep] Executing task "synchronousContentDeployTask" of process "61880631-b1b4-11f1-bf33-eeee0a8e3dbc"...#
#2026 09 16 09:52:51.589#Z#INFO#52171575-b1b4-11f1-bf33-eeee0a8e3dbc.OPERATION#flowable-async-job-executor-thread-15155#
[SynchronousContentDeployStep] Deploying content module "incident-management-destinations" in target service "incident-management-destination"...#
#2026 09 16 09:52:51.723#Z#DEBUG#52171575-b1b4-11f1-bf33-eeee0a8e3dbc.OPERATION#flowable-async-job-executor-thread-15155#
[SynchronousContentDeployStep] Processing inline content upload for module: incident-management-destinations#
#2026 09 16 09:52:52.417#Z#DEBUG#52171575-b1b4-11f1-bf33-eeee0a8e3dbc.OPERATION#flowable-async-job-executor-thread-15155#
Step "Synchronous Deploy" finished#
#2026 09 16 09:52:59.846#Z#DEBUG#52171575-b1b4-11f1-bf33-eeee0a8e3dbc.OPERATION#flowable-async-job-executor-thread-15163#
[BindServiceToApplicationStep] Executing task "bindServiceToApplicationTask" of process "5da240da-b1b4-11f1-9a6f-eeee0a885f50"...#
#2026 09 16 09:52:59.849#Z#DEBUG#52171575-b1b4-11f1-bf33-eeee0a8e3dbc.OPERATION#flowable-async-job-executor-thread-15163#
[BindServiceToApplicationStep] Getting async job "a1a9b0f1-8fde-49de-b921-30dc34bd6d15"#
#2026 09 16 09:52:59.867#Z#DEBUG#52171575-b1b4-11f1-bf33-eeee0a8e3dbc.OPERATION#flowable-async-job-executor-thread-15166#
[BindServiceToApplicationStep] Executing task "bindServiceToApplicationTask" of process "5dadb242-b1b4-11f1-8fe4-eeee0a80bcf5"...#
#2026 09 16 09:52:59.870#Z#DEBUG#52171575-b1b4-11f1-bf33-eeee0a8e3dbc.OPERATION#flowable-async-job-executor-thread-15166#
[BindServiceToApplicationStep] Getting async job "4f9d5f2f-0d9f-485b-84f4-e06000c11963"#
#2026 09 16 09:52:59.877#Z#DEBUG#52171575-b1b4-11f1-bf33-eeee0a8e3dbc.OPERATION#flowable-async-job-executor-thread-15163#
[BindServiceToApplicationStep] Getting service instance "incident-management-db"...#
#2026 09 16 09:52:59.896#Z#DEBUG#52171575-b1b4-11f1-bf33-eeee0a8e3dbc.OPERATION#flowable-async-job-executor-thread-15166#
[BindServiceToApplicationStep] Getting service instance "incident-management-destination"...#
#2026 09 16 09:52:59.995#Z#DEBUG#52171575-b1b4-11f1-bf33-eeee0a8e3dbc.OPERATION#flowable-async-job-executor-thread-15163#
[BindServiceToApplicationStep] Async service binding operation with id "a1a9b0f1-8fde-49de-b921-30dc34bd6d15" finished#
#2026 09 16 09:52:59.997#Z#DEBUG#52171575-b1b4-11f1-bf33-eeee0a8e3dbc.OPERATION#flowable-async-job-executor-thread-15163#
Step "Bind Service to Application" finished#
#2026 09 16 09:53:00.046#Z#DEBUG#52171575-b1b4-11f1-bf33-eeee0a8e3dbc.OPERATION#flowable-async-job-executor-thread-15166#
[BindServiceToApplicationStep] Async service binding operation with id "4f9d5f2f-0d9f-485b-84f4-e06000c11963" finished#
#2026 09 16 09:53:00.048#Z#DEBUG#52171575-b1b4-11f1-bf33-eeee0a8e3dbc.OPERATION#flowable-async-job-executor-thread-15166#
Step "Bind Service to Application" finished#
#2026 09 16 09:52:59.887#Z#DEBUG#52171575-b1b4-11f1-bf33-eeee0a8e3dbc.OPERATION#flowable-async-job-executor-thread-13367#
[BindServiceToApplicationStep] Executing task "bindServiceToApplicationTask" of process "5de7ae15-b1b4-11f1-bf33-eeee0a8e3dbc"...#
#2026 09 16 09:52:59.890#Z#DEBUG#52171575-b1b4-11f1-bf33-eeee0a8e3dbc.OPERATION#flowable-async-job-executor-thread-13367#
[BindServiceToApplicationStep] Getting async job "1d58114e-eedf-44d8-a55d-f5db578e21d2"#
#2026 09 16 09:52:59.917#Z#DEBUG#52171575-b1b4-11f1-bf33-eeee0a8e3dbc.OPERATION#flowable-async-job-executor-thread-13367#
[BindServiceToApplicationStep] Getting service instance "incident-management-db"...#
#2026 09 16 09:53:00.053#Z#DEBUG#52171575-b1b4-11f1-bf33-eeee0a8e3dbc.OPERATION#flowable-async-job-executor-thread-13367#
[BindServiceToApplicationStep] Async service binding operation with id "1d58114e-eedf-44d8-a55d-f5db578e21d2" finished#
#2026 09 16 09:53:00.054#Z#DEBUG#52171575-b1b4-11f1-bf33-eeee0a8e3dbc.OPERATION#flowable-async-job-executor-thread-13367#
Step "Bind Service to Application" finished#
#2026 09 16 09:53:00.189#Z#DEBUG#52171575-b1b4-11f1-bf33-eeee0a8e3dbc.OPERATION#flowable-async-job-executor-thread-13367#
[DetermineVcapServicesPropertiesChangedStep] Executing task "determineVcapServicesPropertiesChangedTask" of process "66c2117d-b1b4-11f1-8fe4-eeee0a80bcf5"...#
#2026 09 16 09:53:00.191#Z#DEBUG#52171575-b1b4-11f1-bf33-eeee0a8e3dbc.OPERATION#flowable-async-job-executor-thread-13367#
[DetermineVcapServicesPropertiesChangedStep] VCAP_SERVICES properties for application "incident-management-db-deployer" changed: true#
#2026 09 16 09:53:00.191#Z#DEBUG#52171575-b1b4-11f1-bf33-eeee0a8e3dbc.OPERATION#flowable-async-job-executor-thread-13367#
Step "Determine vcap services properties changed" finished#
#2026 09 16 09:52:59.898#Z#DEBUG#52171575-b1b4-11f1-bf33-eeee0a8e3dbc.OPERATION#flowable-async-job-executor-thread-13360#
[StartContentDeployStep] Executing task "startContentDeployTask" of process "5eabe827-b1b4-11f1-8fe4-eeee0a80bcf5"...#
#2026 09 16 09:52:59.900#Z#DEBUG#52171575-b1b4-11f1-bf33-eeee0a8e3dbc.OPERATION#flowable-async-job-executor-thread-13360#
[StartContentDeployStep] Checking status of module content deployment "incident-management-app-deployer" in service "incident-management-html5-repo-host"...#
#2026 09 16 09:53:00.357#Z#DEBUG#52171575-b1b4-11f1-bf33-eeee0a8e3dbc.OPERATION#flowable-async-job-executor-thread-13360#
[StartContentDeployStep] Deleting content deployment resource "b2238faf-7098-488d-8322-ff818551bac8"...#
#2026 09 16 09:53:00.373#Z#DEBUG#52171575-b1b4-11f1-bf33-eeee0a8e3dbc.OPERATION#flowable-async-job-executor-thread-13360#
Step "Start Content Deploy" finished#
#2026 09 16 09:53:00.225#Z#DEBUG#52171575-b1b4-11f1-bf33-eeee0a8e3dbc.OPERATION#flowable-async-job-executor-thread-13367#
[UploadAppStep] Executing task "uploadAppTask" of process "66c2117d-b1b4-11f1-8fe4-eeee0a80bcf5"...#
#2026 09 16 09:53:00.227#Z#DEBUG#52171575-b1b4-11f1-bf33-eeee0a8e3dbc.OPERATION#flowable-async-job-executor-thread-13367#
[UploadAppStep] Application upload timeout is default one: 3,600 seconds#
#2026 09 16 09:53:00.228#Z#INFO#52171575-b1b4-11f1-bf33-eeee0a8e3dbc.OPERATION#flowable-async-job-executor-thread-13367#
[UploadAppStep] Uploading application "incident-management-db-deployer"...#
#2026 09 16 09:53:00.233#Z#DEBUG#52171575-b1b4-11f1-bf33-eeee0a8e3dbc.OPERATION#flowable-async-job-executor-thread-13367#
[UploadAppStep] Getting application "incident-management-db-deployer"...#
#2026 09 16 09:53:00.258#Z#DEBUG#52171575-b1b4-11f1-bf33-eeee0a8e3dbc.OPERATION#flowable-async-job-executor-thread-13367#
[UploadAppStep] Getting environment of application "027cc582-38ad-4b77-9ea4-3df5d0ff7569"...#
#2026 09 16 09:53:00.298#Z#INFO#52171575-b1b4-11f1-bf33-eeee0a8e3dbc.OPERATION#flowable-async-job-executor-thread-13367#
[UploadAppStep] Calculating application digest: "incident-management-db-deployer"#
#2026 09 16 09:53:00.409#Z#DEBUG#52171575-b1b4-11f1-bf33-eeee0a8e3dbc.OPERATION#flowable-async-job-executor-thread-13367#
Step "Upload App" finished#
#2026 09 16 09:53:02.997#Z#DEBUG#52171575-b1b4-11f1-bf33-eeee0a8e3dbc.OPERATION#flowable-async-job-executor-thread-12387#
[DetermineVcapServicesPropertiesChangedStep] Executing task "determineVcapServicesPropertiesChangedTask" of process "686d01e2-b1b4-11f1-9a6f-eeee0a885f50"...#
#2026 09 16 09:53:03.000#Z#DEBUG#52171575-b1b4-11f1-bf33-eeee0a8e3dbc.OPERATION#flowable-async-job-executor-thread-12387#
[DetermineVcapServicesPropertiesChangedStep] VCAP_SERVICES properties for application "incident-management-srv" changed: true#
#2026 09 16 09:53:03.000#Z#DEBUG#52171575-b1b4-11f1-bf33-eeee0a8e3dbc.OPERATION#flowable-async-job-executor-thread-12387#
Step "Determine vcap services properties changed" finished#
#2026 09 16 09:53:03.034#Z#DEBUG#52171575-b1b4-11f1-bf33-eeee0a8e3dbc.OPERATION#flowable-async-job-executor-thread-12387#
[UploadAppStep] Executing task "uploadAppTask" of process "686d01e2-b1b4-11f1-9a6f-eeee0a885f50"...#
#2026 09 16 09:53:03.036#Z#DEBUG#52171575-b1b4-11f1-bf33-eeee0a8e3dbc.OPERATION#flowable-async-job-executor-thread-12387#
[UploadAppStep] Application upload timeout is default one: 3,600 seconds#
#2026 09 16 09:53:03.036#Z#INFO#52171575-b1b4-11f1-bf33-eeee0a8e3dbc.OPERATION#flowable-async-job-executor-thread-12387#
[UploadAppStep] Uploading application "incident-management-srv"...#
#2026 09 16 09:53:03.041#Z#DEBUG#52171575-b1b4-11f1-bf33-eeee0a8e3dbc.OPERATION#flowable-async-job-executor-thread-12387#
[UploadAppStep] Getting application "incident-management-srv"...#
#2026 09 16 09:53:03.086#Z#DEBUG#52171575-b1b4-11f1-bf33-eeee0a8e3dbc.OPERATION#flowable-async-job-executor-thread-12387#
[UploadAppStep] Getting environment of application "3aa583c2-6c70-4dd2-8a10-7716453168c8"...#
#2026 09 16 09:53:03.116#Z#INFO#52171575-b1b4-11f1-bf33-eeee0a8e3dbc.OPERATION#flowable-async-job-executor-thread-12387#
[UploadAppStep] Calculating application digest: "incident-management-srv"#
#2026 09 16 09:53:03.169#Z#DEBUG#52171575-b1b4-11f1-bf33-eeee0a8e3dbc.OPERATION#flowable-async-job-executor-thread-12387#
Step "Upload App" finished#
#2026 09 16 09:53:09.996#Z#DEBUG#52171575-b1b4-11f1-bf33-eeee0a8e3dbc.OPERATION#flowable-async-job-executor-thread-12397#
[UploadAppStep] Executing task "uploadAppTask" of process "66c2117d-b1b4-11f1-8fe4-eeee0a80bcf5"...#
#2026 09 16 09:53:09.998#Z#DEBUG#52171575-b1b4-11f1-bf33-eeee0a8e3dbc.OPERATION#flowable-async-job-executor-thread-12397#
[UploadAppStep] Application upload timeout is default one: 3,600 seconds#
#2026 09 16 09:53:10.001#Z#DEBUG#52171575-b1b4-11f1-bf33-eeee0a8e3dbc.OPERATION#pool-14-thread-2#
[UploadAppStep] Upload of application: incident-management-db-deployer started on instance: 2#
#2026 09 16 09:53:10.001#Z#DEBUG#52171575-b1b4-11f1-bf33-eeee0a8e3dbc.OPERATION#pool-14-thread-2#
[UploadAppStep] Uploading file "incident-management-db-deployer/data.zip" for application "incident-management-db-deployer"#
#2026 09 16 09:53:10.014#Z#DEBUG#52171575-b1b4-11f1-bf33-eeee0a8e3dbc.OPERATION#flowable-async-job-executor-thread-12401#
[UploadAppStep] Executing task "uploadAppTask" of process "686d01e2-b1b4-11f1-9a6f-eeee0a885f50"...#
#2026 09 16 09:53:10.017#Z#DEBUG#52171575-b1b4-11f1-bf33-eeee0a8e3dbc.OPERATION#flowable-async-job-executor-thread-12401#
[UploadAppStep] Application upload timeout is default one: 3,600 seconds#
#2026 09 16 09:53:10.023#Z#DEBUG#52171575-b1b4-11f1-bf33-eeee0a8e3dbc.OPERATION#pool-14-thread-3#
[UploadAppStep] Upload of application: incident-management-srv started on instance: 2#
#2026 09 16 09:53:10.023#Z#DEBUG#52171575-b1b4-11f1-bf33-eeee0a8e3dbc.OPERATION#pool-14-thread-3#
[UploadAppStep] Uploading file "incident-management-srv/data.zip" for application "incident-management-srv"#
#2026 09 16 09:53:10.064#Z#INFO#52171575-b1b4-11f1-bf33-eeee0a8e3dbc.OPERATION#pool-14-thread-2#
[UploadAppStep] Time elapsed for app binary download: 62 in millis#
#2026 09 16 09:53:10.064#Z#INFO#52171575-b1b4-11f1-bf33-eeee0a8e3dbc.OPERATION#pool-14-thread-2#
[UploadAppStep] Size of app incident-management-db-deployer is 2,464,563 bytes#
#2026 09 16 09:53:10.064#Z#DEBUG#52171575-b1b4-11f1-bf33-eeee0a8e3dbc.OPERATION#pool-14-thread-2#
[UploadAppStep] Asynchronously uploading binaries for application "incident-management-db-deployer"...#
#2026 09 16 09:53:10.166#Z#INFO#52171575-b1b4-11f1-bf33-eeee0a8e3dbc.OPERATION#pool-14-thread-3#
[UploadAppStep] Time elapsed for app binary download: 143 in millis#
#2026 09 16 09:53:10.166#Z#INFO#52171575-b1b4-11f1-bf33-eeee0a8e3dbc.OPERATION#pool-14-thread-3#
[UploadAppStep] Size of app incident-management-srv is 3,771,902 bytes#
#2026 09 16 09:53:10.166#Z#DEBUG#52171575-b1b4-11f1-bf33-eeee0a8e3dbc.OPERATION#pool-14-thread-3#
[UploadAppStep] Asynchronously uploading binaries for application "incident-management-srv"...#
#2026 09 16 09:53:10.314#Z#INFO#52171575-b1b4-11f1-bf33-eeee0a8e3dbc.OPERATION#pool-14-thread-2#
[UploadAppStep] Started async upload of application "incident-management-db-deployer"#
#2026 09 16 09:53:10.323#Z#INFO#52171575-b1b4-11f1-bf33-eeee0a8e3dbc.OPERATION#flowable-async-job-executor-thread-12397#
[UploadAppStep] Time elapsed for upload: 325 in millis#
#2026 09 16 09:53:10.324#Z#DEBUG#52171575-b1b4-11f1-bf33-eeee0a8e3dbc.OPERATION#flowable-async-job-executor-thread-12397#
[UploadAppStep] Getting application "incident-management-db-deployer"...#
#2026 09 16 09:53:10.346#Z#DEBUG#52171575-b1b4-11f1-bf33-eeee0a8e3dbc.OPERATION#App upload monitor: 43413002-ccd8-48c6-946a-baf34e3bc7f5#
[UploadAppStep] Upload status: PROCESSING_UPLOAD#
#2026 09 16 09:53:10.352#Z#DEBUG#52171575-b1b4-11f1-bf33-eeee0a8e3dbc.OPERATION#flowable-async-job-executor-thread-12397#
[UploadAppStep] Getting environment of application "027cc582-38ad-4b77-9ea4-3df5d0ff7569"...#
#2026 09 16 09:53:10.391#Z#DEBUG#52171575-b1b4-11f1-bf33-eeee0a8e3dbc.OPERATION#flowable-async-job-executor-thread-12397#
[UploadAppStep] Updating environment of application "incident-management-db-deployer"#
#2026 09 16 09:53:10.435#Z#INFO#52171575-b1b4-11f1-bf33-eeee0a8e3dbc.OPERATION#pool-14-thread-3#
[UploadAppStep] Started async upload of application "incident-management-srv"#
#2026 09 16 09:53:10.440#Z#INFO#52171575-b1b4-11f1-bf33-eeee0a8e3dbc.OPERATION#flowable-async-job-executor-thread-12401#
[UploadAppStep] Time elapsed for upload: 423 in millis#
#2026 09 16 09:53:10.440#Z#DEBUG#52171575-b1b4-11f1-bf33-eeee0a8e3dbc.OPERATION#flowable-async-job-executor-thread-12401#
[UploadAppStep] Getting application "incident-management-srv"...#
#2026 09 16 09:53:10.468#Z#DEBUG#52171575-b1b4-11f1-bf33-eeee0a8e3dbc.OPERATION#App upload monitor: 89477572-ab32-4596-8331-1a6471996e1d#
[UploadAppStep] Upload status: PROCESSING_UPLOAD#
#2026 09 16 09:53:10.470#Z#DEBUG#52171575-b1b4-11f1-bf33-eeee0a8e3dbc.OPERATION#flowable-async-job-executor-thread-12401#
[UploadAppStep] Getting environment of application "3aa583c2-6c70-4dd2-8a10-7716453168c8"...#
#2026 09 16 09:53:10.477#Z#DEBUG#52171575-b1b4-11f1-bf33-eeee0a8e3dbc.OPERATION#flowable-async-job-executor-thread-12397#
Step "Upload App" finished#
#2026 09 16 09:53:10.505#Z#DEBUG#52171575-b1b4-11f1-bf33-eeee0a8e3dbc.OPERATION#flowable-async-job-executor-thread-12401#
[UploadAppStep] Updating environment of application "incident-management-srv"#
#2026 09 16 09:53:10.582#Z#DEBUG#52171575-b1b4-11f1-bf33-eeee0a8e3dbc.OPERATION#flowable-async-job-executor-thread-12401#
Step "Upload App" finished#
#2026 09 16 09:53:20.043#Z#DEBUG#52171575-b1b4-11f1-bf33-eeee0a8e3dbc.OPERATION#flowable-async-job-executor-thread-13374#
[UploadAppStep] Executing task "uploadAppTask" of process "686d01e2-b1b4-11f1-9a6f-eeee0a885f50"...#
#2026 09 16 09:53:20.046#Z#DEBUG#52171575-b1b4-11f1-bf33-eeee0a8e3dbc.OPERATION#flowable-async-job-executor-thread-13374#
[UploadAppStep] Application upload timeout is default one: 3,600 seconds#
#2026 09 16 09:53:20.047#Z#DEBUG#52171575-b1b4-11f1-bf33-eeee0a8e3dbc.OPERATION#flowable-async-job-executor-thread-13374#
[UploadAppStep] Checking upload status of application "incident-management-srv"...#
#2026 09 16 09:53:20.048#Z#DEBUG#52171575-b1b4-11f1-bf33-eeee0a8e3dbc.OPERATION#flowable-async-job-executor-thread-13374#
[UploadAppStep] Getting package "89477572-ab32-4596-8331-1a6471996e1d"...#
#2026 09 16 09:53:20.060#Z#DEBUG#52171575-b1b4-11f1-bf33-eeee0a8e3dbc.OPERATION#flowable-async-job-executor-thread-13377#
[UploadAppStep] Executing task "uploadAppTask" of process "66c2117d-b1b4-11f1-8fe4-eeee0a80bcf5"...#
#2026 09 16 09:53:20.062#Z#DEBUG#52171575-b1b4-11f1-bf33-eeee0a8e3dbc.OPERATION#flowable-async-job-executor-thread-13377#
[UploadAppStep] Application upload timeout is default one: 3,600 seconds#
#2026 09 16 09:53:20.062#Z#DEBUG#52171575-b1b4-11f1-bf33-eeee0a8e3dbc.OPERATION#flowable-async-job-executor-thread-13377#
[UploadAppStep] Checking upload status of application "incident-management-db-deployer"...#
#2026 09 16 09:53:20.063#Z#DEBUG#52171575-b1b4-11f1-bf33-eeee0a8e3dbc.OPERATION#flowable-async-job-executor-thread-13377#
[UploadAppStep] Getting package "43413002-ccd8-48c6-946a-baf34e3bc7f5"...#
#2026 09 16 09:53:20.076#Z#DEBUG#52171575-b1b4-11f1-bf33-eeee0a8e3dbc.OPERATION#flowable-async-job-executor-thread-13374#
[UploadAppStep] Application "incident-management-srv" uploaded#
#2026 09 16 09:53:20.077#Z#DEBUG#52171575-b1b4-11f1-bf33-eeee0a8e3dbc.OPERATION#flowable-async-job-executor-thread-13374#
Step "Upload App" finished#
#2026 09 16 09:53:20.087#Z#DEBUG#52171575-b1b4-11f1-bf33-eeee0a8e3dbc.OPERATION#flowable-async-job-executor-thread-13377#
[UploadAppStep] Application "incident-management-db-deployer" uploaded#
#2026 09 16 09:53:20.088#Z#DEBUG#52171575-b1b4-11f1-bf33-eeee0a8e3dbc.OPERATION#flowable-async-job-executor-thread-13377#
Step "Upload App" finished#
#2026 09 16 09:53:20.113#Z#DEBUG#52171575-b1b4-11f1-bf33-eeee0a8e3dbc.OPERATION#flowable-async-job-executor-thread-13374#
[ScaleAppStep] Executing task "scaleAppTask" of process "686d01e2-b1b4-11f1-9a6f-eeee0a885f50"...#
#2026 09 16 09:53:20.115#Z#DEBUG#52171575-b1b4-11f1-bf33-eeee0a8e3dbc.OPERATION#flowable-async-job-executor-thread-13374#
[ScaleAppStep] Scaling application "incident-management-srv"...#
#2026 09 16 09:53:20.115#Z#DEBUG#52171575-b1b4-11f1-bf33-eeee0a8e3dbc.OPERATION#flowable-async-job-executor-thread-13374#
[ScaleAppStep] Application "incident-management-srv" scaled#
#2026 09 16 09:53:20.115#Z#DEBUG#52171575-b1b4-11f1-bf33-eeee0a8e3dbc.OPERATION#flowable-async-job-executor-thread-13374#
Step "Scale App" finished#
#2026 09 16 09:53:20.128#Z#DEBUG#52171575-b1b4-11f1-bf33-eeee0a8e3dbc.OPERATION#flowable-async-job-executor-thread-13377#
[ScaleAppStep] Executing task "scaleAppTask" of process "66c2117d-b1b4-11f1-8fe4-eeee0a80bcf5"...#
#2026 09 16 09:53:20.130#Z#DEBUG#52171575-b1b4-11f1-bf33-eeee0a8e3dbc.OPERATION#flowable-async-job-executor-thread-13377#
[ScaleAppStep] Scaling application "incident-management-db-deployer"...#
#2026 09 16 09:53:20.130#Z#DEBUG#52171575-b1b4-11f1-bf33-eeee0a8e3dbc.OPERATION#flowable-async-job-executor-thread-13377#
[ScaleAppStep] Application "incident-management-db-deployer" scaled#
#2026 09 16 09:53:20.130#Z#DEBUG#52171575-b1b4-11f1-bf33-eeee0a8e3dbc.OPERATION#flowable-async-job-executor-thread-13377#
Step "Scale App" finished#
#2026 09 16 09:53:20.147#Z#DEBUG#52171575-b1b4-11f1-bf33-eeee0a8e3dbc.OPERATION#flowable-async-job-executor-thread-13374#
[DetermineDesiredStateAchievingActionsStep] Executing task "determineDesiredStateAchievingActionsTask" of process "686d01e2-b1b4-11f1-9a6f-eeee0a885f50"...#
#2026 09 16 09:53:20.149#Z#DEBUG#52171575-b1b4-11f1-bf33-eeee0a8e3dbc.OPERATION#flowable-async-job-executor-thread-13374#
[DetermineDesiredStateAchievingActionsStep] Getting application "incident-management-srv"...#
#2026 09 16 09:53:20.158#Z#DEBUG#52171575-b1b4-11f1-bf33-eeee0a8e3dbc.OPERATION#flowable-async-job-executor-thread-13377#
[DetermineDesiredStateAchievingActionsStep] Executing task "determineDesiredStateAchievingActionsTask" of process "66c2117d-b1b4-11f1-8fe4-eeee0a80bcf5"...#
#2026 09 16 09:53:20.160#Z#DEBUG#52171575-b1b4-11f1-bf33-eeee0a8e3dbc.OPERATION#flowable-async-job-executor-thread-13377#
[DetermineDesiredStateAchievingActionsStep] Getting application "incident-management-db-deployer"...#
#2026 09 16 09:53:20.198#Z#DEBUG#52171575-b1b4-11f1-bf33-eeee0a8e3dbc.OPERATION#flowable-async-job-executor-thread-13374#
[DetermineDesiredStateAchievingActionsStep] Getting instances for application "incident-management-srv"...#
#2026 09 16 09:53:20.198#Z#DEBUG#52171575-b1b4-11f1-bf33-eeee0a8e3dbc.OPERATION#flowable-async-job-executor-thread-13374#
[DetermineDesiredStateAchievingActionsStep] Getting environment of application "3aa583c2-6c70-4dd2-8a10-7716453168c8"...#
#2026 09 16 09:53:20.199#Z#DEBUG#52171575-b1b4-11f1-bf33-eeee0a8e3dbc.OPERATION#flowable-async-job-executor-thread-13377#
[DetermineDesiredStateAchievingActionsStep] Getting instances for application "incident-management-db-deployer"...#
#2026 09 16 09:53:20.199#Z#DEBUG#52171575-b1b4-11f1-bf33-eeee0a8e3dbc.OPERATION#flowable-async-job-executor-thread-13377#
[DetermineDesiredStateAchievingActionsStep] Getting environment of application "027cc582-38ad-4b77-9ea4-3df5d0ff7569"...#
#2026 09 16 09:53:20.223#Z#DEBUG#52171575-b1b4-11f1-bf33-eeee0a8e3dbc.OPERATION#flowable-async-job-executor-thread-13374#
[DetermineDesiredStateAchievingActionsStep] Current state of application incident-management-srv: STOPPED#
#2026 09 16 09:53:20.223#Z#DEBUG#52171575-b1b4-11f1-bf33-eeee0a8e3dbc.OPERATION#flowable-async-job-executor-thread-13374#
[DetermineDesiredStateAchievingActionsStep] Desired state of application incident-management-srv: STARTED#
#2026 09 16 09:53:20.223#Z#DEBUG#52171575-b1b4-11f1-bf33-eeee0a8e3dbc.OPERATION#flowable-async-job-executor-thread-13374#
[DetermineDesiredStateAchievingActionsStep] Actions that should be executed on application incident-management-srv: [STAGE, START]#
#2026 09 16 09:53:20.223#Z#DEBUG#52171575-b1b4-11f1-bf33-eeee0a8e3dbc.OPERATION#flowable-async-job-executor-thread-13374#
Step "Determine Desired State Achieving Actions" finished#
#2026 09 16 09:53:20.231#Z#DEBUG#52171575-b1b4-11f1-bf33-eeee0a8e3dbc.OPERATION#flowable-async-job-executor-thread-13377#
[DetermineDesiredStateAchievingActionsStep] Current state of application incident-management-db-deployer: STOPPED#
#2026 09 16 09:53:20.231#Z#DEBUG#52171575-b1b4-11f1-bf33-eeee0a8e3dbc.OPERATION#flowable-async-job-executor-thread-13377#
[DetermineDesiredStateAchievingActionsStep] Desired state of application incident-management-db-deployer: STOPPED#
#2026 09 16 09:53:20.231#Z#DEBUG#52171575-b1b4-11f1-bf33-eeee0a8e3dbc.OPERATION#flowable-async-job-executor-thread-13377#
[DetermineDesiredStateAchievingActionsStep] Actions that should be executed on application incident-management-db-deployer: [STAGE]#
#2026 09 16 09:53:20.231#Z#DEBUG#52171575-b1b4-11f1-bf33-eeee0a8e3dbc.OPERATION#flowable-async-job-executor-thread-13377#
Step "Determine Desired State Achieving Actions" finished#
#2026 09 16 09:53:20.263#Z#DEBUG#52171575-b1b4-11f1-bf33-eeee0a8e3dbc.OPERATION#flowable-async-job-executor-thread-13374#
[StageAppStep] Executing task "stageAppTask" of process "686d01e2-b1b4-11f1-9a6f-eeee0a885f50"...#
#2026 09 16 09:53:20.265#Z#DEBUG#52171575-b1b4-11f1-bf33-eeee0a8e3dbc.OPERATION#flowable-async-job-executor-thread-13374#
[StageAppStep] Application stage timeout is default one: 3,600 seconds#
#2026 09 16 09:53:20.267#Z#INFO#52171575-b1b4-11f1-bf33-eeee0a8e3dbc.OPERATION#flowable-async-job-executor-thread-13374#
[StageAppStep] Staging application "incident-management-srv"...#
#2026 09 16 09:53:20.272#Z#DEBUG#52171575-b1b4-11f1-bf33-eeee0a8e3dbc.OPERATION#flowable-async-job-executor-thread-13374#
[StageAppStep] Creating build for package "89477572-ab32-4596-8331-1a6471996e1d"...#
#2026 09 16 09:53:20.276#Z#DEBUG#52171575-b1b4-11f1-bf33-eeee0a8e3dbc.OPERATION#flowable-async-job-executor-thread-13377#
[StageAppStep] Executing task "stageAppTask" of process "66c2117d-b1b4-11f1-8fe4-eeee0a80bcf5"...#
#2026 09 16 09:53:20.278#Z#DEBUG#52171575-b1b4-11f1-bf33-eeee0a8e3dbc.OPERATION#flowable-async-job-executor-thread-13377#
[StageAppStep] Application stage timeout is default one: 3,600 seconds#
#2026 09 16 09:53:20.280#Z#INFO#52171575-b1b4-11f1-bf33-eeee0a8e3dbc.OPERATION#flowable-async-job-executor-thread-13377#
[StageAppStep] Staging application "incident-management-db-deployer"...#
#2026 09 16 09:53:20.286#Z#DEBUG#52171575-b1b4-11f1-bf33-eeee0a8e3dbc.OPERATION#flowable-async-job-executor-thread-13377#
[StageAppStep] Creating build for package "43413002-ccd8-48c6-946a-baf34e3bc7f5"...#
#2026 09 16 09:53:20.663#Z#DEBUG#52171575-b1b4-11f1-bf33-eeee0a8e3dbc.OPERATION#flowable-async-job-executor-thread-13377#
Step "Stage App" finished#
#2026 09 16 09:53:20.674#Z#DEBUG#52171575-b1b4-11f1-bf33-eeee0a8e3dbc.OPERATION#flowable-async-job-executor-thread-13374#
Step "Stage App" finished#
#2026 09 16 09:53:30.103#Z#DEBUG#52171575-b1b4-11f1-bf33-eeee0a8e3dbc.OPERATION#flowable-async-job-executor-thread-12413#
[StageAppStep] Executing task "stageAppTask" of process "686d01e2-b1b4-11f1-9a6f-eeee0a885f50"...#
#2026 09 16 09:53:30.108#Z#DEBUG#52171575-b1b4-11f1-bf33-eeee0a8e3dbc.OPERATION#flowable-async-job-executor-thread-12413#
[StageAppStep] Application stage timeout is default one: 3,600 seconds#
#2026 09 16 09:53:30.109#Z#DEBUG#52171575-b1b4-11f1-bf33-eeee0a8e3dbc.OPERATION#flowable-async-job-executor-thread-12413#
[StageAppStep] Checking status of application "incident-management-srv"...#
#2026 09 16 09:53:30.109#Z#DEBUG#52171575-b1b4-11f1-bf33-eeee0a8e3dbc.OPERATION#flowable-async-job-executor-thread-12413#
[StageAppStep] Getting build "e4ada52a-7f40-431f-a90b-13108a62718c"...#
#2026 09 16 09:53:30.116#Z#DEBUG#52171575-b1b4-11f1-bf33-eeee0a8e3dbc.OPERATION#flowable-async-job-executor-thread-12417#
[StageAppStep] Executing task "stageAppTask" of process "66c2117d-b1b4-11f1-8fe4-eeee0a80bcf5"...#
#2026 09 16 09:53:30.120#Z#DEBUG#52171575-b1b4-11f1-bf33-eeee0a8e3dbc.OPERATION#flowable-async-job-executor-thread-12417#
[StageAppStep] Application stage timeout is default one: 3,600 seconds#
#2026 09 16 09:53:30.121#Z#DEBUG#52171575-b1b4-11f1-bf33-eeee0a8e3dbc.OPERATION#flowable-async-job-executor-thread-12417#
[StageAppStep] Checking status of application "incident-management-db-deployer"...#
#2026 09 16 09:53:30.121#Z#DEBUG#52171575-b1b4-11f1-bf33-eeee0a8e3dbc.OPERATION#flowable-async-job-executor-thread-12417#
[StageAppStep] Getting build "a7a5c3d4-d673-4e4a-a0aa-dd368c9babd2"...#
#2026 09 16 09:53:30.142#Z#DEBUG#52171575-b1b4-11f1-bf33-eeee0a8e3dbc.OPERATION#flowable-async-job-executor-thread-12413#
[StageAppStep] Staging status of application "incident-management-srv": PENDING#
#2026 09 16 09:53:30.145#Z#DEBUG#52171575-b1b4-11f1-bf33-eeee0a8e3dbc.OPERATION#flowable-async-job-executor-thread-12413#
[StageAppStep] Getting application guid "incident-management-srv"...#
#2026 09 16 09:53:30.150#Z#DEBUG#52171575-b1b4-11f1-bf33-eeee0a8e3dbc.OPERATION#flowable-async-job-executor-thread-12417#
[StageAppStep] Staging status of application "incident-management-db-deployer": PENDING#
#2026 09 16 09:53:30.151#Z#DEBUG#52171575-b1b4-11f1-bf33-eeee0a8e3dbc.OPERATION#flowable-async-job-executor-thread-12417#
[StageAppStep] Getting application guid "incident-management-db-deployer"...#
#2026 09 16 09:53:30.229#Z#DEBUG#52171575-b1b4-11f1-bf33-eeee0a8e3dbc.OPERATION#flowable-async-job-executor-thread-12417#
Step "Stage App" finished#
#2026 09 16 09:53:30.230#Z#DEBUG#52171575-b1b4-11f1-bf33-eeee0a8e3dbc.OPERATION#flowable-async-job-executor-thread-12413#
Step "Stage App" finished#
#2026 09 16 09:53:40.167#Z#DEBUG#52171575-b1b4-11f1-bf33-eeee0a8e3dbc.OPERATION#flowable-async-job-executor-thread-15197#
[StageAppStep] Executing task "stageAppTask" of process "686d01e2-b1b4-11f1-9a6f-eeee0a885f50"...#
#2026 09 16 09:53:40.170#Z#DEBUG#52171575-b1b4-11f1-bf33-eeee0a8e3dbc.OPERATION#flowable-async-job-executor-thread-15197#
[StageAppStep] Application stage timeout is default one: 3,600 seconds#
#2026 09 16 09:53:40.171#Z#DEBUG#52171575-b1b4-11f1-bf33-eeee0a8e3dbc.OPERATION#flowable-async-job-executor-thread-15198#
[StageAppStep] Executing task "stageAppTask" of process "66c2117d-b1b4-11f1-8fe4-eeee0a80bcf5"...#
#2026 09 16 09:53:40.172#Z#DEBUG#52171575-b1b4-11f1-bf33-eeee0a8e3dbc.OPERATION#flowable-async-job-executor-thread-15197#
[StageAppStep] Checking status of application "incident-management-srv"...#
#2026 09 16 09:53:40.172#Z#DEBUG#52171575-b1b4-11f1-bf33-eeee0a8e3dbc.OPERATION#flowable-async-job-executor-thread-15197#
[StageAppStep] Getting build "e4ada52a-7f40-431f-a90b-13108a62718c"...#
#2026 09 16 09:53:40.174#Z#DEBUG#52171575-b1b4-11f1-bf33-eeee0a8e3dbc.OPERATION#flowable-async-job-executor-thread-15198#
[StageAppStep] Application stage timeout is default one: 3,600 seconds#
#2026 09 16 09:53:40.176#Z#DEBUG#52171575-b1b4-11f1-bf33-eeee0a8e3dbc.OPERATION#flowable-async-job-executor-thread-15198#
[StageAppStep] Checking status of application "incident-management-db-deployer"...#
#2026 09 16 09:53:40.176#Z#DEBUG#52171575-b1b4-11f1-bf33-eeee0a8e3dbc.OPERATION#flowable-async-job-executor-thread-15198#
[StageAppStep] Getting build "a7a5c3d4-d673-4e4a-a0aa-dd368c9babd2"...#
#2026 09 16 09:53:40.205#Z#DEBUG#52171575-b1b4-11f1-bf33-eeee0a8e3dbc.OPERATION#flowable-async-job-executor-thread-15197#
[StageAppStep] Staging status of application "incident-management-srv": PENDING#
#2026 09 16 09:53:40.206#Z#DEBUG#52171575-b1b4-11f1-bf33-eeee0a8e3dbc.OPERATION#flowable-async-job-executor-thread-15197#
[StageAppStep] Getting application guid "incident-management-srv"...#
#2026 09 16 09:53:40.209#Z#DEBUG#52171575-b1b4-11f1-bf33-eeee0a8e3dbc.OPERATION#flowable-async-job-executor-thread-15198#
[StageAppStep] Staging status of application "incident-management-db-deployer": PENDING#
#2026 09 16 09:53:40.210#Z#DEBUG#52171575-b1b4-11f1-bf33-eeee0a8e3dbc.OPERATION#flowable-async-job-executor-thread-15198#
[StageAppStep] Getting application guid "incident-management-db-deployer"...#
#2026 09 16 09:53:40.278#Z#DEBUG#52171575-b1b4-11f1-bf33-eeee0a8e3dbc.OPERATION#flowable-async-job-executor-thread-15198#
Step "Stage App" finished#
#2026 09 16 09:53:40.297#Z#DEBUG#52171575-b1b4-11f1-bf33-eeee0a8e3dbc.OPERATION#flowable-async-job-executor-thread-15197#
Step "Stage App" finished#
#2026 09 16 09:53:50.271#Z#DEBUG#52171575-b1b4-11f1-bf33-eeee0a8e3dbc.OPERATION#flowable-async-job-executor-thread-12430#
[StageAppStep] Executing task "stageAppTask" of process "686d01e2-b1b4-11f1-9a6f-eeee0a885f50"...#
#2026 09 16 09:53:50.273#Z#DEBUG#52171575-b1b4-11f1-bf33-eeee0a8e3dbc.OPERATION#flowable-async-job-executor-thread-12430#
[StageAppStep] Application stage timeout is default one: 3,600 seconds#
#2026 09 16 09:53:50.275#Z#DEBUG#52171575-b1b4-11f1-bf33-eeee0a8e3dbc.OPERATION#flowable-async-job-executor-thread-12430#
[StageAppStep] Checking status of application "incident-management-srv"...#
#2026 09 16 09:53:50.275#Z#DEBUG#52171575-b1b4-11f1-bf33-eeee0a8e3dbc.OPERATION#flowable-async-job-executor-thread-12430#
[StageAppStep] Getting build "e4ada52a-7f40-431f-a90b-13108a62718c"...#
#2026 09 16 09:53:50.299#Z#DEBUG#52171575-b1b4-11f1-bf33-eeee0a8e3dbc.OPERATION#flowable-async-job-executor-thread-12430#
[StageAppStep] Staging status of application "incident-management-srv": STAGED#
#2026 09 16 09:53:50.300#Z#DEBUG#52171575-b1b4-11f1-bf33-eeee0a8e3dbc.OPERATION#flowable-async-job-executor-thread-12430#
[StageAppStep] Getting application guid "incident-management-srv"...#
#2026 09 16 09:53:50.371#Z#DEBUG#52171575-b1b4-11f1-bf33-eeee0a8e3dbc.OPERATION#flowable-async-job-executor-thread-12430#
[StageAppStep] Getting build "e4ada52a-7f40-431f-a90b-13108a62718c"...#
#2026 09 16 09:53:50.412#Z#DEBUG#52171575-b1b4-11f1-bf33-eeee0a8e3dbc.OPERATION#flowable-async-job-executor-thread-12430#
[StageAppStep] Binding droplet "2975da29-00cf-44c2-8cfb-c033b4b6c59b" to application "3aa583c2-6c70-4dd2-8a10-7716453168c8"...#
#2026 09 16 09:53:50.466#Z#INFO#52171575-b1b4-11f1-bf33-eeee0a8e3dbc.OPERATION#flowable-async-job-executor-thread-12430#
[StageAppStep] Application "incident-management-srv" staged#
#2026 09 16 09:53:50.474#Z#DEBUG#52171575-b1b4-11f1-bf33-eeee0a8e3dbc.OPERATION#flowable-async-job-executor-thread-12430#
Step "Stage App" finished#
#2026 09 16 09:53:50.292#Z#DEBUG#52171575-b1b4-11f1-bf33-eeee0a8e3dbc.OPERATION#flowable-async-job-executor-thread-13401#
[StageAppStep] Executing task "stageAppTask" of process "66c2117d-b1b4-11f1-8fe4-eeee0a80bcf5"...#
#2026 09 16 09:53:50.294#Z#DEBUG#52171575-b1b4-11f1-bf33-eeee0a8e3dbc.OPERATION#flowable-async-job-executor-thread-13401#
[StageAppStep] Application stage timeout is default one: 3,600 seconds#
#2026 09 16 09:53:50.295#Z#DEBUG#52171575-b1b4-11f1-bf33-eeee0a8e3dbc.OPERATION#flowable-async-job-executor-thread-13401#
[StageAppStep] Checking status of application "incident-management-db-deployer"...#
#2026 09 16 09:53:50.295#Z#DEBUG#52171575-b1b4-11f1-bf33-eeee0a8e3dbc.OPERATION#flowable-async-job-executor-thread-13401#
[StageAppStep] Getting build "a7a5c3d4-d673-4e4a-a0aa-dd368c9babd2"...#
#2026 09 16 09:53:50.330#Z#DEBUG#52171575-b1b4-11f1-bf33-eeee0a8e3dbc.OPERATION#flowable-async-job-executor-thread-13401#
[StageAppStep] Staging status of application "incident-management-db-deployer": STAGED#
#2026 09 16 09:53:50.331#Z#DEBUG#52171575-b1b4-11f1-bf33-eeee0a8e3dbc.OPERATION#flowable-async-job-executor-thread-13401#
[StageAppStep] Getting application guid "incident-management-db-deployer"...#
#2026 09 16 09:53:50.436#Z#DEBUG#52171575-b1b4-11f1-bf33-eeee0a8e3dbc.OPERATION#flowable-async-job-executor-thread-13401#
[StageAppStep] Getting build "a7a5c3d4-d673-4e4a-a0aa-dd368c9babd2"...#
#2026 09 16 09:53:50.460#Z#DEBUG#52171575-b1b4-11f1-bf33-eeee0a8e3dbc.OPERATION#flowable-async-job-executor-thread-13401#
[StageAppStep] Binding droplet "7eba24ef-fa12-4c92-a729-ec158a3e41bb" to application "027cc582-38ad-4b77-9ea4-3df5d0ff7569"...#
#2026 09 16 09:53:50.507#Z#INFO#52171575-b1b4-11f1-bf33-eeee0a8e3dbc.OPERATION#flowable-async-job-executor-thread-13401#
[StageAppStep] Application "incident-management-db-deployer" staged#
#2026 09 16 09:53:50.515#Z#DEBUG#52171575-b1b4-11f1-bf33-eeee0a8e3dbc.OPERATION#flowable-async-job-executor-thread-13401#
Step "Stage App" finished#
#2026 09 16 09:53:50.606#Z#DEBUG#52171575-b1b4-11f1-bf33-eeee0a8e3dbc.OPERATION#flowable-async-job-executor-thread-13401#
[PrepareToExecuteTasksStep] Executing task "prepareToExecuteTasksTask" of process "84d0505f-b1b4-11f1-8fe4-eeee0a80bcf5"...#
#2026 09 16 09:53:50.608#Z#DEBUG#52171575-b1b4-11f1-bf33-eeee0a8e3dbc.OPERATION#flowable-async-job-executor-thread-13401#
Step "Prepare To Execute Tasks" finished#
#2026 09 16 09:53:50.527#Z#DEBUG#52171575-b1b4-11f1-bf33-eeee0a8e3dbc.OPERATION#flowable-async-job-executor-thread-12430#
[RestartAppStep] Executing task "startAppTask" of process "686d01e2-b1b4-11f1-9a6f-eeee0a885f50"...#
#2026 09 16 09:53:50.531#Z#DEBUG#52171575-b1b4-11f1-bf33-eeee0a8e3dbc.OPERATION#flowable-async-job-executor-thread-12430#
[RestartAppStep] Application start timeout is default one: 3,600 seconds#
#2026 09 16 09:53:50.533#Z#DEBUG#52171575-b1b4-11f1-bf33-eeee0a8e3dbc.OPERATION#flowable-async-job-executor-thread-12430#
[RestartAppStep] Getting application "incident-management-srv"...#
#2026 09 16 09:53:50.564#Z#INFO#52171575-b1b4-11f1-bf33-eeee0a8e3dbc.OPERATION#flowable-async-job-executor-thread-12430#
[RestartAppStep] Starting application "incident-management-srv"...#
#2026 09 16 09:53:50.569#Z#DEBUG#52171575-b1b4-11f1-bf33-eeee0a8e3dbc.OPERATION#flowable-async-job-executor-thread-12430#
[RestartAppStep] Starting application "incident-management-srv"...#
#2026 09 16 09:53:50.848#Z#DEBUG#52171575-b1b4-11f1-bf33-eeee0a8e3dbc.OPERATION#flowable-async-job-executor-thread-12430#
Step "Start App" finished#
#2026 09 16 09:53:50.639#Z#DEBUG#52171575-b1b4-11f1-bf33-eeee0a8e3dbc.OPERATION#flowable-async-job-executor-thread-13401#
[ExecuteTaskStep] Executing task "executeTaskTask" of process "84d0505f-b1b4-11f1-8fe4-eeee0a80bcf5"...#
#2026 09 16 09:53:50.642#Z#DEBUG#52171575-b1b4-11f1-bf33-eeee0a8e3dbc.OPERATION#flowable-async-job-executor-thread-13401#
[ExecuteTaskStep] Application task execution timeout is default one: 43,200 seconds#
#2026 09 16 09:53:50.644#Z#INFO#52171575-b1b4-11f1-bf33-eeee0a8e3dbc.OPERATION#flowable-async-job-executor-thread-13401#
[ExecuteTaskStep] Executing task "deploy" on application "incident-management-db-deployer"...#
#2026 09 16 09:53:50.649#Z#DEBUG#52171575-b1b4-11f1-bf33-eeee0a8e3dbc.OPERATION#flowable-async-job-executor-thread-13401#
[ExecuteTaskStep] Running task on application "incident-management-db-deployer": {
  "name" : "deploy",
  "command" : "npm start",
  "limits" : {
    "memory" : 256
  }
}#
#2026 09 16 09:53:50.995#Z#DEBUG#52171575-b1b4-11f1-bf33-eeee0a8e3dbc.OPERATION#flowable-async-job-executor-thread-13401#
Step "Execute Task" finished#
#2026 09 16 09:54:00.312#Z#DEBUG#52171575-b1b4-11f1-bf33-eeee0a8e3dbc.OPERATION#flowable-async-job-executor-thread-12441#
[ExecuteTaskStep] Executing task "executeTaskTask" of process "84d0505f-b1b4-11f1-8fe4-eeee0a80bcf5"...#
#2026 09 16 09:54:00.318#Z#DEBUG#52171575-b1b4-11f1-bf33-eeee0a8e3dbc.OPERATION#flowable-async-job-executor-thread-12441#
[ExecuteTaskStep] Application task execution timeout is default one: 43,200 seconds#
#2026 09 16 09:54:00.320#Z#DEBUG#52171575-b1b4-11f1-bf33-eeee0a8e3dbc.OPERATION#flowable-async-job-executor-thread-12441#
[ExecuteTaskStep] Getting task "65fd2f72-ed88-4d1b-ac9a-4326ea320a3c"...#
#2026 09 16 09:54:00.353#Z#DEBUG#52171575-b1b4-11f1-bf33-eeee0a8e3dbc.OPERATION#flowable-async-job-executor-thread-12441#
[ExecuteTaskStep] Task execution status: running#
#2026 09 16 09:54:00.355#Z#DEBUG#52171575-b1b4-11f1-bf33-eeee0a8e3dbc.OPERATION#flowable-async-job-executor-thread-12441#
[ExecuteTaskStep] Getting application guid "incident-management-db-deployer"...#
#2026 09 16 09:54:00.460#Z#DEBUG#52171575-b1b4-11f1-bf33-eeee0a8e3dbc.OPERATION#flowable-async-job-executor-thread-12441#
Step "Execute Task" finished#
#2026 09 16 09:54:00.374#Z#DEBUG#52171575-b1b4-11f1-bf33-eeee0a8e3dbc.OPERATION#flowable-async-job-executor-thread-15211#
[RestartAppStep] Executing task "startAppTask" of process "84fbf36d-b1b4-11f1-9a6f-eeee0a885f50"...#
#2026 09 16 09:54:00.377#Z#DEBUG#52171575-b1b4-11f1-bf33-eeee0a8e3dbc.OPERATION#flowable-async-job-executor-thread-15211#
[RestartAppStep] Application start timeout is default one: 3,600 seconds#
#2026 09 16 09:54:00.378#Z#DEBUG#52171575-b1b4-11f1-bf33-eeee0a8e3dbc.OPERATION#flowable-async-job-executor-thread-15211#
[RestartAppStep] Checking status of application "incident-management-srv"...#
#2026 09 16 09:54:00.378#Z#DEBUG#52171575-b1b4-11f1-bf33-eeee0a8e3dbc.OPERATION#flowable-async-job-executor-thread-15211#
[RestartAppStep] Getting application "incident-management-srv"...#
#2026 09 16 09:54:00.414#Z#DEBUG#52171575-b1b4-11f1-bf33-eeee0a8e3dbc.OPERATION#flowable-async-job-executor-thread-15211#
[RestartAppStep] Getting instances for application "incident-management-srv"...#
#2026 09 16 09:54:00.460#Z#DEBUG#52171575-b1b4-11f1-bf33-eeee0a8e3dbc.OPERATION#flowable-async-job-executor-thread-15211#
[RestartAppStep] Application "incident-management-srv": 1 of 1 instances running (1 running)#
#2026 09 16 09:54:00.526#Z#DEBUG#52171575-b1b4-11f1-bf33-eeee0a8e3dbc.OPERATION#flowable-async-job-executor-thread-15211#
[RestartAppStep] Getting routes for application "3aa583c2-6c70-4dd2-8a10-7716453168c8"...#
#2026 09 16 09:54:00.556#Z#INFO#52171575-b1b4-11f1-bf33-eeee0a8e3dbc.OPERATION#flowable-async-job-executor-thread-15211#
[RestartAppStep] Application "incident-management-srv" started and available at "f6fb8b98trial-dev-incident-management-srv.cfapps.us10-001.hana.ondemand.com"#
#2026 09 16 09:54:00.563#Z#DEBUG#52171575-b1b4-11f1-bf33-eeee0a8e3dbc.OPERATION#flowable-async-job-executor-thread-15211#
Step "Start App" finished#
#2026 09 16 09:54:10.383#Z#DEBUG#52171575-b1b4-11f1-bf33-eeee0a8e3dbc.OPERATION#flowable-async-job-executor-thread-15218#
[RestartAppStep] Executing task "startAppTask" of process "8ac63075-b1b4-11f1-bf33-eeee0a8e3dbc"...#
#2026 09 16 09:54:10.390#Z#DEBUG#52171575-b1b4-11f1-bf33-eeee0a8e3dbc.OPERATION#flowable-async-job-executor-thread-15218#
[RestartAppStep] Application start timeout is default one: 3,600 seconds#
#2026 09 16 09:54:10.393#Z#DEBUG#52171575-b1b4-11f1-bf33-eeee0a8e3dbc.OPERATION#flowable-async-job-executor-thread-15218#
Step "Start App" finished#
#2026 09 16 09:54:10.455#Z#DEBUG#52171575-b1b4-11f1-bf33-eeee0a8e3dbc.OPERATION#flowable-async-job-executor-thread-15220#
[ExecuteTaskStep] Executing task "executeTaskTask" of process "84d0505f-b1b4-11f1-8fe4-eeee0a80bcf5"...#
#2026 09 16 09:54:10.457#Z#DEBUG#52171575-b1b4-11f1-bf33-eeee0a8e3dbc.OPERATION#flowable-async-job-executor-thread-15220#
[ExecuteTaskStep] Application task execution timeout is default one: 43,200 seconds#
#2026 09 16 09:54:10.459#Z#DEBUG#52171575-b1b4-11f1-bf33-eeee0a8e3dbc.OPERATION#flowable-async-job-executor-thread-15220#
[ExecuteTaskStep] Getting task "65fd2f72-ed88-4d1b-ac9a-4326ea320a3c"...#
#2026 09 16 09:54:10.490#Z#DEBUG#52171575-b1b4-11f1-bf33-eeee0a8e3dbc.OPERATION#flowable-async-job-executor-thread-15220#
[ExecuteTaskStep] Task execution status: succeeded#
#2026 09 16 09:54:10.490#Z#DEBUG#52171575-b1b4-11f1-bf33-eeee0a8e3dbc.OPERATION#flowable-async-job-executor-thread-15220#
[ExecuteTaskStep] Getting application guid "incident-management-db-deployer"...#
#2026 09 16 09:54:10.591#Z#DEBUG#52171575-b1b4-11f1-bf33-eeee0a8e3dbc.OPERATION#flowable-async-job-executor-thread-15220#
Step "Execute Task" finished#
#2026 09 16 09:54:10.669#Z#DEBUG#52171575-b1b4-11f1-bf33-eeee0a8e3dbc.OPERATION#flowable-async-job-executor-thread-15218#
[IncrementIndexStep] Executing task "incrementTaskIndexTask" of process "84d0505f-b1b4-11f1-8fe4-eeee0a80bcf5"...#
#2026 09 16 09:54:10.671#Z#DEBUG#52171575-b1b4-11f1-bf33-eeee0a8e3dbc.OPERATION#flowable-async-job-executor-thread-15218#
Step "Increment Task Index" finished#
#2026 09 16 09:54:10.712#Z#DEBUG#52171575-b1b4-11f1-bf33-eeee0a8e3dbc.OPERATION#flowable-async-job-executor-thread-15220#
[PrepareToExecuteTasksStep] Executing task "prepareToExecuteTasksTask" of process "90cb0624-b1b4-11f1-bf33-eeee0a8e3dbc"...#
#2026 09 16 09:54:10.715#Z#DEBUG#52171575-b1b4-11f1-bf33-eeee0a8e3dbc.OPERATION#flowable-async-job-executor-thread-15220#
Step "Prepare To Execute Tasks" finished#
#2026 09 16 09:54:10.769#Z#DEBUG#52171575-b1b4-11f1-bf33-eeee0a8e3dbc.OPERATION#flowable-async-job-executor-thread-15218#
[PublishConfigurationEntriesStep] Executing task "publishProvidedDependenciesTask" of process "66c2117d-b1b4-11f1-8fe4-eeee0a80bcf5"...#
#2026 09 16 09:54:10.773#Z#DEBUG#52171575-b1b4-11f1-bf33-eeee0a8e3dbc.OPERATION#flowable-async-job-executor-thread-15218#
[PublishConfigurationEntriesStep] Publishing public provided dependencies for application "incident-management-db-deployer"...#
#2026 09 16 09:54:10.776#Z#DEBUG#52171575-b1b4-11f1-bf33-eeee0a8e3dbc.OPERATION#flowable-async-job-executor-thread-15218#
[PublishConfigurationEntriesStep] No public provided dependencies for publishing#
#2026 09 16 09:54:10.776#Z#DEBUG#52171575-b1b4-11f1-bf33-eeee0a8e3dbc.OPERATION#flowable-async-job-executor-thread-15218#
Step "Publish Provided Dependencies" finished#
#2026 09 16 09:54:10.815#Z#DEBUG#52171575-b1b4-11f1-bf33-eeee0a8e3dbc.OPERATION#flowable-async-job-executor-thread-15220#
[PublishConfigurationEntriesStep] Executing task "publishProvidedDependenciesTask" of process "90a2962e-b1b4-11f1-bf33-eeee0a8e3dbc"...#
#2026 09 16 09:54:10.816#Z#DEBUG#52171575-b1b4-11f1-bf33-eeee0a8e3dbc.OPERATION#flowable-async-job-executor-thread-15220#
[PublishConfigurationEntriesStep] Publishing public provided dependencies for application "incident-management-srv"...#
#2026 09 16 09:54:10.817#Z#DEBUG#52171575-b1b4-11f1-bf33-eeee0a8e3dbc.OPERATION#flowable-async-job-executor-thread-15220#
[PublishConfigurationEntriesStep] No public provided dependencies for publishing#
#2026 09 16 09:54:10.817#Z#DEBUG#52171575-b1b4-11f1-bf33-eeee0a8e3dbc.OPERATION#flowable-async-job-executor-thread-15220#
Step "Publish Provided Dependencies" finished#
#2026 09 16 09:54:10.817#Z#DEBUG#52171575-b1b4-11f1-bf33-eeee0a8e3dbc.OPERATION#flowable-async-job-executor-thread-15218#
[CreateOrUpdateServiceBrokerStep] Executing task "createOrUpdateServiceBrokerTask" of process "66c2117d-b1b4-11f1-8fe4-eeee0a80bcf5"...#
#2026 09 16 09:54:10.820#Z#DEBUG#52171575-b1b4-11f1-bf33-eeee0a8e3dbc.OPERATION#flowable-async-job-executor-thread-15218#
[CreateOrUpdateServiceBrokerStep] Creating service brokers...#
#2026 09 16 09:54:10.821#Z#DEBUG#52171575-b1b4-11f1-bf33-eeee0a8e3dbc.OPERATION#flowable-async-job-executor-thread-15218#
Step "Create Or Update Service Broker " finished#
#2026 09 16 09:54:10.865#Z#DEBUG#52171575-b1b4-11f1-bf33-eeee0a8e3dbc.OPERATION#flowable-async-job-executor-thread-15220#
[CreateOrUpdateServiceBrokerStep] Executing task "createOrUpdateServiceBrokerTask" of process "90a2962e-b1b4-11f1-bf33-eeee0a8e3dbc"...#
#2026 09 16 09:54:10.867#Z#DEBUG#52171575-b1b4-11f1-bf33-eeee0a8e3dbc.OPERATION#flowable-async-job-executor-thread-15220#
[CreateOrUpdateServiceBrokerStep] Creating service brokers...#
#2026 09 16 09:54:10.868#Z#DEBUG#52171575-b1b4-11f1-bf33-eeee0a8e3dbc.OPERATION#flowable-async-job-executor-thread-15220#
Step "Create Or Update Service Broker " finished#
#2026 09 16 09:54:12.384#Z#DEBUG#52171575-b1b4-11f1-bf33-eeee0a8e3dbc.OPERATION#flowable-async-job-executor-thread-12450#
[CreateSubscriptionsStep] Executing task "createSubscriptionsTask" of process "91b65093-b1b4-11f1-9a6f-eeee0a885f50"...#
#2026 09 16 09:54:12.403#Z#DEBUG#52171575-b1b4-11f1-bf33-eeee0a8e3dbc.OPERATION#flowable-async-job-executor-thread-12450#
[CreateSubscriptionsStep] Creating subscriptions...#
#2026 09 16 09:54:12.411#Z#DEBUG#52171575-b1b4-11f1-bf33-eeee0a8e3dbc.OPERATION#flowable-async-job-executor-thread-12450#
[CreateSubscriptionsStep] Subscriptions created#
#2026 09 16 09:54:12.411#Z#DEBUG#52171575-b1b4-11f1-bf33-eeee0a8e3dbc.OPERATION#flowable-async-job-executor-thread-12450#
Step "Create Subscriptions" finished#
#2026 09 16 09:54:12.450#Z#DEBUG#52171575-b1b4-11f1-bf33-eeee0a8e3dbc.OPERATION#flowable-async-job-executor-thread-12450#
[DeleteSubscriptionsStep] Executing task "deleteSubscriptionsTask" of process "91b65093-b1b4-11f1-9a6f-eeee0a885f50"...#
#2026 09 16 09:54:12.451#Z#DEBUG#52171575-b1b4-11f1-bf33-eeee0a8e3dbc.OPERATION#flowable-async-job-executor-thread-12450#
[DeleteSubscriptionsStep] Deleting discontinued subscriptions...#
#2026 09 16 09:54:12.454#Z#DEBUG#52171575-b1b4-11f1-bf33-eeee0a8e3dbc.OPERATION#flowable-async-job-executor-thread-12450#
[DeleteSubscriptionsStep] Subscriptions to delete: [ ]#
#2026 09 16 09:54:12.454#Z#DEBUG#52171575-b1b4-11f1-bf33-eeee0a8e3dbc.OPERATION#flowable-async-job-executor-thread-12450#
[DeleteSubscriptionsStep] Deleted discontinued subscriptions#
#2026 09 16 09:54:12.454#Z#DEBUG#52171575-b1b4-11f1-bf33-eeee0a8e3dbc.OPERATION#flowable-async-job-executor-thread-12450#
Step "Delete Subscriptions" finished#
#2026 09 16 09:54:12.489#Z#DEBUG#52171575-b1b4-11f1-bf33-eeee0a8e3dbc.OPERATION#flowable-async-job-executor-thread-12450#
[DeleteDiscontinuedConfigurationEntriesStep] Executing task "deleteDiscontinuedConfigurationEntriesTask" of process "91b65093-b1b4-11f1-9a6f-eeee0a885f50"...#
#2026 09 16 09:54:12.490#Z#DEBUG#52171575-b1b4-11f1-bf33-eeee0a8e3dbc.OPERATION#flowable-async-job-executor-thread-12450#
[DeleteDiscontinuedConfigurationEntriesStep] Deleting discontinued published dependencies...#
#2026 09 16 09:54:12.566#Z#DEBUG#52171575-b1b4-11f1-bf33-eeee0a8e3dbc.OPERATION#flowable-async-job-executor-thread-12450#
[DeleteDiscontinuedConfigurationEntriesStep] Deleted entries: [ ]#
#2026 09 16 09:54:12.567#Z#DEBUG#52171575-b1b4-11f1-bf33-eeee0a8e3dbc.OPERATION#flowable-async-job-executor-thread-12450#
[DeleteDiscontinuedConfigurationEntriesStep] Discontinued published dependencies deleted#
#2026 09 16 09:54:12.567#Z#DEBUG#52171575-b1b4-11f1-bf33-eeee0a8e3dbc.OPERATION#flowable-async-job-executor-thread-12450#
Step "Delete Discontinued Configuration Entries" finished#
#2026 09 16 09:54:12.576#Z#WARN#52171575-b1b4-11f1-bf33-eeee0a8e3dbc.OPERATION#flowable-async-job-executor-thread-12450#
[DoNotDeleteServicesListener] Skipping deletion of services, because the command line option "--delete-services" is not specified.#
#2026 09 16 09:54:12.624#Z#DEBUG#52171575-b1b4-11f1-bf33-eeee0a8e3dbc.OPERATION#flowable-async-job-executor-thread-12450#
[DetachServicesFromMtaStep] Executing task "detachServicesFromMtaTask" of process "91ee77b8-b1b4-11f1-9a6f-eeee0a885f50"...#
#2026 09 16 09:54:12.625#Z#DEBUG#52171575-b1b4-11f1-bf33-eeee0a8e3dbc.OPERATION#flowable-async-job-executor-thread-12450#
[DetachServicesFromMtaStep] Detaching services from MTA...#
#2026 09 16 09:54:12.627#Z#DEBUG#52171575-b1b4-11f1-bf33-eeee0a8e3dbc.OPERATION#flowable-async-job-executor-thread-12450#
[DetachServicesFromMtaStep] Getting service instances without auxiliary content by names []...#
#2026 09 16 09:54:12.627#Z#DEBUG#52171575-b1b4-11f1-bf33-eeee0a8e3dbc.OPERATION#flowable-async-job-executor-thread-12450#
[DetachServicesFromMtaStep] Detached services from MTA#
#2026 09 16 09:54:12.627#Z#DEBUG#52171575-b1b4-11f1-bf33-eeee0a8e3dbc.OPERATION#flowable-async-job-executor-thread-12450#
Step "Detach Services from MTA" finished#
#2026 09 16 09:54:12.661#Z#DEBUG#52171575-b1b4-11f1-bf33-eeee0a8e3dbc.OPERATION#flowable-async-job-executor-thread-12450#
[UpdateSubscribersStep] Executing task "updateSubscribersTask" of process "91ee77b8-b1b4-11f1-9a6f-eeee0a885f50"...#
#2026 09 16 09:54:12.662#Z#DEBUG#52171575-b1b4-11f1-bf33-eeee0a8e3dbc.OPERATION#flowable-async-job-executor-thread-12450#
[UpdateSubscribersStep] Updating subscribers...#
#2026 09 16 09:54:12.793#Z#DEBUG#52171575-b1b4-11f1-bf33-eeee0a8e3dbc.OPERATION#flowable-async-job-executor-thread-12450#
[UpdateSubscribersStep] Subscribers updated#
#2026 09 16 09:54:12.793#Z#DEBUG#52171575-b1b4-11f1-bf33-eeee0a8e3dbc.OPERATION#flowable-async-job-executor-thread-12450#
Step "Update Subscribers" finished#
#2026 09 16 09:54:12.829#Z#DEBUG#52171575-b1b4-11f1-bf33-eeee0a8e3dbc.OPERATION#flowable-async-job-executor-thread-12450#
[RestartSubscribersStep] Executing task "restartSubscribersTask" of process "91ee77b8-b1b4-11f1-9a6f-eeee0a885f50"...#
#2026 09 16 09:54:12.831#Z#DEBUG#52171575-b1b4-11f1-bf33-eeee0a8e3dbc.OPERATION#flowable-async-job-executor-thread-12450#
Step "Restart Subscribers" finished#
#2026 09 16 09:54:12.860#Z#DEBUG#52171575-b1b4-11f1-bf33-eeee0a8e3dbc.OPERATION#flowable-async-job-executor-thread-12450#
[PrepareToRestartServiceBrokerSubscribersStep] Executing task "prepareToRestartServiceBrokerSubscribersTask" of process "91ee77b8-b1b4-11f1-9a6f-eeee0a885f50"...#
#2026 09 16 09:54:12.864#Z#DEBUG#52171575-b1b4-11f1-bf33-eeee0a8e3dbc.OPERATION#flowable-async-job-executor-thread-12450#
Step "Prepare To Restart Service Brokers Subscribers" finished#
